episode,epsilon,total_reward,steps,reached_target,max_abs_q_change,Q_A_E,Q_B_C,Q_B_D,Q_B_F,Q_D_B,Q_D_C,Q_D_E,Q_E_A,Q_E_D,Q_E_F,Q_F_B,Q_F_E
1,0.4,95,6,1,20,-0.36,20,0,0,-0.2,0,0,-0.236,-0.2,0,0,0
2,0.399974997916,96,5,1,20,-0.488,20,0,0,-0.2,20,0,-0.236,-0.36,-0.2,0,-0.236
3,0.399949995833,96,5,1,16,-0.73712,20,0,0,-0.2,36,0,-0.501552,3.112,-0.2,0,-0.236
4,0.399924993749,98,3,1,12.8,-0.229536,20,0,0,-0.2,48.8,0,-0.501552,8.7696,-0.2,0,-0.236
5,0.399899991666,98,3,1,10.24,1.1948992,20,0,0,-0.2,59.04,0,-0.501552,15.59968,-0.2,0,-0.236
6,0.399874989582,98,3,1,8.192,3.56386176,20,0,0,-0.2,67.232,0,-0.501552,22.906944,-0.2,0,-0.236
7,0.399849987499,98,3,1,7.3203712,6.774339328,20,0,0,-0.2,73.7856,0,-0.501552,30.2273152,-0.2,0,-0.236
8,0.399824985415,98,3,1,7.03594496,10.6603881984,20,0,0,-0.2,79.02848,0,-0.501552,37.26326016,-0.2,0,-0.236
9,0.399799983332,96,5,1,11.8304538624,15.0356973875,20,0,0,-0.2,83.222784,7.69043221504,-0.501552,49.0937140224,-0.2,0,-0.236
10,0.399774981248,97,4,1,16,20.665426434,36,0,0,3.24,83.222784,7.69043221504,-0.501552,54.0550723379,-0.2,0,-0.236
11,0.399749979165,95,6,1,12.8,26.0622541681,48.8,0,0.9304,3.24,83.222784,7.69043221504,-0.501552,54.0550723379,-0.36,11.304,-0.236
12,0.399724977081,95,6,1,10.24,33.833686105,59.04,0,0.9304,11.176,83.222784,7.69043221504,4.86710734395,58.0241589903,-0.36,11.304,-0.236
13,0.399699974998,98,3,1,3.47761139725,37.3112975023,59.04,0,0.9304,11.176,86.5782272,7.69043221504,4.86710734395,61.1994283123,-0.36,11.304,-0.236
14,0.399674972914,98,3,1,3.35363759575,40.664935098,59.04,0,0.9304,11.176,89.26258176,7.69043221504,4.86710734395,64.3436235458,-0.36,11.304,-0.236
15,0.399649970831,96,5,1,6.73106258821,46.5128924916,59.04,0,0.9304,11.176,91.410065408,7.69043221504,11.5981699322,67.3421635535,-0.36,11.304,-0.236
16,0.399624968747,97,4,1,8.192,49.1319034329,67.232,0,0.9304,19.368,91.410065408,7.69043221504,11.5981699322,70.1275426162,-0.36,11.304,-0.236
17,0.399599966664,98,3,1,2.59657698434,51.7284804172,67.232,0,0.9304,19.368,93.1280523264,7.69043221504,11.5981699322,72.3558458664,-0.36,11.304,-0.236
18,0.39957496458,98,3,1,2.47835617251,54.2068365897,67.232,0,0.9304,19.368,94.5024418611,7.69043221504,11.5981699322,74.4477261119,-0.36,11.304,-0.236
19,0.399549962497,98,3,1,2.35922338219,56.5660599719,67.232,0,0.9304,19.368,95.6019534889,7.69043221504,11.5981699322,76.3686204245,-0.36,11.304,-0.236
20,0.399524960413,98,3,1,2.23313968202,58.799199654,67.232,0,0.9304,19.368,96.4815627911,7.69043221504,11.5981699322,78.1032479676,-0.36,11.304,-0.236
21,0.39949995833,97,4,1,8.02816,60.8979443573,73.7856,0,0.9304,27.39616,96.4815627911,7.69043221504,11.5981699322,79.6492796765,-0.36,11.304,-0.236
22,0.399474956246,90,11,1,22.295104608,67.2190529589,73.7856,0,0.9304,27.39616,97.1852502329,20.5118446799,33.8932745402,81.8755653373,-0.36,11.304,-0.236
23,0.399449954163,98,3,1,1.09379116893,68.3128441278,73.7856,0,0.9304,27.39616,97.7482001863,20.5118446799,33.8932745402,82.7937973117,-0.36,11.304,-0.236
24,0.399424952079,97,4,1,10.820608,69.3531588184,79.02848,0,0.9304,27.39616,97.7482001863,20.5118446799,33.8932745402,82.7937973117,1.54672,22.124608,-0.236
25,0.399399949996,98,3,1,0.835916571189,70.1854105708,79.02848,0,0.9304,27.39616,98.1985601491,20.5118446799,33.8932745402,83.6297138829,1.54672,22.124608,-0.236
26,0.399374947912,97,4,1,9.6002048,71.0016769556,83.222784,0,0.9304,27.39616,98.1985601491,20.5118446799,33.8932745402,83.6297138829,5.01980544,31.7248128,-0.236
27,0.399349945829,98,3,1,0.749798050244,71.6546900634,83.222784,0,0.9304,27.39616,98.5588481192,20.5118446799,33.8932745402,84.3795119332,5.01980544,31.7248128,-0.236
28,0.399324943745,96,5,1,11.0055874615,72.3120641987,83.222784,0,0.9304,27.39616,98.8470784954,31.5174321413,33.8932745402,85.5759544279,5.01980544,31.7248128,-0.236
29,0.399299941662,98,3,1,0.74125895728,73.053323156,83.222784,0,0.9304,27.39616,99.0776627963,31.5174321413,33.8932745402,86.0532376715,5.01980544,31.7248128,-0.236
30,0.399274939578,94,7,1,9.06229607102,74.3515755438,83.222784,0,0.9304,27.39616,99.2621302371,40.5797282124,40.1864230671,86.8152348557,5.01980544,31.7248128,-0.236
31,0.399249937495,98,3,1,0.556427165274,74.9080027091,83.222784,0,0.9304,27.39616,99.4097041896,40.5797282124,40.1864230671,87.1193713273,5.01980544,31.7248128,-0.236
32,0.399224935411,98,3,1,0.499886297093,75.4078890062,83.222784,0,0.9304,27.39616,99.5277633517,40.5797282124,40.1864230671,87.3892438159,5.01980544,31.7248128,-0.236
33,0.399199933328,95,6,1,9.30086912,75.8563750918,86.5782272,0,0.9304,36.69702912,99.5277633517,48.036533212,40.1864230671,87.8161113682,5.01980544,31.7248128,-0.236
34,0.399174931244,98,3,1,0.435625027909,76.2920001197,86.5782272,0,0.9304,36.69702912,99.6222106814,48.036533212,40.1864230671,87.9678864978,5.01980544,31.7248128,-0.236
35,0.399149929161,98,3,1,0.375819545669,76.6678196654,86.5782272,0,0.9304,36.69702912,99.6977685451,48.036533212,40.1864230671,88.1063071209,5.01980544,31.7248128,-0.236
36,0.399124927077,97,4,1,8.044675072,76.9933910141,89.26258176,0,0.9304,44.741704192,99.6977685451,48.036533212,40.1864230671,88.2306440348,5.01980544,31.7248128,-0.236
37,0.399099924994,98,3,1,0.28283772346,77.2762287375,89.26258176,0,0.9304,44.741704192,99.7582148361,48.036533212,40.1864230671,88.330113566,5.01980544,31.7248128,-0.236
38,0.39907492291,98,3,1,0.244174694374,77.5204034319,89.26258176,0,0.9304,44.741704192,99.8065718689,48.036533212,40.1864230671,88.4205695233,5.01980544,31.7248128,-0.236
39,0.399049920827,96,5,1,5.75447993332,77.901322722,89.26258176,0,0.9304,44.741704192,99.8452574951,48.036533212,45.9409030005,88.501638555,5.01980544,31.7248128,-0.236
40,0.399024918743,97,4,1,9.5223021568,78.0513531175,91.410065408,0,0.9304,44.741704192,99.8452574951,48.036533212,45.9409030005,88.501638555,9.526310656,41.2471149568,-0.236
41,0.39899991666,94,7,1,6.13591565237,78.267396887,91.410065408,0,0.9304,44.741704192,99.8762059961,54.1724488644,50.6235703385,88.6309121036,9.526310656,41.2471149568,-0.236
42,0.398974914576,98,3,1,0.10008480125,78.3674816883,91.410065408,0,0.9304,44.741704192,99.9009647969,54.1724488644,50.6235703385,88.6824467622,9.526310656,41.2471149568,-0.236
43,0.398949912493,98,3,1,0.0893440795423,78.4568257678,91.410065408,0,0.9304,44.741704192,99.9207718375,54.1724488644,50.6235703385,88.7281310732,9.526310656,41.2471149568,-0.236
44,0.398924910409,89,12,1,15.8254838821,78.6585102494,93.1280523264,0,7.96880069222,52.047175127,99.9207718375,54.1724488644,57.4963954351,88.7682437893,14.845529217,49.2515037389,15.5894838821
45,0.398899908326,96,5,1,4.94957034032,78.7050920816,93.1280523264,0,7.96880069222,52.047175127,99.93661747,59.1220192047,57.4963954351,88.8260061005,14.845529217,49.2515037389,15.5894838821
46,0.398874906242,97,4,1,6.71274867098,78.7527547633,94.5024418611,0,7.96880069222,52.047175127,99.93661747,59.1220192047,57.4963954351,88.8260061005,20.5416940466,55.9642524099,15.5894838821
47,0.398849904159,98,3,1,0.0381301454215,78.7908849088,94.5024418611,0,7.96880069222,52.047175127,99.949293976,59.1220192047,57.4963954351,88.849396025,20.5416940466,55.9642524099,15.5894838821
48,0.398824902075,95,6,1,10.1116602955,78.8255992115,95.6019534889,0,17.2597720171,52.047175127,99.949293976,59.1220192047,57.4963954351,88.849396025,26.3069206711,66.0759127053,15.5894838821
49,0.398799899992,96,5,1,2.49432763064,78.8755878075,95.6019534889,0,17.2597720171,52.047175127,99.9594351808,59.1220192047,59.9907230658,88.8703897357,26.3069206711,66.0759127053,15.5894838821
50,0.398774897908,98,3,1,0.0215525909287,78.8971403984,95.6019534889,0,17.2597720171,52.047175127,99.9675481446,59.1220192047,59.9907230658,88.8890101211,26.3069206711,66.0759127053,15.5894838821
51,0.398749895825,98,3,1,0.0205937421163,78.9177341405,95.6019534889,0,17.2597720171,52.047175127,99.9740385157,59.1220192047,59.9907230658,88.9053667629,26.3069206711,66.0759127053,15.5894838821
52,0.398724893741,98,3,1,0.0194191892202,78.9371533297,95.6019534889,0,17.2597720171,52.047175127,99.9792308126,59.1220192047,59.9907230658,88.9196203431,26.3069206711,66.0759127053,15.5894838821
53,0.398699891658,93,8,1,6.43228015274,78.9719558682,96.4815627911,0,17.2597720171,52.047175127,99.9792308126,63.1053677715,62.0045242312,88.9319578208,32.7392008238,69.8690817922,15.5894838821
54,0.398674889574,98,3,1,0.0133612341043,78.9853171023,96.4815627911,0,17.2597720171,52.047175127,99.9833846501,63.1053677715,62.0045242312,88.9418278029,32.7392008238,69.8690817922,15.5894838821
55,0.398649887491,98,3,1,0.0124655840625,78.9977826863,96.4815627911,0,17.2597720171,52.047175127,99.98670772,63.1053677715,62.0045242312,88.9504714793,32.7392008238,69.8690817922,15.5894838821
56,0.398624885407,98,3,1,0.0115283290078,79.0093110154,96.4815627911,0,17.2597720171,52.047175127,99.989366176,63.1053677715,62.0045242312,88.9579845731,32.7392008238,69.8690817922,15.5894838821
57,0.398599883324,98,3,1,0.0105750200802,79.0198860354,96.4815627911,0,17.2597720171,52.047175127,99.9914929408,63.1053677715,62.0045242312,88.9644735701,32.7392008238,69.8690817922,15.5894838821
58,0.39857488124,96,5,1,1.62440768653,79.0372164994,96.4815627911,0,17.2597720171,52.047175127,99.9931943527,63.1053677715,63.6289319177,88.9700475855,32.7392008238,69.8690817922,15.5894838821
59,0.398549879157,96,5,1,3.19439279504,79.0443817649,96.4815627911,0,17.2597720171,52.047175127,99.9945554821,66.2997605665,63.6289319177,88.978625425,32.7392008238,69.8690817922,15.5894838821
60,0.398524877073,98,3,1,0.00727622351106,79.0516579884,96.4815627911,0,17.2597720171,52.047175127,99.9956443857,66.2997605665,63.6289319177,88.9819203267,32.7392008238,69.8690817922,15.5894838821
61,0.39849987499,98,3,1,0.00641406113145,79.0580720495,96.4815627911,0,17.2597720171,52.047175127,99.9965155086,66.2997605665,63.6289319177,88.9847522508,32.7392008238,69.8690817922,15.5894838821
62,0.398474872906,98,3,1,0.00564099523905,79.0637130448,96.4815627911,0,17.2597720171,52.047175127,99.9972124069,66.2997605665,63.6289319177,88.9871745922,32.7392008238,69.8690817922,15.5894838821
63,0.398449870823,98,3,1,0.00494881763899,79.0686618624,96.4815627911,0,17.2597720171,52.047175127,99.9977699255,66.2997605665,63.6289319177,88.989237907,32.7392008238,69.8690817922,15.5894838821
64,0.398424868739,96,5,1,1.30735223283,79.0764566738,96.4815627911,0,17.2597720171,52.047175127,99.9982159404,66.2997605665,64.9362841506,88.9909889122,32.7392008238,69.8690817922,15.5894838821
65,0.398399866656,98,3,1,0.00308666942908,79.0795433432,96.4815627911,0,17.2597720171,52.047175127,99.9985727523,66.2997605665,64.9362841506,88.992469999,32.7392008238,69.8690817922,15.5894838821
66,0.398374864572,98,3,1,0.00273593117318,79.0822792744,96.4815627911,0,17.2597720171,52.047175127,99.9988582018,66.2997605665,64.9362841506,88.9937190946,32.7392008238,69.8690817922,15.5894838821
67,0.398349862489,94,7,1,2.55910644206,79.0868128406,96.4815627911,0,17.2597720171,52.047175127,99.9990865615,68.8588670086,65.9842720346,88.995610278,32.7392008238,69.8690817922,15.5894838821
68,0.398324860405,98,3,1,0.00184728190841,79.0886601225,96.4815627911,0,17.2597720171,52.047175127,99.9992692492,68.8588670086,65.9842720346,88.9963238034,32.7392008238,69.8690817922,15.5894838821
69,0.398299858322,96,5,1,17.7998684649,79.0902663826,96.4815627911,17.7998684649,17.2597720171,52.047175127,99.9994153993,68.8588670086,65.9842720346,88.9963238034,38.5677953817,73.0619467362,15.5894838821
70,0.398274856238,98,3,1,0.00128500808964,79.0915513907,96.4815627911,17.7998684649,17.2597720171,52.047175127,99.9995323195,68.8588670086,65.9842720346,88.9969538146,38.5677953817,73.0619467362,15.5894838821
71,0.398249854155,98,3,1,0.0011414084869,79.0926927992,96.4815627911,17.7998684649,17.2597720171,52.047175127,99.9996258556,68.8588670086,65.9842720346,88.9974788692,38.5677953817,73.0619467362,15.5894838821
72,0.398224852071,98,3,1,0.00100763661391,79.0937004358,96.4815627911,17.7998684649,17.2597720171,52.047175127,99.9997006845,68.8588670086,65.9842720346,88.9979157494,38.5677953817,73.0619467362,15.5894838821
73,0.398199849987,98,3,1,0.000884747720434,79.0945851836,96.4815627911,17.7998684649,17.2597720171,52.047175127,99.9997605476,68.8588670086,65.9842720346,88.9982787227,38.5677953817,73.0619467362,15.5894838821
74,0.398174847904,98,3,1,0.000773133375631,79.0953583169,96.4815627911,17.7998684649,17.2597720171,52.047175127,99.9998084381,68.8588670086,65.9842720346,88.9985798767,38.5677953817,73.0619467362,15.5894838821
75,0.39814984582,98,3,1,0.00067271442461,79.0960310314,96.4815627911,17.7998684649,17.2597720171,52.047175127,99.9998467504,68.8588670086,65.9842720346,88.9988294202,38.5677953817,73.0619467362,15.5894838821
76,0.398124843737,98,3,1,0.000583089370693,79.0966141207,96.4815627911,17.7998684649,17.2597720171,52.047175127,99.9998774004,68.8588670086,65.9842720346,88.9990359513,38.5677953817,73.0619467362,15.5894838821
77,0.398099841653,96,5,1,2.04808380304,79.0971177678,96.4815627911,17.7998684649,17.2597720171,52.047175127,99.9999019203,70.9069508116,65.9842720346,88.9993432865,38.5677953817,73.0619467362,15.5894838821
78,0.39807483957,94,7,1,12.7019850152,79.0979425962,96.4815627911,17.7998684649,17.2597720171,52.047175127,99.9999215362,70.9069508116,66.8249813088,88.9994569749,43.8053867178,73.0619467362,28.2914688972
79,0.398049837486,97,4,1,4.19007306895,79.0982563325,97.1852502329,17.7998684649,17.2597720171,52.047175127,99.9999215362,70.9069508116,66.8249813088,88.9994569749,47.9954597868,75.6162386914,28.2914688972
80,0.398024835403,97,4,1,3.81183100709,79.0985073214,97.7482001863,17.7998684649,17.2597720171,52.047175127,99.9999215362,70.9069508116,66.8249813088,88.9994569749,51.8072907939,77.786335995,28.2914688972
81,0.397999833319,93,8,1,6.98524100813,79.0989972519,98.1985601491,17.7998684649,17.2597720171,59.0324161352,99.9999215362,70.9069508116,68.03599838,88.9995514564,51.8072907939,77.786335995,28.2914688972
82,0.397974831236,92,9,1,1.63854270517,79.0992895927,98.1985601491,17.7998684649,17.2597720171,59.0324161352,99.999937229,72.5454935168,68.8111701448,88.9996875098,51.8072907939,77.786335995,28.2914688972
83,0.397949829152,98,3,1,8.58332414424e-05,79.0993754259,98.1985601491,17.7998684649,17.2597720171,59.0324161352,99.9999497832,72.5454935168,68.8111701448,88.9997387091,51.8072907939,77.786335995,28.2914688972
84,0.397924827069,97,4,1,3.44008232033,79.0994533084,98.5588481192,17.7998684649,17.2597720171,59.0324161352,99.9999497832,72.5454935168,68.8111701448,88.9997387091,55.2473731142,79.7048096228,28.2914688972
85,0.397899824985,98,3,1,6.23059662104e-05,79.0995156143,98.5588481192,17.7998684649,17.2597720171,59.0324161352,99.9999598265,72.5454935168,68.8111701448,88.9997819282,55.2473731142,79.7048096228,28.2914688972
86,0.397874822902,97,4,1,3.09739110927,79.0995732385,98.8470784954,17.7998684649,17.2597720171,59.0324161352,99.9999598265,72.5454935168,68.8111701448,88.9997819282,58.3447642235,81.3044403597,28.2914688972
87,0.397849820818,98,3,1,4.60993766751e-05,79.0996193379,98.8470784954,17.7998684649,17.2597720171,59.0324161352,99.9999678612,72.5454935168,68.8111701448,88.9998183114,58.3447642235,81.3044403597,28.2914688972
88,0.397824818735,98,3,1,4.34284645934e-05,79.0996627664,98.8470784954,17.7998684649,17.2597720171,59.0324161352,99.999974289,72.5454935168,68.8111701448,88.9998488641,58.3447642235,81.3044403597,28.2914688972
89,0.397799816651,98,3,1,4.02422662376e-05,79.0997030086,98.8470784954,17.7998684649,17.2597720171,59.0324161352,99.9999794312,72.5454935168,68.8111701448,88.9998744633,58.3447642235,81.3044403597,28.2914688972
90,0.397774814568,98,3,1,3.68016678181e-05,79.0997398103,98.8470784954,17.7998684649,17.2597720171,59.0324161352,99.999983545,72.5454935168,68.8111701448,88.9998958683,58.3447642235,81.3044403597,28.2914688972
91,0.397749812484,98,3,1,3.3294225446e-05,79.0997731045,98.8470784954,17.7998684649,17.2597720171,59.0324161352,99.999986836,72.5454935168,68.8111701448,88.9999137327,58.3447642235,81.3044403597,28.2914688972
92,0.397724810401,97,4,1,2.76584642006,79.0998029555,99.0776627963,17.7998684649,17.2597720171,59.0324161352,99.999986836,72.5454935168,68.8111701448,88.9999137327,61.1106106435,82.636026417,28.2914688972
93,0.397699808317,98,3,1,2.38807833455e-05,79.0998268363,99.0776627963,17.7998684649,17.2597720171,59.0324161352,99.9999894688,72.5454935168,68.8111701448,88.9999286166,61.1106106435,82.636026417,28.2914688972
94,0.397674806234,98,3,1,2.17837344394e-05,79.09984862,99.0776627963,17.7998684649,17.2597720171,59.0324161352,99.999991575,72.5454935168,68.8111701448,88.9999409977,61.1106106435,82.636026417,28.2914688972
95,0.39764980415,96,5,1,0.275742260659,79.0998840001,99.0776627963,17.7998684649,17.2597720171,59.0324161352,99.99999326,72.5454935168,69.0869124054,88.9999512817,61.1106106435,82.636026417,28.2914688972
96,0.397624802067,97,4,1,5.8274960763,79.0998984308,99.2621302371,17.7998684649,17.2597720171,64.8599122115,99.99999326,72.5454935168,69.0869124054,88.9999598121,61.1106106435,82.636026417,28.2914688972
97,0.397599799983,98,3,1,1.30800310814e-05,79.0999115108,99.2621302371,17.7998684649,17.2597720171,64.8599122115,99.999994608,72.5454935168,69.0869124054,88.9999666365,61.1106106435,82.636026417,28.2914688972
98,0.3975747979,96,5,1,1.3108963176,79.0999232032,99.2621302371,17.7998684649,17.2597720171,64.8599122115,99.9999956864,73.8563898344,69.0869124054,88.9999769004,61.1106106435,82.636026417,28.2914688972
99,0.397549795816,98,3,1,1.12014239448e-05,79.0999344046,99.2621302371,17.7998684649,17.2597720171,64.8599122115,99.9999965491,73.8563898344,69.0869124054,88.9999807438,61.1106106435,82.636026417,28.2914688972
100,0.397524793733,98,3,1,9.6529659146e-06,79.0999440576,99.2621302371,17.7998684649,17.2597720171,64.8599122115,99.9999972393,73.8563898344,69.0869124054,88.9999839739,61.1106106435,82.636026417,28.2914688972
101,0.397499791649,98,3,1,8.30378620265e-06,79.0999523614,99.2621302371,17.7998684649,17.2597720171,64.8599122115,99.9999977914,73.8563898344,69.0869124054,88.9999866822,61.1106106435,82.636026417,28.2914688972
102,0.397474789566,96,5,1,1.0487200438,79.0999594919,99.2621302371,17.7998684649,17.2597720171,64.8599122115,99.9999982332,74.9051098782,69.0869124054,88.999990761,61.1106106435,82.636026417,28.2914688972
103,0.397449787482,96,5,1,14.240025989,79.0999659305,99.2621302371,32.0398944538,17.2597720171,64.8599122115,99.9999985865,74.9051098782,69.0869124054,88.999990761,63.5629732699,83.7760045762,28.2914688972
104,0.397424785399,96,5,1,0.838976648155,79.0999710814,99.2621302371,32.0398944538,17.2597720171,64.8599122115,99.9999988692,75.7440865263,69.0869124054,88.9999936291,63.5629732699,83.7760045762,28.2914688972
105,0.397399783315,94,7,1,1.2081272874,79.0999757184,99.2621302371,32.0398944538,17.2597720171,64.8599122115,99.9999990954,76.9522138137,69.0869124054,88.9999962415,63.5629732699,83.7760045762,28.2914688972
106,0.397374781232,98,3,1,4.17979225631e-06,79.0999798981,99.2621302371,32.0398944538,17.2597720171,64.8599122115,99.9999992763,76.9522138137,69.0869124054,88.9999968303,63.5629732699,83.7760045762,28.2914688972
107,0.397349779148,98,3,1,3.44983141076e-06,79.099983348,99.2621302371,32.0398944538,17.2597720171,64.8599122115,99.999999421,76.9522138137,69.0869124054,88.999997334,63.5629732699,83.7760045762,28.2914688972
108,0.397324777065,98,3,1,2.8505252061e-06,79.0999861985,99.2621302371,32.0398944538,17.2597720171,64.8599122115,99.9999995368,76.9522138137,69.0869124054,88.999997763,63.5629732699,83.7760045762,28.2914688972
109,0.397299774981,98,3,1,2.35763779699e-06,79.0999885561,99.2621302371,32.0398944538,17.2597720171,64.8599122115,99.9999996295,76.9522138137,69.0869124054,88.999998127,63.5629732699,83.7760045762,28.2914688972
110,0.397274772898,98,3,1,1.95163600836e-06,79.0999905078,99.2621302371,32.0398944538,17.2597720171,64.8599122115,99.9999997036,76.9522138137,69.0869124054,88.9999984349,63.5629732699,83.7760045762,28.2914688972
111,0.397249770814,98,3,1,1.61673074217e-06,79.0999921245,99.2621302371,32.0398944538,17.2597720171,64.8599122115,99.9999997629,76.9522138137,69.0869124054,88.9999986946,63.5629732699,83.7760045762,28.2914688972
112,0.397224768731,98,3,1,1.34012321951e-06,79.0999934646,99.2621302371,32.0398944538,17.2597720171,64.8599122115,99.9999998103,76.9522138137,69.0869124054,88.999998913,63.5629732699,83.7760045762,28.2914688972
113,0.397199766647,96,5,1,0.220616542604,79.0999954652,99.2621302371,32.0398944538,17.2597720171,64.8599122115,99.9999998482,76.9522138137,69.307528948,88.9999990962,63.5629732699,83.7760045762,28.2914688972
114,0.397174764564,98,3,1,7.44288684018e-07,79.0999962095,99.2621302371,32.0398944538,17.2597720171,64.8599122115,99.9999998786,76.9522138137,69.307528948,88.9999992497,63.5629732699,83.7760045762,28.2914688972
115,0.39714976248,98,3,1,6.23049160708e-07,79.0999968325,99.2621302371,32.0398944538,17.2597720171,64.8599122115,99.9999999029,76.9522138137,69.307528948,88.9999993779,63.5629732699,83.7760045762,28.2914688972
116,0.397124760397,98,3,1,5.21517378615e-07,79.099997354,99.2621302371,32.0398944538,17.2597720171,64.8599122115,99.9999999223,76.9522138137,69.307528948,88.9999994848,63.5629732699,83.7760045762,28.2914688972
117,0.397099758313,98,3,1,4.36463110987e-07,79.0999977905,99.2621302371,32.0398944538,17.2597720171,64.8599122115,99.9999999378,76.9522138137,69.307528948,88.9999995739,63.5629732699,83.7760045762,28.2914688972
118,0.39707475623,97,4,1,2.16708616975,79.0999981557,99.4097041896,32.0398944538,17.2597720171,64.8599122115,99.9999999378,76.9522138137,69.307528948,88.9999995739,65.7300594396,84.6879871037,28.2914688972
119,0.397049754146,98,3,1,2.92159427318e-07,79.0999984478,99.4097041896,32.0398944538,17.2597720171,64.8599122115,99.9999999503,76.9522138137,69.307528948,88.9999996479,65.7300594396,84.6879871037,28.2914688972
120,0.397024752063,96,5,1,0.176493975478,79.0999988925,99.4097041896,32.0398944538,17.2597720171,64.8599122115,99.9999999602,76.9522138137,69.4840229235,88.9999997094,65.7300594396,84.6879871037,28.2914688972
121,0.396999749979,98,3,1,1.69178733245e-07,79.0999990617,99.4097041896,32.0398944538,17.2597720171,64.8599122115,99.9999999682,76.9522138137,69.4840229235,88.9999997603,65.7300594396,84.6879871037,28.2914688972
122,0.396974747896,97,4,1,1.89782579073,79.0999992062,99.5277633517,32.0398944538,17.2597720171,64.8599122115,99.9999999682,76.9522138137,69.4840229235,88.9999997603,67.6278852304,85.4441364371,28.2914688972
123,0.396949745812,98,3,1,1.15613218554e-07,79.0999993218,99.5277633517,32.0398944538,17.2597720171,64.8599122115,99.9999999745,76.9522138137,69.4840229235,88.9999998025,67.6278852304,85.4441364371,28.2914688972
124,0.396924743729,98,3,1,1.00087220289e-07,79.0999994219,99.5277633517,32.0398944538,17.2597720171,64.8599122115,99.9999999796,76.9522138137,69.4840229235,88.9999998374,67.6278852304,85.4441364371,28.2914688972
125,0.396899741645,98,3,1,8.63533387019e-08,79.0999995083,99.5277633517,32.0398944538,17.2597720171,64.8599122115,99.9999999837,76.9522138137,69.4840229235,88.9999998663,67.6278852304,85.4441364371,28.2914688972
126,0.396874739562,96,5,1,10.1617061965,79.0999995826,99.5277633517,32.0398944538,17.2597720171,64.8599122115,99.999999987,76.9522138137,69.4840229235,88.9999998901,69.282252743,85.4441364371,38.4531750937
127,0.396849737478,98,3,1,6.37051016383e-08,79.0999996463,99.5277633517,32.0398944538,17.2597720171,64.8599122115,99.9999999896,76.9522138137,69.4840229235,88.9999999097,69.282252743,85.4441364371,38.4531750937
128,0.396824735395,98,3,1,5.44980736095e-08,79.0999997008,99.5277633517,32.0398944538,17.2597720171,64.8599122115,99.9999999917,76.9522138137,69.4840229235,88.9999999259,69.282252743,85.4441364371,38.4531750937
129,0.396799733311,97,4,1,4.74301496101,79.0999997473,99.6222106814,32.0398944538,17.2597720171,69.6029271725,99.9999999917,76.9522138137,69.4840229235,88.9999999392,69.282252743,85.4441364371,38.4531750937
130,0.396774731228,98,3,1,3.96050126028e-08,79.0999997869,99.6222106814,32.0398944538,17.2597720171,69.6029271725,99.9999999933,76.9522138137,69.4840229235,88.9999999499,69.282252743,85.4441364371,38.4531750937
131,0.396749729144,98,3,1,3.36015517632e-08,79.0999998205,99.6222106814,32.0398944538,17.2597720171,69.6029271725,99.9999999947,76.9522138137,69.4840229235,88.9999999587,69.282252743,85.4441364371,38.4531750937
132,0.396724727061,98,3,1,2.84693300046e-08,79.099999849,99.6222106814,32.0398944538,17.2597720171,69.6029271725,99.9999999957,76.9522138137,69.4840229235,88.999999966,69.282252743,85.4441364371,38.4531750937
133,0.396699724977,98,3,1,2.408918931e-08,79.099999873,99.6222106814,32.0398944538,17.2597720171,69.6029271725,99.9999999966,76.9522138137,69.4840229235,88.999999972,69.282252743,85.4441364371,38.4531750937
134,0.396674722894,97,4,1,3.81141248815,79.0999998934,99.6977685451,32.0398944538,17.2597720171,73.4143396606,99.9999999966,76.9522138137,69.4840229235,88.999999977,69.282252743,85.4441364371,38.4531750937
135,0.39664972081,95,6,1,1.32349401008,79.0999999243,99.7582148361,32.0398944538,17.2597720171,73.4143396606,99.9999999966,76.9522138137,69.6252183227,88.999999977,70.605746753,86.1009074878,38.4531750937
136,0.396624718727,97,4,1,3.07361073837,79.0999999353,99.8065718689,32.0398944538,17.2597720171,76.487950399,99.9999999966,76.9522138137,69.6252183227,88.999999981,70.605746753,86.1009074878,38.4531750937
137,0.396599716643,98,3,1,9.51395406901e-09,79.0999999448,99.8065718689,32.0398944538,17.2597720171,76.487950399,99.9999999973,76.9522138137,69.6252183227,88.9999999842,70.605746753,86.1009074878,38.4531750937
138,0.39657471456,96,5,1,11.3920211087,79.099999953,99.8065718689,43.4319155626,17.2597720171,78.9555432556,99.9999999978,76.9522138137,69.6252183227,88.9999999869,70.605746753,86.1009074878,38.4531750937
139,0.396549712476,98,3,1,7.02874558556e-09,79.0999999601,99.8065718689,43.4319155626,17.2597720171,78.9555432556,99.9999999983,76.9522138137,69.6252183227,88.9999999891,70.605746753,86.1009074878,38.4531750937
140,0.396524710393,98,3,1,6.02548766437e-09,79.0999999661,99.8065718689,43.4319155626,17.2597720171,78.9555432556,99.9999999986,76.9522138137,69.6252183227,88.999999991,70.605746753,86.1009074878,38.4531750937
141,0.396499708309,98,3,1,5.15656495281e-09,79.0999999712,99.8065718689,43.4319155626,17.2597720171,78.9555432556,99.9999999989,76.9522138137,69.6252183227,88.9999999925,70.605746753,86.1009074878,38.4531750937
142,0.396474706226,96,5,1,0.112956331074,79.0999999792,99.8065718689,43.4319155626,17.2597720171,78.9555432556,99.9999999991,76.9522138137,69.7381746538,88.9999999938,70.605746753,86.1009074878,38.4531750937
143,0.396449704142,95,6,1,1.17701399719,79.0999999822,99.8452574951,43.4319155626,17.2597720171,78.9555432556,99.9999999991,77.3817710501,69.7381746538,88.9999999949,71.7827607502,86.6459089266,38.4531750937
144,0.396424702059,98,3,1,2.63615618223e-09,79.0999999849,99.8452574951,43.4319155626,17.2597720171,78.9555432556,99.9999999993,77.3817710501,69.7381746538,88.9999999957,71.7827607502,86.6459089266,38.4531750937
145,0.396399699975,97,4,1,1.981037698,79.0999999871,99.8762059961,43.4319155626,17.2597720171,80.9365809536,99.9999999993,77.3817710501,69.7381746538,88.9999999965,71.7827607502,86.6459089266,38.4531750937
146,0.396374697891,98,3,1,1.94111748897e-09,79.0999999891,99.8762059961,43.4319155626,17.2597720171,80.9365809536,99.9999999994,77.3817710501,69.7381746538,88.999999997,71.7827607502,86.6459089266,38.4531750937
147,0.396349695808,97,4,1,1.03971145674,79.0999999907,99.9009647969,43.4319155626,17.2597720171,80.9365809536,99.9999999994,77.3817710501,69.7381746538,88.999999997,72.822472207,87.0944442206,38.4531750937
148,0.396324693724,97,4,1,0.91250551831,79.099999992,99.9207718375,43.4319155626,17.2597720171,80.9365809536,99.9999999994,77.3817710501,69.7381746538,88.999999997,73.7349777253,87.4577290399,38.4531750937
149,0.396299691641,98,3,1,1.06035713543e-09,79.0999999931,99.9207718375,43.4319155626,17.2597720171,80.9365809536,99.9999999995,77.3817710501,69.7381746538,88.9999999975,73.7349777253,87.4577290399,38.4531750937
150,0.396274689557,98,3,1,9.3606900009e-10,79.099999994,99.9207718375,43.4319155626,17.2597720171,80.9365809536,99.9999999996,77.3817710501,69.7381746538,88.9999999979,73.7349777253,87.4577290399,38.4531750937
151,0.396249687474,98,3,1,8.22794277155e-10,79.0999999949,99.9207718375,43.4319155626,17.2597720171,80.9365809536,99.9999999997,77.3817710501,69.7381746538,88.9999999983,73.7349777253,87.4577290399,38.4531750937
152,0.39622468539,94,7,1,0.618562421553,79.0999999956,99.9207718375,43.4319155626,17.2597720171,80.9365809536,99.9999999998,78.0003334716,69.7381746538,88.999999999,73.7349777253,87.4577290399,38.4531750937
153,0.396199683307,98,3,1,7.03352043274e-10,79.0999999963,99.9207718375,43.4319155626,17.2597720171,80.9365809536,99.9999999998,78.0003334716,69.7381746538,88.9999999992,73.7349777253,87.4577290399,38.4531750937
154,0.396174681223,98,3,1,5.91242610426e-10,79.0999999969,99.9207718375,43.4319155626,17.2597720171,80.9365809536,99.9999999998,78.0003334716,69.7381746538,88.9999999993,73.7349777253,87.4577290399,38.4531750937
155,0.39614967914,98,3,1,4.97365704177e-10,79.0999999974,99.9207718375,43.4319155626,17.2597720171,80.9365809536,99.9999999999,78.0003334716,69.7381746538,88.9999999994,73.7349777253,87.4577290399,38.4531750937
156,0.396124677056,96,5,1,9.11361688746,79.0999999978,99.9207718375,52.54553245,17.2597720171,80.9365809536,99.9999999999,78.0003334716,69.7381746538,88.9999999994,74.5303734074,87.7519221627,38.4531750937
157,0.396099674973,98,3,1,3.34893002218e-10,79.0999999981,99.9207718375,52.54553245,17.2597720171,80.9365809536,99.9999999999,78.0003334716,69.7381746538,88.9999999995,74.5303734074,87.7519221627,38.4531750937
158,0.396074672889,98,3,1,2.86235035674e-10,79.0999999984,99.9207718375,52.54553245,17.2597720171,80.9365809536,99.9999999999,78.0003334716,69.7381746538,88.9999999996,74.5303734074,87.7519221627,38.4531750937
159,0.396049670806,94,7,1,0.219933305613,79.0999999989,99.9207718375,52.54553245,17.2597720171,80.9365809536,100,78.2202667772,69.8285397228,88.9999999997,74.5303734074,87.7519221627,38.4531750937
160,0.396024668722,92,9,1,12.1433915859,79.099999999,99.9207718375,59.83642596,29.403163603,82.5350036936,100,78.3962134218,69.8285397228,88.9999999998,74.5303734074,87.9872766609,38.4531750937
161,0.395999666639,97,4,1,0.731635117477,79.0999999992,99.93661747,59.83642596,29.403163603,82.5350036936,100,78.3962134218,69.8285397228,88.9999999998,75.2620085249,88.1755602595,38.4531750937
162,0.395974664555,94,7,1,0.14075731562,79.0999999994,99.93661747,59.83642596,29.403163603,82.5350036936,100,78.5369707374,69.9008317781,88.9999999999,75.2620085249,88.1755602595,38.4531750937
163,0.395949662472,94,7,1,5.83271480799,79.0999999996,99.93661747,65.669140768,29.403163603,83.8165940995,100,78.5369707374,69.9586654224,88.9999999999,75.2620085249,88.1755602595,38.4531750937
164,0.395924660388,98,3,1,6.19877482677e-11,79.0999999996,99.93661747,65.669140768,29.403163603,83.8165940995,100,78.5369707374,69.9586654224,88.9999999999,75.2620085249,88.1755602595,38.4531750937
165,0.395899658305,98,3,1,5.29638555236e-11,79.0999999997,99.93661747,65.669140768,29.403163603,83.8165940995,100,78.5369707374,69.9586654224,88.9999999999,75.2620085249,88.1755602595,38.4531750937
166,0.395874656221,98,3,1,4.52331505585e-11,79.0999999997,99.93661747,65.669140768,29.403163603,83.8165940995,100,78.5369707374,69.9586654224,88.9999999999,75.2620085249,88.1755602595,38.4531750937
167,0.395849654138,97,4,1,0.619199141725,79.0999999998,99.949293976,65.669140768,29.403163603,83.8165940995,100,78.5369707374,69.9586654224,88.9999999999,75.8812076666,88.3290393522,38.4531750937
168,0.395824652054,98,3,1,3.08801872961e-11,79.0999999998,99.949293976,65.669140768,29.403163603,83.8165940995,100,78.5369707374,69.9586654224,88.9999999999,75.8812076666,88.3290393522,38.4531750937
169,0.395799649971,89,12,1,24.059123166,79.0999999999,99.9594351808,65.669140768,53.462286769,83.8165940995,100,78.5369707374,70.0049323379,88.9999999999,76.4041932167,88.6982313657,38.4531750937
170,0.395774647887,98,3,1,1.71240799318e-11,79.0999999999,99.9594351808,65.669140768,53.462286769,83.8165940995,100,78.5369707374,70.0049323379,89,76.4041932167,88.6982313657,38.4531750937
171,0.395749645804,98,3,1,1.54045665113e-11,79.0999999999,99.9594351808,65.669140768,53.462286769,83.8165940995,100,78.5369707374,70.0049323379,89,76.4041932167,88.6982313657,38.4531750937
172,0.39572464372,98,3,1,1.3770318219e-11,79.0999999999,99.9594351808,65.669140768,53.462286769,83.8165940995,100,78.5369707374,70.0049323379,89,76.4041932167,88.6982313657,38.4531750937
173,0.395699641637,98,3,1,1.22213350551e-11,79.0999999999,99.9594351808,65.669140768,53.462286769,83.8165940995,100,78.5369707374,70.0049323379,89,76.4041932167,88.6982313657,38.4531750937
174,0.395674639553,98,3,1,1.07860387288e-11,79.0999999999,99.9594351808,65.669140768,53.462286769,83.8165940995,100,78.5369707374,70.0049323379,89,76.4041932167,88.6982313657,38.4531750937
175,0.39564963747,96,5,1,4.6661718464,79.0999999999,99.9594351808,70.3353126144,53.462286769,84.8459736121,100,78.5369707374,70.0049323379,89,76.4041932167,88.6982313657,38.4531750937
176,0.395624635386,98,3,1,8.27071744425e-12,79.1,99.9594351808,70.3353126144,53.462286769,84.8459736121,100,78.5369707374,70.0049323379,89,76.4041932167,88.6982313657,38.4531750937
177,0.395599633303,98,3,1,7.19069248589e-12,79.1,99.9594351808,70.3353126144,53.462286769,84.8459736121,100,78.5369707374,70.0049323379,89,76.4041932167,88.6982313657,38.4531750937
178,0.395574631219,98,3,1,6.23856521997e-12,79.1,99.9594351808,70.3353126144,53.462286769,84.8459736121,100,78.5369707374,70.0049323379,89,76.4041932167,88.6982313657,38.4531750937
179,0.395549629136,92,9,1,8.12936498125,79.1,99.9594351808,70.3353126144,53.462286769,84.8459736121,100,78.6495765899,70.0419458703,89,76.8890362192,88.6982313657,46.582540075
180,0.395524627052,98,3,1,4.05009359383e-12,79.1,99.9594351808,70.3353126144,53.462286769,84.8459736121,100,78.6495765899,70.0419458703,89,76.8890362192,88.6982313657,46.582540075
181,0.395499624969,98,3,1,3.45323769579e-12,79.1,99.9594351808,70.3353126144,53.462286769,84.8459736121,100,78.6495765899,70.0419458703,89,76.8890362192,88.6982313657,46.582540075
182,0.395474622885,97,4,1,0.823503610115,79.1,99.9675481446,70.3353126144,53.462286769,85.6694772223,100,78.6495765899,70.0419458703,89,76.8890362192,88.6982313657,46.582540075
183,0.395449620802,96,5,1,0.0296108259368,79.1,99.9675481446,70.3353126144,53.462286769,85.6694772223,100,78.6495765899,70.0715566962,89,76.8890362192,88.6982313657,46.582540075
184,0.395424618718,98,3,1,1.73372427525e-12,79.1,99.9675481446,70.3353126144,53.462286769,85.6694772223,100,78.6495765899,70.0715566962,89,76.8890362192,88.6982313657,46.582540075
185,0.395399616635,94,7,1,0.162152427636,79.1,99.9675481446,70.3353126144,53.462286769,85.6694772223,100,78.8117290175,70.0715566962,89,76.8890362192,88.6982313657,46.582540075
186,0.395374614551,98,3,1,1.39266376209e-12,79.1,99.9675481446,70.3353126144,53.462286769,85.6694772223,100,78.8117290175,70.0715566962,89,76.8890362192,88.6982313657,46.582540075
187,0.395349612468,96,5,1,3.73293747712,79.1,99.9675481446,74.0682500915,53.462286769,85.6694772223,100,78.8117290175,70.0715566962,89,77.2769106212,88.7527437586,46.582540075
188,0.395324610384,98,3,1,9.23705556488e-13,79.1,99.9675481446,74.0682500915,53.462286769,85.6694772223,100,78.8117290175,70.0715566962,89,77.2769106212,88.7527437586,46.582540075
189,0.395299608301,96,5,1,0.0236886607512,79.1,99.9675481446,74.0682500915,53.462286769,85.6694772223,100,78.8117290175,70.095245357,89,77.2769106212,88.7527437586,46.582540075
190,0.395274606217,96,5,1,6.50349198501,79.1,99.9675481446,74.0682500915,53.462286769,85.6694772223,100,78.8117290175,70.095245357,89,77.5970223735,88.7527437586,53.08603206
191,0.395249604134,98,3,1,4.54747350886e-13,79.1,99.9675481446,74.0682500915,53.462286769,85.6694772223,100,78.8117290175,70.095245357,89,77.5970223735,88.7527437586,53.08603206
192,0.39522460205,94,7,1,0.0576541964932,79.1,99.9675481446,74.0682500915,53.462286769,85.6694772223,100,78.869383214,70.1141962856,89,77.5970223735,88.7527437586,53.08603206
193,0.395199599967,98,3,1,2.84217094304e-13,79.1,99.9675481446,74.0682500915,53.462286769,85.6694772223,100,78.869383214,70.1141962856,89,77.5970223735,88.7527437586,53.08603206
194,0.395174597883,93,8,1,5.08303652275,79.1,99.9740385157,74.0682500915,58.5453232917,86.3297404438,100,78.869383214,70.1293570285,89,77.5970223735,88.7963536729,53.08603206
195,0.3951495958,95,6,1,0.26393918643,79.1,99.9792308126,74.0682500915,58.5453232917,86.3297404438,100,78.869383214,70.1414856228,89,77.8609615599,88.8324098712,53.08603206
196,0.395124593716,98,3,1,1.13686837722e-13,79.1,99.9792308126,74.0682500915,58.5453232917,86.3297404438,100,78.869383214,70.1414856228,89,77.8609615599,88.8324098712,53.08603206
197,0.395099591633,96,5,1,0.00970287544408,79.1,99.9792308126,74.0682500915,58.5453232917,86.3297404438,100,78.869383214,70.1511884982,89,77.8609615599,88.8324098712,53.08603206
198,0.395074589549,98,3,1,7.1054273576e-14,79.1,99.9792308126,74.0682500915,58.5453232917,86.3297404438,100,78.869383214,70.1511884982,89,77.8609615599,88.8324098712,53.08603206
199,0.395049587466,96,5,1,0.0461233571947,79.1,99.9792308126,74.0682500915,58.5453232917,86.3297404438,100,78.9155065712,70.1511884982,89,77.8609615599,88.8324098712,53.08603206
200,0.395024585382,98,3,1,5.68434188608e-14,79.1,99.9792308126,74.0682500915,58.5453232917,86.3297404438,100,78.9155065712,70.1511884982,89,77.8609615599,88.8324098712,53.08603206
201,0.394999583299,97,4,1,0.530313457494,79.1,99.9833846501,74.0682500915,58.5453232917,86.8600539013,100,78.9155065712,70.1511884982,89,77.8609615599,88.8324098712,53.08603206
202,0.394974581215,97,4,1,0.217641464827,79.1,99.98670772,74.0682500915,58.5453232917,86.8600539013,100,78.9155065712,70.1511884982,89,78.0786030247,88.8629371339,53.08603206
203,0.394949579132,98,3,1,2.84217094304e-14,79.1,99.98670772,74.0682500915,58.5453232917,86.8600539013,100,78.9155065712,70.1511884982,89,78.0786030247,88.8629371339,53.08603206
204,0.394924577048,98,3,1,2.84217094304e-14,79.1,99.98670772,74.0682500915,58.5453232917,86.8600539013,100,78.9155065712,70.1511884982,89,78.0786030247,88.8629371339,53.08603206
205,0.394899574965,97,4,1,0.179608079162,79.1,99.989366176,74.0682500915,58.5453232917,86.8600539013,100,78.9155065712,70.1511884982,89,78.2582111039,88.8879570968,53.08603206
206,0.394874572881,91,10,1,5.202793588,79.1,99.9914929408,74.0682500915,62.6360909108,87.2861290328,100,78.952405257,70.1511884982,89,78.4064011605,88.9084515891,58.288825648
207,0.394849570798,97,4,1,0.122241053929,79.1,99.9931943527,74.0682500915,62.6360909108,87.2861290328,100,78.952405257,70.1511884982,89,78.5286422145,88.9252300006,58.288825648
208,0.394824568714,97,4,1,0.100812957219,79.1,99.9945554821,74.0682500915,62.6360909108,87.2861290328,100,78.952405257,70.1511884982,89,78.6294551717,88.938958984,58.288825648
209,0.394799566631,98,3,1,1.42108547152e-14,79.1,99.9945554821,74.0682500915,62.6360909108,87.2861290328,100,78.952405257,70.1511884982,89,78.6294551717,88.938958984,58.288825648
210,0.394774564547,96,5,1,0.00776230035537,79.1,99.9945554821,74.0682500915,62.6360909108,87.2861290328,100,78.952405257,70.1589507986,89,78.6294551717,88.938958984,58.288825648
211,0.394749562464,98,3,1,0,79.1,99.9945554821,74.0682500915,62.6360909108,87.2861290328,100,78.952405257,70.1589507986,89,78.6294551717,88.938958984,58.288825648
212,0.39472456038,98,3,1,0,79.1,99.9945554821,74.0682500915,62.6360909108,87.2861290328,100,78.952405257,70.1589507986,89,78.6294551717,88.938958984,58.288825648
213,0.394699558297,95,6,1,0.341794180233,79.1,99.9956443857,74.0682500915,62.6360909108,87.627923213,100,78.952405257,70.1651606389,89,78.6294551717,88.938958984,58.288825648
214,0.394674556213,98,3,1,0,79.1,99.9956443857,74.0682500915,62.6360909108,87.627923213,100,78.952405257,70.1651606389,89,78.6294551717,88.938958984,58.288825648
215,0.39464955413,98,3,1,0,79.1,99.9956443857,74.0682500915,62.6360909108,87.627923213,100,78.952405257,70.1651606389,89,78.6294551717,88.938958984,58.288825648
216,0.394624552046,98,3,1,0,79.1,99.9956443857,74.0682500915,62.6360909108,87.627923213,100,78.952405257,70.1651606389,89,78.6294551717,88.938958984,58.288825648
217,0.394599549962,98,3,1,0,79.1,99.9956443857,74.0682500915,62.6360909108,87.627923213,100,78.952405257,70.1651606389,89,78.6294551717,88.938958984,58.288825648
218,0.394574547879,94,7,1,4.1622348704,79.1,99.9956443857,74.0682500915,62.6360909108,87.627923213,100,78.9819242056,70.1651606389,89,78.7125767545,88.938958984,62.4510605184
219,0.394549545795,98,3,1,0,79.1,99.9956443857,74.0682500915,62.6360909108,87.627923213,100,78.9819242056,70.1651606389,89,78.7125767545,88.938958984,62.4510605184
220,0.394524543712,98,3,1,0,79.1,99.9956443857,74.0682500915,62.6360909108,87.627923213,100,78.9819242056,70.1651606389,89,78.7125767545,88.938958984,62.4510605184
221,0.394499541628,94,7,1,3.32978789632,79.1,99.9956443857,74.0682500915,62.6360909108,87.627923213,100,79.0055393645,70.1651606389,89,78.7790740207,88.938958984,65.7808484147
222,0.394474539545,96,5,1,0.0188921271069,79.1,99.9956443857,74.0682500915,62.6360909108,87.627923213,100,79.0244314916,70.1651606389,89,78.7790740207,88.938958984,65.7808484147
223,0.394449537461,98,3,1,0,79.1,99.9956443857,74.0682500915,62.6360909108,87.627923213,100,79.0244314916,70.1651606389,89,78.7790740207,88.938958984,65.7808484147
224,0.394424535378,95,6,1,2.98634998169,79.1,99.9965155086,77.0546000732,62.6360909108,87.9015545598,100,79.0244314916,70.1651606389,89,78.8322718337,88.9503831766,65.7808484147
225,0.394399533294,98,3,1,0,79.1,99.9965155086,77.0546000732,62.6360909108,87.9015545598,100,79.0244314916,70.1651606389,89,78.8322718337,88.9503831766,65.7808484147
226,0.394374531211,98,3,1,0,79.1,99.9965155086,77.0546000732,62.6360909108,87.9015545598,100,79.0244314916,70.1651606389,89,78.8322718337,88.9503831766,65.7808484147
227,0.394349529127,98,3,1,0,79.1,99.9965155086,77.0546000732,62.6360909108,87.9015545598,100,79.0244314916,70.1651606389,89,78.8322718337,88.9503831766,65.7808484147
228,0.394324527044,98,3,1,0,79.1,99.9965155086,77.0546000732,62.6360909108,87.9015545598,100,79.0244314916,70.1651606389,89,78.8322718337,88.9503831766,65.7808484147
229,0.39429952496,98,3,1,0,79.1,99.9965155086,77.0546000732,62.6360909108,87.9015545598,100,79.0244314916,70.1651606389,89,78.8322718337,88.9503831766,65.7808484147
230,0.394274522877,97,4,1,0.0446146050562,79.1,99.9972124069,77.0546000732,62.6360909108,87.9015545598,100,79.0244314916,70.1651606389,89,78.8768864387,88.9596793328,65.7808484147
231,0.394249520793,98,3,1,0,79.1,99.9972124069,77.0546000732,62.6360909108,87.9015545598,100,79.0244314916,70.1651606389,89,78.8768864387,88.9596793328,65.7808484147
232,0.39422451871,90,11,1,5.91748256354,79.1,99.9972124069,79.4436800586,68.5535734744,87.9015545598,100,79.0395451933,70.1651606389,89,78.9142514309,88.9781315075,65.7808484147
233,0.394199516626,97,4,1,0.0332133851717,79.1,99.9977699255,79.4436800586,68.5535734744,87.9015545598,100,79.0395451933,70.1651606389,89,78.9474648161,88.9820034392,65.7808484147
234,0.394174514543,94,7,1,0.0120909613484,79.1,99.9977699255,79.4436800586,68.5535734744,87.9015545598,100,79.0516361546,70.1701285111,89,78.9474648161,88.9820034392,65.7808484147
235,0.394149512459,98,3,1,0,79.1,99.9977699255,79.4436800586,68.5535734744,87.9015545598,100,79.0516361546,70.1701285111,89,78.9474648161,88.9820034392,65.7808484147
236,0.394124510376,98,3,1,0,79.1,99.9977699255,79.4436800586,68.5535734744,87.9015545598,100,79.0516361546,70.1701285111,89,78.9474648161,88.9820034392,65.7808484147
237,0.394099508292,96,5,1,0.00967276907876,79.1,99.9977699255,79.4436800586,68.5535734744,87.9015545598,100,79.0613089237,70.1701285111,89,78.9474648161,88.9820034392,65.7808484147
238,0.394074506209,96,5,1,0.00397429778195,79.1,99.9977699255,79.4436800586,68.5535734744,87.9015545598,100,79.0613089237,70.1741028089,89,78.9474648161,88.9820034392,65.7808484147
239,0.394049504125,97,4,1,0.0272676558494,79.1,99.9982159404,79.4436800586,68.5535734744,87.9015545598,100,79.0613089237,70.1741028089,89,78.9747324719,88.985201338,65.7808484147
240,0.394024502042,96,5,1,0.00317943822556,79.1,99.9982159404,79.4436800586,68.5535734744,87.9015545598,100,79.0613089237,70.1772822471,89,78.9747324719,88.985201338,65.7808484147
241,0.393999499958,98,3,1,0,79.1,99.9982159404,79.4436800586,68.5535734744,87.9015545598,100,79.0613089237,70.1772822471,89,78.9747324719,88.985201338,65.7808484147
242,0.393974497875,98,3,1,0,79.1,99.9982159404,79.4436800586,68.5535734744,87.9015545598,100,79.0613089237,70.1772822471,89,78.9747324719,88.985201338,65.7808484147
243,0.393949495791,97,4,1,0.219367957306,79.1,99.9985727523,79.4436800586,68.5535734744,88.1209225171,100,79.0613089237,70.1772822471,89,78.9747324719,88.985201338,65.7808484147
244,0.393924493708,98,3,1,0,79.1,99.9985727523,79.4436800586,68.5535734744,88.1209225171,100,79.0613089237,70.1772822471,89,78.9747324719,88.985201338,65.7808484147
245,0.393899491624,98,3,1,0,79.1,99.9985727523,79.4436800586,68.5535734744,88.1209225171,100,79.0613089237,70.1772822471,89,78.9747324719,88.985201338,65.7808484147
246,0.393874489541,97,4,1,0.0223897464528,79.1,99.9988582018,79.4436800586,68.5535734744,88.1209225171,100,79.0613089237,70.1772822471,89,78.9971222184,88.9879041658,65.7808484147
247,0.393849487457,95,6,1,0.01839830617,79.1,99.9990865615,79.4436800586,68.5535734744,88.1209225171,100,79.0613089237,70.1798257977,89,79.0155205245,88.990117809,65.7808484147
248,0.393824485374,98,3,1,0,79.1,99.9990865615,79.4436800586,68.5535734744,88.1209225171,100,79.0613089237,70.1798257977,89,79.0155205245,88.990117809,65.7808484147
249,0.39379948329,98,3,1,0,79.1,99.9990865615,79.4436800586,68.5535734744,88.1209225171,100,79.0613089237,70.1798257977,89,79.0155205245,88.990117809,65.7808484147
250,0.393774481207,98,3,1,0,79.1,99.9990865615,79.4436800586,68.5535734744,88.1209225171,100,79.0613089237,70.1798257977,89,79.0155205245,88.990117809,65.7808484147
251,0.393749479123,96,5,1,0.00203484046436,79.1,99.9990865615,79.4436800586,68.5535734744,88.1209225171,100,79.0613089237,70.1818606381,89,79.0155205245,88.990117809,65.7808484147
252,0.39372447704,94,7,1,0.007738215263,79.1,99.9990865615,79.4436800586,68.5535734744,88.1209225171,100,79.0690471389,70.1834885105,89,79.0155205245,88.990117809,65.7808484147
253,0.393699474956,98,3,1,0,79.1,99.9990865615,79.4436800586,68.5535734744,88.1209225171,100,79.0690471389,70.1834885105,89,79.0155205245,88.990117809,65.7808484147
254,0.393674472873,95,6,1,0.175651077642,79.1,99.9992692492,79.4436800586,68.5535734744,88.2965735948,100,79.0752377112,70.1834885105,89,79.0155205245,88.990117809,65.7808484147
255,0.393649470789,96,5,1,0.00130229789718,79.1,99.9992692492,79.4436800586,68.5535734744,88.2965735948,100,79.0752377112,70.1847908084,89,79.0155205245,88.990117809,65.7808484147
256,0.393624468706,97,4,1,0.1405537459,79.1,99.9994153993,79.4436800586,68.5535734744,88.4371273407,100,79.0752377112,70.1847908084,89,79.0155205245,88.990117809,65.7808484147
257,0.393599466622,97,4,1,0.0151171007073,79.1,99.9995323195,79.4436800586,68.5535734744,88.4371273407,100,79.0752377112,70.1847908084,89,79.0306376252,88.9919890191,65.7808484147
258,0.393574464539,98,3,1,0,79.1,99.9995323195,79.4436800586,68.5535734744,88.4371273407,100,79.0752377112,70.1847908084,89,79.0306376252,88.9919890191,65.7808484147
259,0.393549462455,94,7,1,0.00891442398299,79.1,99.9995323195,79.4436800586,68.5535734744,88.4371273407,100,79.0841521351,70.1847908084,89,79.0306376252,88.9919890191,65.7808484147
260,0.393524460372,96,5,1,0.00316957297173,79.1,99.9995323195,79.4436800586,68.5535734744,88.4371273407,100,79.0873217081,70.1847908084,89,79.0306376252,88.9919890191,65.7808484147
261,0.393499458288,98,3,1,0,79.1,99.9995323195,79.4436800586,68.5535734744,88.4371273407,100,79.0873217081,70.1847908084,89,79.0306376252,88.9919890191,65.7808484147
262,0.393474456205,98,3,1,0,79.1,99.9995323195,79.4436800586,68.5535734744,88.4371273407,100,79.0873217081,70.1847908084,89,79.0306376252,88.9919890191,65.7808484147
263,0.393449454121,96,5,1,0.00104183831775,79.1,99.9995323195,79.4436800586,68.5535734744,88.4371273407,100,79.0873217081,70.1858326467,89,79.0306376252,88.9919890191,65.7808484147
264,0.393424452038,92,9,1,0.00618700644081,79.1,99.9995323195,79.4436800586,68.5535734744,88.4371273407,100,79.0935087146,70.1858326467,89,79.0306376252,88.9919890191,65.7808484147
265,0.393399449954,98,3,1,0,79.1,99.9995323195,79.4436800586,68.5535734744,88.4371273407,100,79.0935087146,70.1858326467,89,79.0306376252,88.9919890191,65.7808484147
266,0.393374447871,96,5,1,0.0008334706542,79.1,99.9995323195,79.4436800586,68.5535734744,88.4371273407,100,79.0935087146,70.1866661174,89,79.0306376252,88.9919890191,65.7808484147
267,0.393349445787,98,3,1,0,79.1,99.9995323195,79.4436800586,68.5535734744,88.4371273407,100,79.0935087146,70.1866661174,89,79.0306376252,88.9919890191,65.7808484147
268,0.393324443704,97,4,1,0.0124304983818,79.1,99.9996258556,79.4436800586,68.5535734744,88.4371273407,100,79.0935087146,70.1866661174,89,79.0430681236,88.9935070327,65.7808484147
269,0.39329944162,95,6,1,0.0102176411705,79.1,99.9997006845,79.4436800586,68.5535734744,88.4371273407,100,79.0948069716,70.1866661174,89,79.0532857648,88.9947382802,65.7808484147
270,0.393274439537,96,5,1,0.00103860567137,79.1,99.9997006845,79.4436800586,68.5535734744,88.4371273407,100,79.0958455773,70.1866661174,89,79.0532857648,88.9947382802,65.7808484147
271,0.393249437453,97,4,1,0.00839573747824,79.1,99.9997605476,79.4436800586,68.5535734744,88.4371273407,100,79.0958455773,70.1866661174,89,79.0616815023,88.9957367474,65.7808484147
272,0.39322443537,96,5,1,2.66383031706,79.1,99.9997605476,79.4436800586,68.5535734744,88.4371273407,100,79.0958455773,70.1866661174,89,79.0685778163,88.9957367474,68.4446787318
273,0.393199433286,97,4,1,0.11253143043,79.1,99.9998084381,79.4436800586,68.5535734744,88.5496587711,100,79.0958455773,70.1866661174,89,79.0685778163,88.9957367474,68.4446787318
274,0.393174431203,97,4,1,0.0900337646318,79.1,99.9998467504,79.4436800586,68.5535734744,88.6396925357,100,79.0958455773,70.1866661174,89,79.0685778163,88.9957367474,68.4446787318
275,0.393149429119,98,3,1,0,79.1,99.9998467504,79.4436800586,68.5535734744,88.6396925357,100,79.0958455773,70.1866661174,89,79.0685778163,88.9957367474,68.4446787318
276,0.393124427036,97,4,1,0.00551705125751,79.1,99.9998774004,79.4436800586,68.5535734744,88.6396925357,100,79.0958455773,70.1866661174,89,79.0740948676,88.996561813,68.4446787318
277,0.393099424952,98,3,1,0,79.1,99.9998774004,79.4436800586,68.5535734744,88.6396925357,100,79.0958455773,70.1866661174,89,79.0740948676,88.996561813,68.4446787318
278,0.393074422869,98,3,1,0,79.1,99.9998774004,79.4436800586,68.5535734744,88.6396925357,100,79.0958455773,70.1866661174,89,79.0740948676,88.996561813,68.4446787318
279,0.393049420785,98,3,1,0,79.1,99.9998774004,79.4436800586,68.5535734744,88.6396925357,100,79.0958455773,70.1866661174,89,79.0740948676,88.996561813,68.4446787318
280,0.393024418702,98,3,1,0,79.1,99.9998774004,79.4436800586,68.5535734744,88.6396925357,100,79.0958455773,70.1866661174,89,79.0740948676,88.996561813,68.4446787318
281,0.392999416618,96,5,1,0.00066677652336,79.1,99.9998774004,79.4436800586,68.5535734744,88.6396925357,100,79.0958455773,70.1873328939,89,79.0740948676,88.996561813,68.4446787318
282,0.392974414535,98,3,1,0,79.1,99.9998774004,79.4436800586,68.5535734744,88.6396925357,100,79.0958455773,70.1873328939,89,79.0740948676,88.996561813,68.4446787318
283,0.392949412451,97,4,1,0.00456215281525,79.1,99.9999019203,79.4436800586,68.5535734744,88.6396925357,100,79.0958455773,70.1873328939,89,79.0786570204,88.9972273824,68.4446787318
284,0.392924410368,98,3,1,0,79.1,99.9999019203,79.4436800586,68.5535734744,88.6396925357,100,79.0958455773,70.1873328939,89,79.0786570204,88.9972273824,68.4446787318
285,0.392899408284,98,3,1,0,79.1,99.9999019203,79.4436800586,68.5535734744,88.6396925357,100,79.0958455773,70.1873328939,89,79.0786570204,88.9972273824,68.4446787318
286,0.392874406201,98,3,1,0,79.1,99.9999019203,79.4436800586,68.5535734744,88.6396925357,100,79.0958455773,70.1873328939,89,79.0786570204,88.9972273824,68.4446787318
287,0.392849404117,96,5,1,0.000533421218691,79.1,99.9999019203,79.4436800586,68.5535734744,88.6396925357,100,79.0958455773,70.1878663151,89,79.0786570204,88.9972273824,68.4446787318
288,0.392824402034,98,3,1,0,79.1,99.9999019203,79.4436800586,68.5535734744,88.6396925357,100,79.0958455773,70.1878663151,89,79.0786570204,88.9972273824,68.4446787318
289,0.39279939995,96,5,1,0.000426736974944,79.1,99.9999019203,79.4436800586,68.5535734744,88.6396925357,100,79.0958455773,70.1882930521,89,79.0786570204,88.9972273824,68.4446787318
290,0.392774397866,98,3,1,0,79.1,99.9999019203,79.4436800586,68.5535734744,88.6396925357,100,79.0958455773,70.1882930521,89,79.0786570204,88.9972273824,68.4446787318
291,0.392749395783,96,5,1,0.000830884537095,79.1,99.9999019203,79.4436800586,68.5535734744,88.6396925357,100,79.0966764619,70.1882930521,89,79.0786570204,88.9972273824,68.4446787318
292,0.392724393699,97,4,1,0.00376952475669,79.1,99.9999215362,79.4436800586,68.5535734744,88.6396925357,100,79.0966764619,70.1882930521,89,79.0824265452,88.9977642516,68.4446787318
293,0.392699391616,96,5,1,1.91126398828,79.1,99.9999215362,81.3549440469,68.5535734744,88.6396925357,100,79.0966764619,70.1882930521,89,79.0855388014,88.9981972778,68.4446787318
294,0.392674389532,98,3,1,0,79.1,99.9999215362,81.3549440469,68.5535734744,88.6396925357,100,79.0966764619,70.1882930521,89,79.0855388014,88.9981972778,68.4446787318
295,0.392649387449,98,3,1,0,79.1,99.9999215362,81.3549440469,68.5535734744,88.6396925357,100,79.0966764619,70.1882930521,89,79.0855388014,88.9981972778,68.4446787318
296,0.392624385365,98,3,1,0,79.1,99.9999215362,81.3549440469,68.5535734744,88.6396925357,100,79.0966764619,70.1882930521,89,79.0855388014,88.9981972778,68.4446787318
297,0.392599383282,95,6,1,0.00256774971969,79.1,99.999937229,81.3549440469,68.5535734744,88.6396925357,100,79.0966764619,70.1886344417,89,79.0881065511,88.9985436988,68.4446787318
298,0.392574381198,97,4,1,0.072050194072,79.1,99.9999497832,81.3549440469,68.5535734744,88.7117427298,100,79.0966764619,70.1886344417,89,79.0881065511,88.9985436988,68.4446787318
299,0.392549379115,98,3,1,0,79.1,99.9999497832,81.3549440469,68.5535734744,88.7117427298,100,79.0966764619,70.1886344417,89,79.0881065511,88.9985436988,68.4446787318
300,0.392524377031,96,5,1,0.000273111663972,79.1,99.9999497832,81.3549440469,68.5535734744,88.7117427298,100,79.0966764619,70.1889075533,89,79.0881065511,88.9985436988,68.4446787318
301,0.392499374948,98,3,1,0,79.1,99.9999497832,81.3549440469,68.5535734744,88.7117427298,100,79.0966764619,70.1889075533,89,79.0881065511,88.9985436988,68.4446787318
302,0.392474372864,98,3,1,0,79.1,99.9999497832,81.3549440469,68.5535734744,88.7117427298,100,79.0966764619,70.1889075533,89,79.0881065511,88.9985436988,68.4446787318
303,0.392449370781,98,3,1,0,79.1,99.9999497832,81.3549440469,68.5535734744,88.7117427298,100,79.0966764619,70.1889075533,89,79.0881065511,88.9985436988,68.4446787318
304,0.392424368697,96,5,1,2.13106425365,79.1,99.9999497832,81.3549440469,68.5535734744,88.7117427298,100,79.0966764619,70.1889075533,89,79.0902231067,88.9985436988,70.5757429854
305,0.392399366614,98,3,1,0,79.1,99.9999497832,81.3549440469,68.5535734744,88.7117427298,100,79.0966764619,70.1889075533,89,79.0902231067,88.9985436988,70.5757429854
306,0.39237436453,97,4,1,0.00169324443883,79.1,99.9999598265,81.3549440469,68.5535734744,88.7117427298,100,79.0966764619,70.1889075533,89,79.0919163511,88.99882592,70.5757429854
307,0.392349362447,96,5,1,1.70485140292,79.1,99.9999598265,81.3549440469,68.5535734744,88.7117427298,100,79.0966764619,70.1889075533,89,79.0933217465,88.99882592,72.2805943883
308,0.392324360363,98,3,1,0,79.1,99.9999598265,81.3549440469,68.5535734744,88.7117427298,100,79.0966764619,70.1889075533,89,79.0933217465,88.99882592,72.2805943883
309,0.39229935828,98,3,1,0,79.1,99.9999598265,81.3549440469,68.5535734744,88.7117427298,100,79.0966764619,70.1889075533,89,79.0933217465,88.99882592,72.2805943883
310,0.392274356196,98,3,1,0,79.1,99.9999598265,81.3549440469,68.5535734744,88.7117427298,100,79.0966764619,70.1889075533,89,79.0933217465,88.99882592,72.2805943883
311,0.392249354113,98,3,1,0,79.1,99.9999598265,81.3549440469,68.5535734744,88.7117427298,100,79.0966764619,70.1889075533,89,79.0933217465,88.99882592,72.2805943883
312,0.392224352029,98,3,1,0,79.1,99.9999598265,81.3549440469,68.5535734744,88.7117427298,100,79.0966764619,70.1889075533,89,79.0933217465,88.99882592,72.2805943883
313,0.392199349946,96,5,1,1.52901119063,79.1,99.9999598265,82.8839552375,68.5535734744,88.7693869526,100,79.0966764619,70.1889075533,89,79.0933217465,88.99882592,72.2805943883
314,0.392174347862,98,3,1,0,79.1,99.9999598265,82.8839552375,68.5535734744,88.7693869526,100,79.0966764619,70.1889075533,89,79.0933217465,88.99882592,72.2805943883
315,0.392149345779,98,3,1,0,79.1,99.9999598265,82.8839552375,68.5535734744,88.7693869526,100,79.0966764619,70.1889075533,89,79.0933217465,88.99882592,72.2805943883
316,0.392124343695,98,3,1,0,79.1,99.9999598265,82.8839552375,68.5535734744,88.7693869526,100,79.0966764619,70.1889075533,89,79.0933217465,88.99882592,72.2805943883
317,0.392099341612,98,3,1,0,79.1,99.9999598265,82.8839552375,68.5535734744,88.7693869526,100,79.0966764619,70.1889075533,89,79.0933217465,88.99882592,72.2805943883
318,0.392074339528,98,3,1,0,79.1,99.9999598265,82.8839552375,68.5535734744,88.7693869526,100,79.0966764619,70.1889075533,89,79.0933217465,88.99882592,72.2805943883
319,0.392049337445,96,5,1,0.000664707629682,79.1,99.9999598265,82.8839552375,68.5535734744,88.7693869526,100,79.0973411695,70.1889075533,89,79.0933217465,88.99882592,72.2805943883
320,0.392024335361,98,3,1,0,79.1,99.9999598265,82.8839552375,68.5535734744,88.7693869526,100,79.0973411695,70.1889075533,89,79.0933217465,88.99882592,72.2805943883
321,0.391999333278,97,4,1,0.00112431629658,79.1,99.9999678612,82.8839552375,68.5535734744,88.7693869526,100,79.0973411695,70.1889075533,89,79.0944460628,88.9990535048,72.2805943883
322,0.391974331194,98,3,1,0,79.1,99.9999678612,82.8839552375,68.5535734744,88.7693869526,100,79.0973411695,70.1889075533,89,79.0944460628,88.9990535048,72.2805943883
323,0.391949329111,96,5,1,1.36388112233,79.1,99.9999678612,82.8839552375,68.5535734744,88.7693869526,100,79.0973411695,70.1889075533,89,79.0953864811,88.9990535048,73.6444755107
324,0.391924327027,98,3,1,0,79.1,99.9999678612,82.8839552375,68.5535734744,88.7693869526,100,79.0973411695,70.1889075533,89,79.0953864811,88.9990535048,73.6444755107
325,0.391899324944,98,3,1,0,79.1,99.9999678612,82.8839552375,68.5535734744,88.7693869526,100,79.0973411695,70.1889075533,89,79.0953864811,88.9990535048,73.6444755107
326,0.39187432286,98,3,1,0,79.1,99.9999678612,82.8839552375,68.5535734744,88.7693869526,100,79.0973411695,70.1889075533,89,79.0953864811,88.9990535048,73.6444755107
327,0.391849320777,97,4,1,0.0461168244998,79.1,99.999974289,82.8839552375,68.5535734744,88.8155037771,100,79.0973411695,70.1889075533,89,79.0953864811,88.9990535048,73.6444755107
328,0.391824318693,98,3,1,0,79.1,99.999974289,82.8839552375,68.5535734744,88.8155037771,100,79.0973411695,70.1889075533,89,79.0953864811,88.9990535048,73.6444755107
329,0.39179931661,98,3,1,0,79.1,99.999974289,82.8839552375,68.5535734744,88.8155037771,100,79.0973411695,70.1889075533,89,79.0953864811,88.9990535048,73.6444755107
330,0.391774314526,98,3,1,0,79.1,99.999974289,82.8839552375,68.5535734744,88.8155037771,100,79.0973411695,70.1889075533,89,79.0953864811,88.9990535048,73.6444755107
331,0.391749312443,94,7,1,0.000531766103748,79.1,99.999974289,82.8839552375,68.5535734744,88.8155037771,100,79.0978729356,70.1891260427,89,79.0953864811,88.9990535048,73.6444755107
332,0.391724310359,98,3,1,0,79.1,99.999974289,82.8839552375,68.5535734744,88.8155037771,100,79.0978729356,70.1891260427,89,79.0953864811,88.9990535048,73.6444755107
333,0.391699308276,98,3,1,0,79.1,99.999974289,82.8839552375,68.5535734744,88.8155037771,100,79.0978729356,70.1891260427,89,79.0953864811,88.9990535048,73.6444755107
334,0.391674306192,92,9,1,0.00042541288299,79.1,99.999974289,82.8839552375,68.5535734744,88.8155037771,100,79.0982983485,70.1894406673,89,79.0953864811,88.9990535048,73.6444755107
335,0.391649304109,98,3,1,0,79.1,99.999974289,82.8839552375,68.5535734744,88.8155037771,100,79.0982983485,70.1894406673,89,79.0953864811,88.9990535048,73.6444755107
336,0.391624302025,94,7,1,1.09110489787,79.1,99.999974289,82.8839552375,68.5535734744,88.8155037771,100,79.0986386788,70.1894406673,89,79.0961388157,88.9990535048,74.7355804085
337,0.391599299942,98,3,1,0,79.1,99.999974289,82.8839552375,68.5535734744,88.8155037771,100,79.0986386788,70.1894406673,89,79.0961388157,88.9990535048,74.7355804085
338,0.391574297858,95,6,1,0.000601867710685,79.1,99.9999794312,82.8839552375,68.5535734744,88.8155037771,100,79.0986386788,70.1895525338,89,79.0967406834,88.9992381758,74.7355804085
339,0.391549295775,97,4,1,0.000514734960234,79.1,99.999983545,82.8839552375,68.5535734744,88.8155037771,100,79.0986386788,70.1895525338,89,79.0972554184,88.9993868383,74.7355804085
340,0.391524293691,96,5,1,0.000272264245112,79.1,99.999983545,82.8839552375,68.5535734744,88.8155037771,100,79.098910943,70.1895525338,89,79.0972554184,88.9993868383,74.7355804085
341,0.391499291608,95,6,1,0.872883918294,79.1,99.999986836,82.8839552375,68.5535734744,88.8524000598,100,79.098910943,70.1895525338,89,79.0976939656,88.9993868383,75.6084643268
342,0.391474289524,98,3,1,0,79.1,99.999986836,82.8839552375,68.5535734744,88.8524000598,100,79.098910943,70.1895525338,89,79.0976939656,88.9993868383,75.6084643268
343,0.391449287441,95,6,1,1.2232089525,79.1,99.9999894688,84.10716419,68.5535734744,88.8819176783,100,79.098910943,70.1895525338,89,79.0980448034,88.9995071011,75.6084643268
344,0.391424285357,98,3,1,0,79.1,99.9999894688,84.10716419,68.5535734744,88.8819176783,100,79.098910943,70.1895525338,89,79.0980448034,88.9995071011,75.6084643268
345,0.391399283274,89,12,1,0.0236145687185,79.1,99.999991575,84.10716419,68.5535734744,88.905532247,100,79.0993030035,70.1897136217,89,79.0980448034,88.9995071011,75.6084643268
346,0.39137428119,98,3,1,0,79.1,99.999991575,84.10716419,68.5535734744,88.905532247,100,79.0993030035,70.1897136217,89,79.0980448034,88.9995071011,75.6084643268
347,0.391349279107,97,4,1,0.000302317520777,79.1,99.99999326,84.10716419,68.5535734744,88.905532247,100,79.0993030035,70.1897136217,89,79.0983471209,88.9996041644,75.6084643268
348,0.391324277023,98,3,1,0,79.1,99.99999326,84.10716419,68.5535734744,88.905532247,100,79.0993030035,70.1897136217,89,79.0983471209,88.9996041644,75.6084643268
349,0.39129927494,93,8,1,0.0188923373985,79.1,99.999994608,84.10716419,68.5535734744,88.9244245844,100,79.0993030035,70.1898167179,89,79.0983471209,88.9996041644,75.6084643268
350,0.391274272856,98,3,1,0,79.1,99.999994608,84.10716419,68.5535734744,88.9244245844,100,79.0993030035,70.1898167179,89,79.0983471209,88.9996041644,75.6084643268
351,0.391249270773,98,3,1,0,79.1,99.999994608,84.10716419,68.5535734744,88.9244245844,100,79.0993030035,70.1898167179,89,79.0983471209,88.9996041644,75.6084643268
352,0.391224268689,95,6,1,2.1092281301,79.1,99.9999956864,84.10716419,70.6628016045,88.9244245844,100,79.0993030035,70.1898167179,89,79.0986064463,88.9997449182,75.6084643268
353,0.391199266606,98,3,1,0,79.1,99.9999956864,84.10716419,70.6628016045,88.9244245844,100,79.0993030035,70.1898167179,89,79.0986064463,88.9997449182,75.6084643268
354,0.391174264522,98,3,1,0,79.1,99.9999956864,84.10716419,70.6628016045,88.9244245844,100,79.0993030035,70.1898167179,89,79.0986064463,88.9997449182,75.6084643268
355,0.391149262439,96,5,1,0.000139399293502,79.1,99.9999956864,84.10716419,70.6628016045,88.9244245844,100,79.0994424028,70.1898167179,89,79.0986064463,88.9997449182,75.6084643268
356,0.391124260355,97,4,1,0.0151143066699,79.1,99.9999965491,84.10716419,70.6628016045,88.9395388911,100,79.0994424028,70.1898167179,89,79.0986064463,88.9997449182,75.6084643268
357,0.391099258272,98,3,1,0,79.1,99.9999965491,84.10716419,70.6628016045,88.9395388911,100,79.0994424028,70.1898167179,89,79.0986064463,88.9997449182,75.6084643268
358,0.391074256188,96,5,1,0.978567162001,79.1,99.9999965491,85.085731352,70.6628016045,88.9395388911,100,79.0994424028,70.1898167179,89,79.0988392423,88.9997953134,75.6084643268
359,0.391049254105,93,8,1,1.68740283552,79.1,99.9999972393,85.8685850816,72.35020444,88.9613037722,100,79.0994424028,70.1898167179,89,79.0988392423,88.9998356296,75.6084643268
360,0.391024252021,96,5,1,3.6656427028e-05,79.1,99.9999972393,85.8685850816,72.35020444,88.9613037722,100,79.0994424028,70.1898533743,89,79.0988392423,88.9998356296,75.6084643268
361,0.390999249937,98,3,1,0,79.1,99.9999972393,85.8685850816,72.35020444,88.9613037722,100,79.0994424028,70.1898533743,89,79.0988392423,88.9998356296,75.6084643268
362,0.390974247854,98,3,1,0,79.1,99.9999972393,85.8685850816,72.35020444,88.9613037722,100,79.0994424028,70.1898533743,89,79.0988392423,88.9998356296,75.6084643268
363,0.39094924577,97,4,1,0.00773874863158,79.1,99.9999977914,85.8685850816,72.35020444,88.9690425208,100,79.0994424028,70.1898533743,89,79.0988392423,88.9998356296,75.6084643268
364,0.390924243687,97,4,1,0.000202564856437,79.1,99.9999982332,85.8685850816,72.35020444,88.9690425208,100,79.0994424028,70.1898533743,89,79.0990418072,88.9998681061,75.6084643268
365,0.390899241603,96,5,1,2.93251416252e-05,79.1,99.9999982332,85.8685850816,72.35020444,88.9690425208,100,79.0994424028,70.1898826994,89,79.0990418072,88.9998681061,75.6084643268
366,0.39087423952,97,4,1,0.000167897663502,79.1,99.9999985865,85.8685850816,72.35020444,88.9690425208,100,79.0994424028,70.1898826994,89,79.0992097048,88.9998941669,75.6084643268
367,0.390849237436,96,5,1,2.34601132973e-05,79.1,99.9999985865,85.8685850816,72.35020444,88.9690425208,100,79.0994424028,70.1899061595,89,79.0992097048,88.9998941669,75.6084643268
368,0.390824235353,98,3,1,0,79.1,99.9999985865,85.8685850816,72.35020444,88.9690425208,100,79.0994424028,70.1899061595,89,79.0992097048,88.9998941669,75.6084643268
369,0.390799233269,97,4,1,0.000139009064952,79.1,99.9999988692,85.8685850816,72.35020444,88.9690425208,100,79.0994424028,70.1899061595,89,79.0993487139,88.9999150791,75.6084643268
370,0.390774231186,97,4,1,0.000114971448454,79.1,99.9999990954,85.8685850816,72.35020444,88.9690425208,100,79.0994424028,70.1899061595,89,79.0994636854,88.9999318597,75.6084643268
371,0.390749229102,98,3,1,0,79.1,99.9999990954,85.8685850816,72.35020444,88.9690425208,100,79.0994424028,70.1899061595,89,79.0994636854,88.9999318597,75.6084643268
372,0.390724227019,95,6,1,1.34994684675,79.1,99.9999992763,85.8685850816,73.7001512867,88.9752338538,100,79.0994424028,70.1899061595,89,79.0994636854,88.9999453249,75.6084643268
373,0.390699224935,96,5,1,0.698307134635,79.1,99.9999992763,85.8685850816,73.7001512867,88.9752338538,100,79.0994424028,70.1899061595,89,79.0995611068,88.9999453249,76.3067714615
374,0.390674222852,98,3,1,0,79.1,99.9999992763,85.8685850816,73.7001512867,88.9752338538,100,79.0994424028,70.1899061595,89,79.0995611068,88.9999453249,76.3067714615
375,0.390649220768,95,6,1,0.000111519434796,79.1,99.999999421,85.8685850816,73.7001512867,88.9752338538,100,79.0995539223,70.1899061595,89,79.0996390439,88.9999561297,76.3067714615
376,0.390624218685,97,4,1,0.00495312501845,79.1,99.9999995368,85.8685850816,73.7001512867,88.9801869789,100,79.0995539223,70.1899061595,89,79.0996390439,88.9999561297,76.3067714615
377,0.390599216601,98,3,1,0,79.1,99.9999995368,85.8685850816,73.7001512867,88.9801869789,100,79.0995539223,70.1899061595,89,79.0996390439,88.9999561297,76.3067714615
378,0.390574214518,96,5,1,1.87680906407e-05,79.1,99.9999995368,85.8685850816,73.7001512867,88.9801869789,100,79.0995539223,70.1899249276,89,79.0996390439,88.9999561297,76.3067714615
379,0.390549212434,95,6,1,1.07996341032,79.1,99.9999996295,85.8685850816,74.7801146971,88.9801869789,100,79.0995539223,70.1899249276,89,79.0997033385,88.9999717729,76.3067714615
380,0.390524210351,98,3,1,0,79.1,99.9999996295,85.8685850816,74.7801146971,88.9801869789,100,79.0995539223,70.1899249276,89,79.0997033385,88.9999717729,76.3067714615
381,0.390499208267,95,6,1,0.626282983681,79.1,99.9999997036,86.4948680653,74.7801146971,88.9873195464,100,79.0995539223,70.1899249276,89,79.0997033385,88.9999717729,76.3067714615
382,0.390474206184,96,5,1,0.558645707708,79.1,99.9999997036,86.4948680653,74.7801146971,88.9873195464,100,79.0995539223,70.1899249276,89,79.0997575899,88.9999717729,76.8654171692
383,0.3904492041,98,3,1,0,79.1,99.9999997036,86.4948680653,74.7801146971,88.9873195464,100,79.0995539223,70.1899249276,89,79.0997575899,88.9999717729,76.8654171692
384,0.390424202017,97,4,1,0.00253603735935,79.1,99.9999997629,86.4948680653,74.7801146971,88.9898555838,100,79.0995539223,70.1899249276,89,79.0997575899,88.9999717729,76.8654171692
385,0.390399199933,96,5,1,1.50144725097e-05,79.1,99.9999997629,86.4948680653,74.7801146971,88.9898555838,100,79.0995539223,70.1899399421,89,79.0997575899,88.9999717729,76.8654171692
386,0.39037419785,98,3,1,0,79.1,99.9999997629,86.4948680653,74.7801146971,88.9898555838,100,79.0995539223,70.1899399421,89,79.0997575899,88.9999717729,76.8654171692
387,0.390349195766,96,5,1,1.20115780078e-05,79.1,99.9999997629,86.4948680653,74.7801146971,88.9898555838,100,79.0995539223,70.1899519537,89,79.0997575899,88.9999717729,76.8654171692
388,0.390324193683,98,3,1,0,79.1,99.9999997629,86.4948680653,74.7801146971,88.9898555838,100,79.0995539223,70.1899519537,89,79.0997575899,88.9999717729,76.8654171692
389,0.390299191599,97,4,1,4.34011466837e-05,79.1,99.9999998103,86.4948680653,74.7801146971,88.9898555838,100,79.0995539223,70.1899519537,89,79.099800991,88.9999773757,76.8654171692
390,0.390274189516,98,3,1,0,79.1,99.9999998103,86.4948680653,74.7801146971,88.9898555838,100,79.0995539223,70.1899519537,89,79.099800991,88.9999773757,76.8654171692
391,0.390249187432,96,5,1,8.92155478454e-05,79.1,99.9999998103,86.4948680653,74.7801146971,88.9898555838,100,79.0996431378,70.1899519537,89,79.099800991,88.9999773757,76.8654171692
392,0.390224185349,98,3,1,0,79.1,99.9999998103,86.4948680653,74.7801146971,88.9898555838,100,79.0996431378,70.1899519537,89,79.099800991,88.9999773757,76.8654171692
393,0.390199183265,98,3,1,0,79.1,99.9999998103,86.4948680653,74.7801146971,88.9898555838,100,79.0996431378,70.1899519537,89,79.099800991,88.9999773757,76.8654171692
394,0.390174181182,98,3,1,0,79.1,99.9999998103,86.4948680653,74.7801146971,88.9898555838,100,79.0996431378,70.1899519537,89,79.099800991,88.9999773757,76.8654171692
395,0.390149179098,98,3,1,0,79.1,99.9999998103,86.4948680653,74.7801146971,88.9898555838,100,79.0996431378,70.1899519537,89,79.099800991,88.9999773757,76.8654171692
396,0.390124177015,98,3,1,0,79.1,99.9999998103,86.4948680653,74.7801146971,88.9898555838,100,79.0996431378,70.1899519537,89,79.099800991,88.9999773757,76.8654171692
397,0.390099174931,94,7,1,7.13724382706e-05,79.1,99.9999998103,86.4948680653,74.7801146971,88.9898555838,100,79.0997145102,70.189961563,89,79.099800991,88.9999773757,76.8654171692
398,0.390074172848,97,4,1,3.57294085092e-05,79.1,99.9999998482,86.4948680653,74.7801146971,88.9898555838,100,79.0997145102,70.189961563,89,79.0998367205,88.9999818664,76.8654171692
399,0.390049170764,95,6,1,0.863973796538,79.1,99.9999998786,86.4948680653,75.6440884936,88.9918844397,100,79.0997145102,70.189961563,89,79.0998367205,88.9999854658,76.8654171692
400,0.390024168681,98,3,1,0,79.1,99.9999998786,86.4948680653,75.6440884936,88.9918844397,100,79.0997145102,70.189961563,89,79.0998367205,88.9999854658,76.8654171692
401,0.389999166597,98,3,1,0,79.1,99.9999998786,86.4948680653,75.6440884936,88.9918844397,100,79.0997145102,70.189961563,89,79.0998367205,88.9999854658,76.8654171692
402,0.389974164514,98,3,1,0,79.1,99.9999998786,86.4948680653,75.6440884936,88.9918844397,100,79.0997145102,70.189961563,89,79.0998367205,88.9999854658,76.8654171692
403,0.38994916243,98,3,1,0,79.1,99.9999998786,86.4948680653,75.6440884936,88.9918844397,100,79.0997145102,70.189961563,89,79.0998367205,88.9999854658,76.8654171692
404,0.389924160347,96,5,1,5.70979506165e-05,79.1,99.9999998786,86.4948680653,75.6440884936,88.9918844397,100,79.0997716082,70.189961563,89,79.0998367205,88.9999854658,76.8654171692
405,0.389899158263,96,5,1,7.6874099193e-06,79.1,99.9999998786,86.4948680653,75.6440884936,88.9918844397,100,79.0997716082,70.1899692504,89,79.0998367205,88.9999854658,76.8654171692
406,0.38987415618,97,4,1,3.0039749447e-05,79.1,99.9999999029,86.4948680653,75.6440884936,88.9918844397,100,79.0997716082,70.1899692504,89,79.0998667602,88.9999883508,76.8654171692
407,0.389849154096,96,5,1,6.14992794112e-06,79.1,99.9999999029,86.4948680653,75.6440884936,88.9918844397,100,79.0997716082,70.1899754003,89,79.0998667602,88.9999883508,76.8654171692
408,0.389824152013,97,4,1,2.45510974679e-05,79.1,99.9999999223,86.4948680653,75.6440884936,88.9918844397,100,79.0997716082,70.1899754003,89,79.0998913113,88.9999906631,76.8654171692
409,0.389799149929,98,3,1,0,79.1,99.9999999223,86.4948680653,75.6440884936,88.9918844397,100,79.0997716082,70.1899754003,89,79.0998913113,88.9999906631,76.8654171692
410,0.389774147846,98,3,1,0,79.1,99.9999999223,86.4948680653,75.6440884936,88.9918844397,100,79.0997716082,70.1899754003,89,79.0998913113,88.9999906631,76.8654171692
411,0.389749145762,98,3,1,0,79.1,99.9999999223,86.4948680653,75.6440884936,88.9918844397,100,79.0997716082,70.1899754003,89,79.0998913113,88.9999906631,76.8654171692
412,0.389724143679,97,4,1,2.00571030717e-05,79.1,99.9999999378,86.4948680653,75.6440884936,88.9918844397,100,79.0997716082,70.1899754003,89,79.0999113684,88.9999925165,76.8654171692
413,0.389699141595,98,3,1,0,79.1,99.9999999378,86.4948680653,75.6440884936,88.9918844397,100,79.0997716082,70.1899754003,89,79.0999113684,88.9999925165,76.8654171692
414,0.389674139512,98,3,1,0,79.1,99.9999999378,86.4948680653,75.6440884936,88.9918844397,100,79.0997716082,70.1899754003,89,79.0999113684,88.9999925165,76.8654171692
415,0.389649137428,96,5,1,4.91994235574e-06,79.1,99.9999999378,86.4948680653,75.6440884936,88.9918844397,100,79.0997716082,70.1899803202,89,79.0999113684,88.9999925165,76.8654171692
416,0.389624135345,97,4,1,1.63792919636e-05,79.1,99.9999999503,86.4948680653,75.6440884936,88.9918844397,100,79.0997716082,70.1899803202,89,79.0999277477,88.999994002,76.8654171692
417,0.389599133261,98,3,1,0,79.1,99.9999999503,86.4948680653,75.6440884936,88.9918844397,100,79.0997716082,70.1899803202,89,79.0999277477,88.999994002,76.8654171692
418,0.389574131178,94,7,1,0.446916566166,79.1,99.9999999503,86.4948680653,75.6440884936,88.9918844397,100,79.0997716082,70.1899842562,89,79.0999411185,88.999994002,77.3123337353
419,0.389549129094,98,3,1,0,79.1,99.9999999503,86.4948680653,75.6440884936,88.9918844397,100,79.0997716082,70.1899842562,89,79.0999411185,88.999994002,77.3123337353
420,0.389524127011,98,3,1,0,79.1,99.9999999503,86.4948680653,75.6440884936,88.9918844397,100,79.0997716082,70.1899842562,89,79.0999411185,88.999994002,77.3123337353
421,0.389499124927,94,7,1,4.56783604932e-05,79.1,99.9999999503,86.4948680653,75.6440884936,88.9918844397,100,79.0998172866,70.1899874049,89,79.0999411185,88.999994002,77.3123337353
422,0.389474122844,93,8,1,0.691181435963,79.1,99.9999999602,86.4948680653,76.3352699296,88.9918844397,100,79.0998172866,70.189989924,89,79.0999518152,88.9999961452,77.3123337353
423,0.38944912076,97,4,1,0.00162310489787,79.1,99.9999999682,86.4948680653,76.3352699296,88.9935075446,100,79.0998172866,70.189989924,89,79.0999518152,88.9999961452,77.3123337353
424,0.389424118677,98,3,1,0,79.1,99.9999999682,86.4948680653,76.3352699296,88.9935075446,100,79.0998172866,70.189989924,89,79.0999518152,88.9999961452,77.3123337353
425,0.389399116593,96,5,1,2.01520838061e-06,79.1,99.9999999682,86.4948680653,76.3352699296,88.9935075446,100,79.0998172866,70.1899919392,89,79.0999518152,88.9999961452,77.3123337353
426,0.38937411451,98,3,1,0,79.1,99.9999999682,86.4948680653,76.3352699296,88.9935075446,100,79.0998172866,70.1899919392,89,79.0999518152,88.9999961452,77.3123337353
427,0.389349112426,97,4,1,8.94309616228e-06,79.1,99.9999999745,86.4948680653,76.3352699296,88.9935075446,100,79.0998172866,70.1899919392,89,79.0999607583,88.9999969104,77.3123337353
428,0.389324110343,98,3,1,0,79.1,99.9999999745,86.4948680653,76.3352699296,88.9935075446,100,79.0998172866,70.1899919392,89,79.0999607583,88.9999969104,77.3123337353
429,0.389299108259,89,12,1,0.552945568365,79.1,99.9999999796,86.4948680653,76.8882154979,88.9935075446,100,79.0998172866,70.1899958729,89,79.0999680505,88.9999980144,77.3123337353
430,0.389274106176,96,5,1,8.25429353313e-07,79.1,99.9999999796,86.4948680653,76.8882154979,88.9935075446,100,79.0998172866,70.1899966983,89,79.0999680505,88.9999980144,77.3123337353
431,0.389249104092,96,5,1,0.357533252933,79.1,99.9999999796,86.4948680653,76.8882154979,88.9935075446,100,79.0998172866,70.1899966983,89,79.099974083,88.9999980144,77.6698669883
432,0.389224102009,96,5,1,6.60343488335e-07,79.1,99.9999999796,86.4948680653,76.8882154979,88.9935075446,100,79.0998172866,70.1899973586,89,79.099974083,88.9999980144,77.6698669883
433,0.389199099925,98,3,1,0,79.1,99.9999999796,86.4948680653,76.8882154979,88.9935075446,100,79.0998172866,70.1899973586,89,79.099974083,88.9999980144,77.6698669883
434,0.389174097841,94,7,1,9.50894616381e-07,79.1,99.9999999796,86.4948680653,76.8882154979,88.9935075446,100,79.0998172866,70.1899983095,89,79.099974083,88.9999980144,77.6698669883
435,0.389149095758,93,8,1,3.65426883917e-05,79.1,99.9999999837,86.4948680653,76.8882154979,88.9935075446,100,79.0998538292,70.1899986476,89,79.099978909,88.9999984079,77.6698669883
436,0.389124093674,98,3,1,0,79.1,99.9999999837,86.4948680653,76.8882154979,88.9935075446,100,79.0998538292,70.1899986476,89,79.099978909,88.9999984079,77.6698669883
437,0.389099091591,98,3,1,0,79.1,99.9999999837,86.4948680653,76.8882154979,88.9935075446,100,79.0998538292,70.1899986476,89,79.099978909,88.9999984079,77.6698669883
438,0.389074089507,98,3,1,0,79.1,99.9999999837,86.4948680653,76.8882154979,88.9935075446,100,79.0998538292,70.1899986476,89,79.099978909,88.9999984079,77.6698669883
439,0.389049087424,94,7,1,0.501026386945,79.1,99.9999999837,86.9958944522,77.3305721685,88.9935075446,100,79.0998538292,70.1899986476,89,79.0999828406,88.9999989758,77.6698669883
440,0.38902408534,98,3,1,0,79.1,99.9999999837,86.9958944522,77.3305721685,88.9935075446,100,79.0998538292,70.1899986476,89,79.0999828406,88.9999989758,77.6698669883
441,0.388999083257,96,5,1,2.92341507162e-05,79.1,99.9999999837,86.9958944522,77.3305721685,88.9935075446,100,79.0998830634,70.1899986476,89,79.0999828406,88.9999989758,77.6698669883
442,0.388974081173,98,3,1,0,79.1,99.9999999837,86.9958944522,77.3305721685,88.9935075446,100,79.0998830634,70.1899986476,89,79.0999828406,88.9999989758,77.6698669883
443,0.38894907909,96,5,1,2.70476689934e-07,79.1,99.9999999837,86.9958944522,77.3305721685,88.9935075446,100,79.0998830634,70.1899989181,89,79.0999828406,88.9999989758,77.6698669883
444,0.388924077006,98,3,1,0,79.1,99.9999999837,86.9958944522,77.3305721685,88.9935075446,100,79.0998830634,70.1899989181,89,79.0999828406,88.9999989758,77.6698669883
445,0.388899074923,98,3,1,0,79.1,99.9999999837,86.9958944522,77.3305721685,88.9935075446,100,79.0998830634,70.1899989181,89,79.0999828406,88.9999989758,77.6698669883
446,0.388874072839,98,3,1,0,79.1,99.9999999837,86.9958944522,77.3305721685,88.9935075446,100,79.0998830634,70.1899989181,89,79.0999828406,88.9999989758,77.6698669883
447,0.388849070756,97,4,1,3.24751415803e-06,79.1,99.999999987,86.9958944522,77.3305721685,88.9935075446,100,79.0998830634,70.1899989181,89,79.0999860881,88.9999991777,77.6698669883
448,0.388824068672,98,3,1,0,79.1,99.999999987,86.9958944522,77.3305721685,88.9935075446,100,79.0998830634,70.1899989181,89,79.0999860881,88.9999991777,77.6698669883
449,0.388799066589,98,3,1,0,79.1,99.999999987,86.9958944522,77.3305721685,88.9935075446,100,79.0998830634,70.1899989181,89,79.0999860881,88.9999991777,77.6698669883
450,0.388774064505,94,7,1,4.20971770296e-05,79.1,99.999999987,86.9958944522,77.3305721685,88.9935075446,100,79.0999251606,70.1899989181,89,79.0999860881,88.9999991777,77.6698669883
451,0.388749062422,90,11,1,2.69421933012e-05,79.1,99.999999987,86.9958944522,77.3305721685,88.9935075446,100,79.0999521028,70.1899993076,89,79.0999860881,88.9999991777,77.6698669883
452,0.388724060338,98,3,1,0,79.1,99.999999987,86.9958944522,77.3305721685,88.9935075446,100,79.0999521028,70.1899993076,89,79.0999860881,88.9999991777,77.6698669883
453,0.388699058255,98,3,1,0,79.1,99.999999987,86.9958944522,77.3305721685,88.9935075446,100,79.0999521028,70.1899993076,89,79.0999860881,88.9999991777,77.6698669883
454,0.388674056171,98,3,1,0,79.1,99.999999987,86.9958944522,77.3305721685,88.9935075446,100,79.0999521028,70.1899993076,89,79.0999860881,88.9999991777,77.6698669883
455,0.388649054088,98,3,1,0,79.1,99.999999987,86.9958944522,77.3305721685,88.9935075446,100,79.0999521028,70.1899993076,89,79.0999860881,88.9999991777,77.6698669883
456,0.388624052004,98,3,1,0,79.1,99.999999987,86.9958944522,77.3305721685,88.9935075446,100,79.0999521028,70.1899993076,89,79.0999860881,88.9999991777,77.6698669883
457,0.388599049921,98,3,1,0,79.1,99.999999987,86.9958944522,77.3305721685,88.9935075446,100,79.0999521028,70.1899993076,89,79.0999860881,88.9999991777,77.6698669883
458,0.388574047837,98,3,1,0,79.1,99.999999987,86.9958944522,77.3305721685,88.9935075446,100,79.0999521028,70.1899993076,89,79.0999860881,88.9999991777,77.6698669883
459,0.388549045754,98,3,1,0,79.1,99.999999987,86.9958944522,77.3305721685,88.9935075446,100,79.0999521028,70.1899993076,89,79.0999860881,88.9999991777,77.6698669883
460,0.38852404367,98,3,1,0,79.1,99.999999987,86.9958944522,77.3305721685,88.9935075446,100,79.0999521028,70.1899993076,89,79.0999860881,88.9999991777,77.6698669883
461,0.388499041587,95,6,1,0.00129848873308,79.1,99.9999999896,86.9958944522,77.3305721685,88.9948060333,100,79.0999521028,70.1899994461,89,79.0999860881,88.9999991777,77.6698669883
462,0.388474039503,96,5,1,9.57944651248e-06,79.1,99.9999999896,86.9958944522,77.3305721685,88.9948060333,100,79.0999616822,70.1899994461,89,79.0999860881,88.9999991777,77.6698669883
463,0.38844903742,98,3,1,0,79.1,99.9999999896,86.9958944522,77.3305721685,88.9948060333,100,79.0999616822,70.1899994461,89,79.0999860881,88.9999991777,77.6698669883
464,0.388424035336,98,3,1,0,79.1,99.9999999896,86.9958944522,77.3305721685,88.9948060333,100,79.0999616822,70.1899994461,89,79.0999860881,88.9999991777,77.6698669883
465,0.388399033253,98,3,1,0,79.1,99.9999999896,86.9958944522,77.3305721685,88.9948060333,100,79.0999616822,70.1899994461,89,79.0999860881,88.9999991777,77.6698669883
466,0.388374031169,94,7,1,1.99417058866e-07,79.1,99.9999999896,86.9958944522,77.3305721685,88.9948060333,100,79.0999616822,70.1899996455,89,79.0999860881,88.9999991777,77.6698669883
467,0.388349029086,98,3,1,0,79.1,99.9999999896,86.9958944522,77.3305721685,88.9948060333,100,79.0999616822,70.1899996455,89,79.0999860881,88.9999991777,77.6698669883
468,0.388324027002,98,3,1,0,79.1,99.9999999896,86.9958944522,77.3305721685,88.9948060333,100,79.0999616822,70.1899996455,89,79.0999860881,88.9999991777,77.6698669883
469,0.388299024919,98,3,1,0,79.1,99.9999999896,86.9958944522,77.3305721685,88.9948060333,100,79.0999616822,70.1899996455,89,79.0999860881,88.9999991777,77.6698669883
470,0.388274022835,94,7,1,7.66355719861e-06,79.1,99.9999999896,86.9958944522,77.3305721685,88.9948060333,100,79.0999693458,70.1899997164,89,79.0999860881,88.9999991777,77.6698669883
471,0.388249020752,95,6,1,0.353885418273,79.1,99.9999999917,86.9958944522,77.6844575868,88.9958448248,100,79.0999693458,70.1899997164,89,79.0999860881,88.9999993403,77.6698669883
472,0.388224018668,98,3,1,0,79.1,99.9999999917,86.9958944522,77.6844575868,88.9958448248,100,79.0999693458,70.1899997164,89,79.0999860881,88.9999993403,77.6698669883
473,0.388199016585,98,3,1,0,79.1,99.9999999917,86.9958944522,77.6844575868,88.9958448248,100,79.0999693458,70.1899997164,89,79.0999860881,88.9999993403,77.6698669883
474,0.388174014501,98,3,1,0,79.1,99.9999999917,86.9958944522,77.6844575868,88.9958448248,100,79.0999693458,70.1899997164,89,79.0999860881,88.9999993403,77.6698669883
475,0.388149012418,98,3,1,0,79.1,99.9999999917,86.9958944522,77.6844575868,88.9958448248,100,79.0999693458,70.1899997164,89,79.0999860881,88.9999993403,77.6698669883
476,0.388124010334,97,4,1,2.66362208379e-06,79.1,99.9999999933,86.9958944522,77.6844575868,88.9958448248,100,79.0999693458,70.1899997164,89,79.0999887517,88.9999994707,77.6698669883
477,0.388099008251,98,3,1,0,79.1,99.9999999933,86.9958944522,77.6844575868,88.9958448248,100,79.0999693458,70.1899997164,89,79.0999887517,88.9999994707,77.6698669883
478,0.388074006167,98,3,1,0,79.1,99.9999999933,86.9958944522,77.6844575868,88.9958448248,100,79.0999693458,70.1899997164,89,79.0999887517,88.9999994707,77.6698669883
479,0.388049004084,98,3,1,0,79.1,99.9999999933,86.9958944522,77.6844575868,88.9958448248,100,79.0999693458,70.1899997164,89,79.0999887517,88.9999994707,77.6698669883
480,0.388024002,92,9,1,0.400821109556,79.1,99.9999999933,87.3967155618,77.6844575868,88.9958448248,100,79.0999754766,70.1899997731,89,79.0999909061,88.9999995754,77.6698669883
481,0.387998999917,98,3,1,0,79.1,99.9999999933,87.3967155618,77.6844575868,88.9958448248,100,79.0999754766,70.1899997731,89,79.0999909061,88.9999995754,77.6698669883
482,0.387973997833,98,3,1,0,79.1,99.9999999933,87.3967155618,77.6844575868,88.9958448248,100,79.0999754766,70.1899997731,89,79.0999909061,88.9999995754,77.6698669883
483,0.38794899575,97,4,1,1.74234074279e-06,79.1,99.9999999947,87.3967155618,77.6844575868,88.9958448248,100,79.0999754766,70.1899997731,89,79.0999926485,88.9999996591,77.6698669883
484,0.387923993666,96,5,1,4.5378456548e-08,79.1,99.9999999947,87.3967155618,77.6844575868,88.9958448248,100,79.0999754766,70.1899998185,89,79.0999926485,88.9999996591,77.6698669883
485,0.387898991583,94,7,1,4.90467661507e-06,79.1,99.9999999947,87.3967155618,77.6844575868,88.9958448248,100,79.0999803813,70.1899998548,89,79.0999926485,88.9999996591,77.6698669883
486,0.387873989499,97,4,1,1.4089432625e-06,79.1,99.9999999957,87.3967155618,77.6844575868,88.9958448248,100,79.0999803813,70.1899998548,89,79.0999940574,88.9999997263,77.6698669883
487,0.387848987416,97,4,1,0.00083103427302,79.1,99.9999999966,87.3967155618,77.6844575868,88.9966758591,100,79.0999803813,70.1899998548,89,79.0999940574,88.9999997263,77.6698669883
488,0.387823985332,96,5,1,0.286026602346,79.1,99.9999999966,87.3967155618,77.6844575868,88.9966758591,100,79.0999803813,70.1899998548,89,79.0999951967,88.9999997263,77.9558935906
489,0.387798983249,98,3,1,0,79.1,99.9999999966,87.3967155618,77.6844575868,88.9966758591,100,79.0999803813,70.1899998548,89,79.0999951967,88.9999997263,77.9558935906
490,0.387773981165,97,4,1,9.11403517989e-07,79.1,99.9999999973,87.3967155618,77.6844575868,88.9966758591,100,79.0999803813,70.1899998548,89,79.0999961081,88.9999997804,77.9558935906
491,0.387748979082,98,3,1,0,79.1,99.9999999973,87.3967155618,77.6844575868,88.9966758591,100,79.0999803813,70.1899998548,89,79.0999961081,88.9999997804,77.9558935906
492,0.387723976998,97,4,1,0.000664827695246,79.1,99.9999999978,87.3967155618,77.6844575868,88.9973406868,100,79.0999803813,70.1899998548,89,79.0999961081,88.9999997804,77.9558935906
493,0.387698974915,98,3,1,0,79.1,99.9999999978,87.3967155618,77.6844575868,88.9973406868,100,79.0999803813,70.1899998548,89,79.0999961081,88.9999997804,77.9558935906
494,0.387673972831,98,3,1,0,79.1,99.9999999978,87.3967155618,77.6844575868,88.9973406868,100,79.0999803813,70.1899998548,89,79.0999961081,88.9999997804,77.9558935906
495,0.387648970748,98,3,1,0,79.1,99.9999999978,87.3967155618,77.6844575868,88.9973406868,100,79.0999803813,70.1899998548,89,79.0999961081,88.9999997804,77.9558935906
496,0.387623968664,96,5,1,2.90422121907e-08,79.1,99.9999999978,87.3967155618,77.6844575868,88.9973406868,100,79.0999803813,70.1899998838,89,79.0999961081,88.9999997804,77.9558935906
497,0.387598966581,97,4,1,7.38864926575e-07,79.1,99.9999999983,87.3967155618,77.6844575868,88.9973406868,100,79.0999803813,70.1899998838,89,79.0999968469,88.999999824,77.9558935906
498,0.387573964497,96,5,1,3.92374128921e-06,79.1,99.9999999983,87.3967155618,77.6844575868,88.9973406868,100,79.099984305,70.1899998838,89,79.0999968469,88.999999824,77.9558935906
499,0.387548962414,98,3,1,0,79.1,99.9999999983,87.3967155618,77.6844575868,88.9973406868,100,79.099984305,70.1899998838,89,79.0999968469,88.999999824,77.9558935906
500,0.38752396033,98,3,1,0,79.1,99.9999999983,87.3967155618,77.6844575868,88.9973406868,100,79.099984305,70.1899998838,89,79.0999968469,88.999999824,77.9558935906
501,0.387498958247,96,5,1,0.320656887645,79.1,99.9999999983,87.7173724494,77.6844575868,88.9973406868,100,79.099984305,70.1899998838,89,79.0999974459,88.9999998588,77.9558935906
502,0.387473956163,98,3,1,0,79.1,99.9999999983,87.7173724494,77.6844575868,88.9973406868,100,79.099984305,70.1899998838,89,79.0999974459,88.9999998588,77.9558935906
503,0.38744895408,95,6,1,0.28310845723,79.1,99.9999999986,87.7173724494,77.967566044,88.9978725491,100,79.099984305,70.1899998838,89,79.0999974459,88.9999998868,77.9558935906
504,0.387423951996,98,3,1,0,79.1,99.9999999986,87.7173724494,77.967566044,88.9978725491,100,79.099984305,70.1899998838,89,79.0999974459,88.9999998868,77.9558935906
505,0.387398949912,98,3,1,0,79.1,99.9999999986,87.7173724494,77.967566044,88.9978725491,100,79.099984305,70.1899998838,89,79.0999974459,88.9999998868,77.9558935906
506,0.387373947829,98,3,1,0,79.1,99.9999999986,87.7173724494,77.967566044,88.9978725491,100,79.099984305,70.1899998838,89,79.0999974459,88.9999998868,77.9558935906
507,0.387348945745,96,5,1,0.228821281877,79.1,99.9999999986,87.7173724494,77.967566044,88.9978725491,100,79.099984305,70.1899998838,89,79.0999979363,88.9999998868,78.1847148725
508,0.387323943662,97,4,1,3.92356980683e-07,79.1,99.9999999989,87.7173724494,77.967566044,88.9978725491,100,79.099984305,70.1899998838,89,79.0999983287,88.9999999092,78.1847148725
509,0.387298941578,95,6,1,3.13899303706e-06,79.1,99.9999999991,87.7173724494,77.967566044,88.9978725491,100,79.099987444,70.1899998838,89,79.0999986466,88.9999999271,78.1847148725
510,0.387273939495,98,3,1,0,79.1,99.9999999991,87.7173724494,77.967566044,88.9978725491,100,79.099987444,70.1899998838,89,79.0999986466,88.9999999271,78.1847148725
511,0.387248937411,97,4,1,2.57567450035e-07,79.1,99.9999999993,87.7173724494,77.967566044,88.9978725491,100,79.099987444,70.1899998838,89,79.0999989041,88.9999999415,78.1847148725
512,0.387223935328,94,7,1,4.52014995744e-06,79.1,99.9999999993,87.7173724494,77.967566044,88.9978725491,100,79.0999919642,70.1899998838,89,79.0999989041,88.9999999415,78.1847148725
513,0.387198933244,96,5,1,1.60716443531e-06,79.1,99.9999999993,87.7173724494,77.967566044,88.9978725491,100,79.0999935713,70.1899998838,89,79.0999989041,88.9999999415,78.1847148725
514,0.387173931161,98,3,1,0,79.1,99.9999999993,87.7173724494,77.967566044,88.9978725491,100,79.0999935713,70.1899998838,89,79.0999989041,88.9999999415,78.1847148725
515,0.387148929077,97,4,1,2.08648430089e-07,79.1,99.9999999994,87.7173724494,77.967566044,88.9978725491,100,79.0999935713,70.1899998838,89,79.0999991128,88.9999999531,78.1847148725
516,0.387123926994,98,3,1,0,79.1,99.9999999994,87.7173724494,77.967566044,88.9978725491,100,79.0999935713,70.1899998838,89,79.0999991128,88.9999999531,78.1847148725
517,0.38709892491,97,4,1,1.69000131223e-07,79.1,99.9999999995,87.7173724494,77.967566044,88.9978725491,100,79.0999935713,70.1899998838,89,79.0999992818,88.9999999624,78.1847148725
518,0.387073922827,98,3,1,0,79.1,99.9999999995,87.7173724494,77.967566044,88.9978725491,100,79.0999935713,70.1899998838,89,79.0999992818,88.9999999624,78.1847148725
519,0.387048920743,96,5,1,2.32337669104e-08,79.1,99.9999999995,87.7173724494,77.967566044,88.9978725491,100,79.0999935713,70.1899999071,89,79.0999992818,88.9999999624,78.1847148725
520,0.38702391866,98,3,1,0,79.1,99.9999999995,87.7173724494,77.967566044,88.9978725491,100,79.0999935713,70.1899999071,89,79.0999992818,88.9999999624,78.1847148725
521,0.386998916576,97,4,1,1.3686985767e-07,79.1,99.9999999996,87.7173724494,77.967566044,88.9978725491,100,79.0999935713,70.1899999071,89,79.0999994187,88.9999999698,78.1847148725
522,0.386973914493,98,3,1,0,79.1,99.9999999996,87.7173724494,77.967566044,88.9978725491,100,79.0999935713,70.1899999071,89,79.0999994187,88.9999999698,78.1847148725
523,0.386948912409,98,3,1,0,79.1,99.9999999996,87.7173724494,77.967566044,88.9978725491,100,79.0999935713,70.1899999071,89,79.0999994187,88.9999999698,78.1847148725
524,0.386923910326,98,3,1,0,79.1,99.9999999996,87.7173724494,77.967566044,88.9978725491,100,79.0999935713,70.1899999071,89,79.0999994187,88.9999999698,78.1847148725
525,0.386898908242,98,3,1,0,79.1,99.9999999996,87.7173724494,77.967566044,88.9978725491,100,79.0999935713,70.1899999071,89,79.0999994187,88.9999999698,78.1847148725
526,0.386873906159,97,4,1,0.000425490115603,79.1,99.9999999997,87.7173724494,77.967566044,88.9982980392,100,79.0999935713,70.1899999071,89,79.0999994187,88.9999999698,78.1847148725
527,0.386848904075,98,3,1,0,79.1,99.9999999997,87.7173724494,77.967566044,88.9982980392,100,79.0999935713,70.1899999071,89,79.0999994187,88.9999999698,78.1847148725
528,0.386823901992,98,3,1,0,79.1,99.9999999997,87.7173724494,77.967566044,88.9982980392,100,79.0999935713,70.1899999071,89,79.0999994187,88.9999999698,78.1847148725
529,0.386798899908,98,3,1,0,79.1,99.9999999997,87.7173724494,77.967566044,88.9982980392,100,79.0999935713,70.1899999071,89,79.0999994187,88.9999999698,78.1847148725
530,0.386773897825,97,4,1,0.000340392105684,79.1,99.9999999998,87.7173724494,77.967566044,88.9986384313,100,79.0999935713,70.1899999071,89,79.0999994187,88.9999999698,78.1847148725
531,0.386748895741,95,6,1,1.28573154257e-06,79.1,99.9999999998,87.7173724494,77.967566044,88.9986384313,100,79.0999948571,70.1899999071,89,79.0999995295,88.9999999758,78.1847148725
532,0.386723893658,97,4,1,0.000272313703576,79.1,99.9999999998,87.7173724494,77.967566044,88.998910745,100,79.0999948571,70.1899999071,89,79.0999995295,88.9999999758,78.1847148725
533,0.386698891574,96,5,1,1.85870163705e-08,79.1,99.9999999998,87.7173724494,77.967566044,88.998910745,100,79.0999948571,70.1899999257,89,79.0999995295,88.9999999758,78.1847148725
534,0.386673889491,98,3,1,0,79.1,99.9999999998,87.7173724494,77.967566044,88.998910745,100,79.0999948571,70.1899999257,89,79.0999995295,88.9999999758,78.1847148725
535,0.386648887407,98,3,1,0,79.1,99.9999999998,87.7173724494,77.967566044,88.998910745,100,79.0999948571,70.1899999257,89,79.0999995295,88.9999999758,78.1847148725
536,0.386623885324,98,3,1,0,79.1,99.9999999998,87.7173724494,77.967566044,88.998910745,100,79.0999948571,70.1899999257,89,79.0999995295,88.9999999758,78.1847148725
537,0.38659888324,94,7,1,2.67653064157e-08,79.1,99.9999999998,87.7173724494,77.967566044,88.998910745,100,79.0999948571,70.1899999524,89,79.0999995295,88.9999999758,78.1847148725
538,0.386573881157,98,3,1,0,79.1,99.9999999998,87.7173724494,77.967566044,88.998910745,100,79.0999948571,70.1899999524,89,79.0999995295,88.9999999758,78.1847148725
539,0.386548879073,97,4,1,0.000217850969619,79.1,99.9999999999,87.7173724494,77.967566044,88.999128596,100,79.0999948571,70.1899999524,89,79.0999995295,88.9999999758,78.1847148725
540,0.38652387699,98,3,1,0,79.1,99.9999999999,87.7173724494,77.967566044,88.999128596,100,79.0999948571,70.1899999524,89,79.0999995295,88.9999999758,78.1847148725
541,0.386498874906,98,3,1,0,79.1,99.9999999999,87.7173724494,77.967566044,88.999128596,100,79.0999948571,70.1899999524,89,79.0999995295,88.9999999758,78.1847148725
542,0.386473872823,94,7,1,1.02858523121e-06,79.1,99.9999999999,87.7173724494,77.967566044,88.999128596,100,79.0999958857,70.1899999619,89,79.0999995295,88.9999999758,78.1847148725
543,0.386448870739,98,3,1,0,79.1,99.9999999999,87.7173724494,77.967566044,88.999128596,100,79.0999958857,70.1899999619,89,79.0999995295,88.9999999758,78.1847148725
544,0.386423868656,97,4,1,8.97471892358e-08,79.1,99.9999999999,87.7173724494,77.967566044,88.999128596,100,79.0999958857,70.1899999619,89,79.0999996192,88.9999999806,78.1847148725
545,0.386398866572,97,4,1,7.26645623672e-08,79.1,99.9999999999,87.7173724494,77.967566044,88.999128596,100,79.0999958857,70.1899999619,89,79.0999996919,88.9999999845,78.1847148725
546,0.386373864489,98,3,1,0,79.1,99.9999999999,87.7173724494,77.967566044,88.999128596,100,79.0999958857,70.1899999619,89,79.0999996919,88.9999999845,78.1847148725
547,0.386348862405,98,3,1,0,79.1,99.9999999999,87.7173724494,77.967566044,88.999128596,100,79.0999958857,70.1899999619,89,79.0999996919,88.9999999845,78.1847148725
548,0.386323860322,98,3,1,0,79.1,99.9999999999,87.7173724494,77.967566044,88.999128596,100,79.0999958857,70.1899999619,89,79.0999996919,88.9999999845,78.1847148725
549,0.386298858238,98,3,1,0,79.1,99.9999999999,87.7173724494,77.967566044,88.999128596,100,79.0999958857,70.1899999619,89,79.0999996919,88.9999999845,78.1847148725
550,0.386273856155,98,3,1,0,79.1,99.9999999999,87.7173724494,77.967566044,88.999128596,100,79.0999958857,70.1899999619,89,79.0999996919,88.9999999845,78.1847148725
551,0.386248854071,97,4,1,0.000174280788897,79.1,99.9999999999,87.7173724494,77.967566044,88.9993028768,100,79.0999958857,70.1899999619,89,79.0999996919,88.9999999845,78.1847148725
552,0.386223851988,95,6,1,8.22868187811e-07,79.1,100,87.7173724494,77.967566044,88.9993028768,100,79.0999967085,70.1899999619,89,79.0999997507,88.9999999876,78.1847148725
553,0.386198849904,98,3,1,0,79.1,100,87.7173724494,77.967566044,88.9993028768,100,79.0999967085,70.1899999619,89,79.0999997507,88.9999999876,78.1847148725
554,0.386173847821,98,3,1,0,79.1,100,87.7173724494,77.967566044,88.9993028768,100,79.0999967085,70.1899999619,89,79.0999997507,88.9999999876,78.1847148725
555,0.386148845737,98,3,1,0,79.1,100,87.7173724494,77.967566044,88.9993028768,100,79.0999967085,70.1899999619,89,79.0999997507,88.9999999876,78.1847148725
556,0.386123843654,98,3,1,0,79.1,100,87.7173724494,77.967566044,88.9993028768,100,79.0999967085,70.1899999619,89,79.0999997507,88.9999999876,78.1847148725
557,0.38609884157,98,3,1,0,79.1,100,87.7173724494,77.967566044,88.9993028768,100,79.0999967085,70.1899999619,89,79.0999997507,88.9999999876,78.1847148725
558,0.386073839487,96,5,1,7.61323803999e-09,79.1,100,87.7173724494,77.967566044,88.9993028768,100,79.0999967085,70.1899999695,89,79.0999997507,88.9999999876,78.1847148725
559,0.386048837403,98,3,1,0,79.1,100,87.7173724494,77.967566044,88.9993028768,100,79.0999967085,70.1899999695,89,79.0999997507,88.9999999876,78.1847148725
560,0.38602383532,95,6,1,0.226486789401,79.1,100,87.7173724494,78.1940528334,88.9993028768,100,79.0999967085,70.1899999695,89,79.0999997984,88.999999992,78.1847148725
561,0.385998833236,96,5,1,6.58294553091e-07,79.1,100,87.7173724494,78.1940528334,88.9993028768,100,79.0999973668,70.1899999695,89,79.0999997984,88.999999992,78.1847148725
562,0.385973831153,98,3,1,0,79.1,100,87.7173724494,78.1940528334,88.9993028768,100,79.0999973668,70.1899999695,89,79.0999997984,88.999999992,78.1847148725
563,0.385948829069,93,8,1,0.000139424637879,79.1,100,87.7173724494,78.1940528334,88.9994423014,100,79.0999973668,70.1899999805,89,79.0999997984,88.999999992,78.1847148725
564,0.385923826986,98,3,1,0,79.1,100,87.7173724494,78.1940528334,88.9994423014,100,79.0999973668,70.1899999805,89,79.0999997984,88.999999992,78.1847148725
565,0.385898824902,96,5,1,3.89798060496e-09,79.1,100,87.7173724494,78.1940528334,88.9994423014,100,79.0999973668,70.1899999844,89,79.0999997984,88.999999992,78.1847148725
566,0.385873822819,94,7,1,0.183057025502,79.1,100,87.7173724494,78.1940528334,88.9994423014,100,79.0999973668,70.1899999875,89,79.0999998372,88.999999992,78.367771898
567,0.385848820735,98,3,1,0,79.1,100,87.7173724494,78.1940528334,88.9994423014,100,79.0999973668,70.1899999875,89,79.0999998372,88.999999992,78.367771898
568,0.385823818652,96,5,1,2.4947013344e-09,79.1,100,87.7173724494,78.1940528334,88.9994423014,100,79.0999973668,70.18999999,89,79.0999998372,88.999999992,78.367771898
569,0.385798816568,98,3,1,0,79.1,100,87.7173724494,78.1940528334,88.9994423014,100,79.0999973668,70.18999999,89,79.0999998372,88.999999992,78.367771898
570,0.385773814485,89,12,1,0.256525510116,79.1,100,87.9738979595,78.3752422653,88.9996430729,100,79.0999978935,70.18999999,89,79.0999998684,88.9999999936,78.5142175184
571,0.385748812401,98,3,1,0,79.1,100,87.9738979595,78.3752422653,88.9996430729,100,79.0999978935,70.18999999,89,79.0999998684,88.9999999936,78.5142175184
572,0.385723810318,98,3,1,0,79.1,100,87.9738979595,78.3752422653,88.9996430729,100,79.0999978935,70.18999999,89,79.0999998684,88.9999999936,78.5142175184
573,0.385698808234,98,3,1,0,79.1,100,87.9738979595,78.3752422653,88.9996430729,100,79.0999978935,70.18999999,89,79.0999998684,88.9999999936,78.5142175184
574,0.385673806151,94,7,1,4.2130851341e-07,79.1,100,87.9738979595,78.3752422653,88.9996430729,100,79.0999983148,70.189999992,89,79.0999998684,88.9999999936,78.5142175184
575,0.385648804067,95,6,1,2.51791050232e-08,79.1,100,87.9738979595,78.3752422653,88.9996430729,100,79.0999983148,70.1899999936,89,79.0999998935,88.9999999949,78.5142175184
576,0.385623801983,97,4,1,2.03720844638e-08,79.1,100,87.9738979595,78.3752422653,88.9996430729,100,79.0999983148,70.1899999936,89,79.0999999139,88.9999999959,78.5142175184
577,0.3855987999,97,4,1,7.13854182806e-05,79.1,100,87.9738979595,78.3752422653,88.9997144583,100,79.0999983148,70.1899999936,89,79.0999999139,88.9999999959,78.5142175184
578,0.385573797816,92,9,1,3.3704681357e-07,79.1,100,87.9738979595,78.3752422653,88.9997144583,100,79.0999986518,70.1899999959,89,79.0999999139,88.9999999959,78.5142175184
579,0.385548795733,98,3,1,0,79.1,100,87.9738979595,78.3752422653,88.9997144583,100,79.0999986518,70.1899999959,89,79.0999999139,88.9999999959,78.5142175184
580,0.385523793649,95,6,1,1.64808824366e-08,79.1,100,87.9738979595,78.3752422653,88.9997144583,100,79.0999986518,70.1899999967,89,79.0999999304,88.9999999967,78.5142175184
581,0.385498791566,98,3,1,0,79.1,100,87.9738979595,78.3752422653,88.9997144583,100,79.0999986518,70.1899999967,89,79.0999999304,88.9999999967,78.5142175184
582,0.385473789482,98,3,1,0,79.1,100,87.9738979595,78.3752422653,88.9997144583,100,79.0999986518,70.1899999967,89,79.0999999304,88.9999999967,78.5142175184
583,0.385448787399,98,3,1,0,79.1,100,87.9738979595,78.3752422653,88.9997144583,100,79.0999986518,70.1899999967,89,79.0999999304,88.9999999967,78.5142175184
584,0.385423785315,98,3,1,0,79.1,100,87.9738979595,78.3752422653,88.9997144583,100,79.0999986518,70.1899999967,89,79.0999999304,88.9999999967,78.5142175184
585,0.385398783232,98,3,1,0,79.1,100,87.9738979595,78.3752422653,88.9997144583,100,79.0999986518,70.1899999967,89,79.0999999304,88.9999999967,78.5142175184
586,0.385373781148,98,3,1,0,79.1,100,87.9738979595,78.3752422653,88.9997144583,100,79.0999986518,70.1899999967,89,79.0999999304,88.9999999967,78.5142175184
587,0.385348779065,96,5,1,2.69637453698e-07,79.1,100,87.9738979595,78.3752422653,88.9997144583,100,79.0999989215,70.1899999967,89,79.0999999304,88.9999999967,78.5142175184
588,0.385323776981,96,5,1,0.117156496321,79.1,100,87.9738979595,78.3752422653,88.9997144583,100,79.0999989215,70.1899999967,89,79.0999999437,88.9999999967,78.6313740147
589,0.385298774898,98,3,1,0,79.1,100,87.9738979595,78.3752422653,88.9997144583,100,79.0999989215,70.1899999967,89,79.0999999437,88.9999999967,78.6313740147
590,0.385273772814,97,4,1,1.0665218042e-08,79.1,100,87.9738979595,78.3752422653,88.9997144583,100,79.0999989215,70.1899999967,89,79.0999999544,88.9999999974,78.6313740147
591,0.385248770731,98,3,1,0,79.1,100,87.9738979595,78.3752422653,88.9997144583,100,79.0999989215,70.1899999967,89,79.0999999544,88.9999999974,78.6313740147
592,0.385223768647,95,6,1,2.15709960116e-07,79.1,100,87.9738979595,78.3752422653,88.9997144583,100,79.0999991372,70.1899999967,89,79.099999963,88.9999999979,78.6313740147
593,0.385198766564,98,3,1,0,79.1,100,87.9738979595,78.3752422653,88.9997144583,100,79.0999991372,70.1899999967,89,79.099999963,88.9999999979,78.6313740147
594,0.38517376448,94,7,1,1.72567965251e-07,79.1,100,87.9738979595,78.3752422653,88.9997144583,100,79.0999993097,70.1899999974,89,79.099999963,88.9999999979,78.6313740147
595,0.385148762397,98,3,1,0,79.1,100,87.9738979595,78.3752422653,88.9997144583,100,79.0999993097,70.1899999974,89,79.099999963,88.9999999979,78.6313740147
596,0.385123760313,98,3,1,0,79.1,100,87.9738979595,78.3752422653,88.9997144583,100,79.0999993097,70.1899999974,89,79.099999963,88.9999999979,78.6313740147
597,0.38509875823,98,3,1,0,79.1,100,87.9738979595,78.3752422653,88.9997144583,100,79.0999993097,70.1899999974,89,79.099999963,88.9999999979,78.6313740147
598,0.385073756146,98,3,1,0,79.1,100,87.9738979595,78.3752422653,88.9997144583,100,79.0999993097,70.1899999974,89,79.099999963,88.9999999979,78.6313740147
599,0.385048754063,95,6,1,7.01385260982e-09,79.1,100,87.9738979595,78.3752422653,88.9997144583,100,79.0999993097,70.1899999979,89,79.0999999701,88.9999999983,78.6313740147
600,0.385023751979,96,5,1,1.38054375043e-07,79.1,100,87.9738979595,78.3752422653,88.9997144583,100,79.0999994478,70.1899999979,89,79.0999999701,88.9999999983,78.6313740147
601,0.384998749896,97,4,1,5.68640246001e-09,79.1,100,87.9738979595,78.3752422653,88.9997144583,100,79.0999994478,70.1899999979,89,79.0999999757,88.9999999987,78.6313740147
602,0.384973747812,94,7,1,0.205220408093,79.1,100,88.1791183676,78.3752422653,88.9997144583,100,79.0999995582,70.1899999979,89,79.0999999804,88.9999999989,78.6313740147
603,0.384948745729,98,3,1,0,79.1,100,88.1791183676,78.3752422653,88.9997144583,100,79.0999995582,70.1899999979,89,79.0999999804,88.9999999989,78.6313740147
604,0.384923743645,98,3,1,0,79.1,100,88.1791183676,78.3752422653,88.9997144583,100,79.0999995582,70.1899999979,89,79.0999999804,88.9999999989,78.6313740147
605,0.384898741562,94,7,1,1.59038634706e-07,79.1,100,88.1791183676,78.3752422653,88.9997144583,100,79.0999997173,70.1899999979,89,79.0999999804,88.9999999989,78.6313740147
606,0.384873739478,94,7,1,5.65470656966e-08,79.1,100,88.1791183676,78.3752422653,88.9997144583,100,79.0999997738,70.1899999983,89,79.0999999804,88.9999999989,78.6313740147
607,0.384848737395,98,3,1,0,79.1,100,88.1791183676,78.3752422653,88.9997144583,100,79.0999997738,70.1899999983,89,79.0999999804,88.9999999989,78.6313740147
608,0.384823735311,98,3,1,0,79.1,100,88.1791183676,78.3752422653,88.9997144583,100,79.0999997738,70.1899999983,89,79.0999999804,88.9999999989,78.6313740147
609,0.384798733228,97,4,1,5.71083367618e-05,79.1,100,88.1791183676,78.3752422653,88.9997715666,100,79.0999997738,70.1899999983,89,79.0999999804,88.9999999989,78.6313740147
610,0.384773731144,98,3,1,0,79.1,100,88.1791183676,78.3752422653,88.9997715666,100,79.0999997738,70.1899999983,89,79.0999999804,88.9999999989,78.6313740147
611,0.384748729061,97,4,1,3.73582054181e-09,79.1,100,88.1791183676,78.3752422653,88.9997715666,100,79.0999997738,70.1899999983,89,79.0999999841,88.9999999991,78.6313740147
612,0.384723726977,98,3,1,0,79.1,100,88.1791183676,78.3752422653,88.9997715666,100,79.0999997738,70.1899999983,89,79.0999999841,88.9999999991,78.6313740147
613,0.384698724894,95,6,1,3.02729574742e-09,79.1,100,88.1791183676,78.3752422653,88.9997715666,100,79.0999997738,70.1899999987,89,79.0999999871,88.9999999993,78.6313740147
614,0.38467372281,96,5,1,4.52376553994e-08,79.1,100,88.1791183676,78.3752422653,88.9997715666,100,79.099999819,70.1899999987,89,79.0999999871,88.9999999993,78.6313740147
615,0.384648720727,94,7,1,3.61901300039e-08,79.1,100,88.1791183676,78.3752422653,88.9997715666,100,79.0999998552,70.1899999989,89,79.0999999871,88.9999999993,78.6313740147
616,0.384623718643,98,3,1,0,79.1,100,88.1791183676,78.3752422653,88.9997715666,100,79.0999998552,70.1899999989,89,79.0999999871,88.9999999993,78.6313740147
617,0.38459871656,98,3,1,0,79.1,100,88.1791183676,78.3752422653,88.9997715666,100,79.0999998552,70.1899999989,89,79.0999999871,88.9999999993,78.6313740147
618,0.384573714476,98,3,1,0,79.1,100,88.1791183676,78.3752422653,88.9997715666,100,79.0999998552,70.1899999989,89,79.0999999871,88.9999999993,78.6313740147
619,0.384548712393,98,3,1,0,79.1,100,88.1791183676,78.3752422653,88.9997715666,100,79.0999998552,70.1899999989,89,79.0999999871,88.9999999993,78.6313740147
620,0.384523710309,98,3,1,0,79.1,100,88.1791183676,78.3752422653,88.9997715666,100,79.0999998552,70.1899999989,89,79.0999999871,88.9999999993,78.6313740147
621,0.384498708226,97,4,1,4.56866697789e-05,79.1,100,88.1791183676,78.3752422653,88.9998172533,100,79.0999998552,70.1899999989,89,79.0999999871,88.9999999993,78.6313740147
622,0.384473706142,97,4,1,2.45277931299e-09,79.1,100,88.1791183676,78.3752422653,88.9998172533,100,79.0999998552,70.1899999989,89,79.0999999896,88.9999999994,78.6313740147
623,0.384448704059,98,3,1,0,79.1,100,88.1791183676,78.3752422653,88.9998172533,100,79.0999998552,70.1899999989,89,79.0999999896,88.9999999994,78.6313740147
624,0.384423701975,91,10,1,0.164176326474,79.1,100,88.3432946941,78.3752422653,88.9998538027,100,79.0999999074,70.1899999989,89,79.0999999916,88.9999999996,78.6313740147
625,0.384398699892,95,6,1,0.0937251970569,79.1,100,88.3432946941,78.3752422653,88.9998830421,100,79.0999999074,70.1899999989,89,79.0999999932,88.9999999996,78.7250992118
626,0.384373697808,98,3,1,0,79.1,100,88.3432946941,78.3752422653,88.9998830421,100,79.0999999074,70.1899999989,89,79.0999999932,88.9999999996,78.7250992118
627,0.384348695725,96,5,1,1.8529348722e-08,79.1,100,88.3432946941,78.3752422653,88.9998830421,100,79.0999999259,70.1899999989,89,79.0999999932,88.9999999996,78.7250992118
628,0.384323693641,97,4,1,1.28756028062e-09,79.1,100,88.3432946941,78.3752422653,88.9998830421,100,79.0999999259,70.1899999989,89,79.0999999945,88.9999999996,78.7250992118
629,0.384298691558,94,7,1,3.85739440389e-10,79.1,100,88.3432946941,78.3752422653,88.9998830421,100,79.0999999259,70.1899999993,89,79.0999999945,88.9999999996,78.7250992118
630,0.384273689474,98,3,1,0,79.1,100,88.3432946941,78.3752422653,88.9998830421,100,79.0999999259,70.1899999993,89,79.0999999945,88.9999999996,78.7250992118
631,0.384248687391,98,3,1,0,79.1,100,88.3432946941,78.3752422653,88.9998830421,100,79.0999999259,70.1899999993,89,79.0999999945,88.9999999996,78.7250992118
632,0.384223685307,98,3,1,0,79.1,100,88.3432946941,78.3752422653,88.9998830421,100,79.0999999259,70.1899999993,89,79.0999999945,88.9999999996,78.7250992118
633,0.384198683224,98,3,1,0,79.1,100,88.3432946941,78.3752422653,88.9998830421,100,79.0999999259,70.1899999993,89,79.0999999945,88.9999999996,78.7250992118
634,0.38417368114,96,5,1,1.48234704511e-08,79.1,100,88.3432946941,78.3752422653,88.9998830421,100,79.0999999407,70.1899999993,89,79.0999999945,88.9999999996,78.7250992118
635,0.384148679057,98,3,1,0,79.1,100,88.3432946941,78.3752422653,88.9998830421,100,79.0999999407,70.1899999993,89,79.0999999945,88.9999999996,78.7250992118
636,0.384123676973,96,5,1,1.37148958856e-10,79.1,100,88.3432946941,78.3752422653,88.9998830421,100,79.0999999407,70.1899999995,89,79.0999999945,88.9999999996,78.7250992118
637,0.38409867489,97,4,1,1.04593311789e-09,79.1,100,88.3432946941,78.3752422653,88.9998830421,100,79.0999999407,70.1899999995,89,79.0999999955,88.9999999997,78.7250992118
638,0.384073672806,94,7,1,0.131341061179,79.1,100,88.4746357553,78.3752422653,88.9998830421,100,79.0999999526,70.1899999995,89,79.0999999963,88.9999999998,78.7250992118
639,0.384048670723,98,3,1,0,79.1,100,88.4746357553,78.3752422653,88.9998830421,100,79.0999999526,70.1899999995,89,79.0999999963,88.9999999998,78.7250992118
640,0.384023668639,98,3,1,0,79.1,100,88.4746357553,78.3752422653,88.9998830421,100,79.0999999526,70.1899999995,89,79.0999999963,88.9999999998,78.7250992118
641,0.383998666556,98,3,1,0,79.1,100,88.4746357553,78.3752422653,88.9998830421,100,79.0999999526,70.1899999995,89,79.0999999963,88.9999999998,78.7250992118
642,0.383973664472,95,6,1,2.33915751551e-05,79.1,100,88.4746357553,78.3752422653,88.9999064337,100,79.0999999621,70.1899999995,89,79.0999999963,88.9999999998,78.7250992118
643,0.383948662389,98,3,1,0,79.1,100,88.4746357553,78.3752422653,88.9999064337,100,79.0999999621,70.1899999995,89,79.0999999963,88.9999999998,78.7250992118
644,0.383923660305,98,3,1,0,79.1,100,88.4746357553,78.3752422653,88.9999064337,100,79.0999999621,70.1899999995,89,79.0999999963,88.9999999998,78.7250992118
645,0.383898658222,98,3,1,0,79.1,100,88.4746357553,78.3752422653,88.9999064337,100,79.0999999621,70.1899999995,89,79.0999999963,88.9999999998,78.7250992118
646,0.383873656138,98,3,1,0,79.1,100,88.4746357553,78.3752422653,88.9999064337,100,79.0999999621,70.1899999995,89,79.0999999963,88.9999999998,78.7250992118
647,0.383848654055,98,3,1,0,79.1,100,88.4746357553,78.3752422653,88.9999064337,100,79.0999999621,70.1899999995,89,79.0999999963,88.9999999998,78.7250992118
648,0.383823651971,98,3,1,0,79.1,100,88.4746357553,78.3752422653,88.9999064337,100,79.0999999621,70.1899999995,89,79.0999999963,88.9999999998,78.7250992118
649,0.383798649887,98,3,1,0,79.1,100,88.4746357553,78.3752422653,88.9999064337,100,79.0999999621,70.1899999995,89,79.0999999963,88.9999999998,78.7250992118
650,0.383773647804,97,4,1,1.87132601468e-05,79.1,100,88.4746357553,78.3752422653,88.999925147,100,79.0999999621,70.1899999995,89,79.0999999963,88.9999999998,78.7250992118
651,0.38374864572,97,4,1,6.89752255312e-10,79.1,100,88.4746357553,78.3752422653,88.999925147,100,79.0999999621,70.1899999995,89,79.099999997,88.9999999998,78.7250992118
652,0.383723643637,95,6,1,1.49706081487e-05,79.1,100,88.4746357553,78.3752422653,88.9999401176,100,79.0999999621,70.1899999996,89,79.099999997,88.9999999998,78.7250992118
653,0.383698641553,98,3,1,0,79.1,100,88.4746357553,78.3752422653,88.9999401176,100,79.0999999621,70.1899999996,89,79.099999997,88.9999999998,78.7250992118
654,0.38367363947,95,6,1,1.1976486519e-05,79.1,100,88.4746357553,78.3752422653,88.9999520941,100,79.0999999696,70.1899999996,89,79.099999997,88.9999999998,78.7250992118
655,0.383648637386,96,5,1,6.07170136391e-09,79.1,100,88.4746357553,78.3752422653,88.9999520941,100,79.0999999757,70.1899999996,89,79.099999997,88.9999999998,78.7250992118
656,0.383623635303,98,3,1,0,79.1,100,88.4746357553,78.3752422653,88.9999520941,100,79.0999999757,70.1899999996,89,79.099999997,88.9999999998,78.7250992118
657,0.383598633219,98,3,1,0,79.1,100,88.4746357553,78.3752422653,88.9999520941,100,79.0999999757,70.1899999996,89,79.099999997,88.9999999998,78.7250992118
658,0.383573631136,96,5,1,4.85735540678e-09,79.1,100,88.4746357553,78.3752422653,88.9999520941,100,79.0999999806,70.1899999996,89,79.099999997,88.9999999998,78.7250992118
659,0.383548629052,96,5,1,0.105072848943,79.1,100,88.5797086042,78.3752422653,88.9999616752,100,79.0999999806,70.1899999996,89,79.099999997,88.9999999998,78.7250992118
660,0.383523626969,98,3,1,0,79.1,100,88.5797086042,78.3752422653,88.9999616752,100,79.0999999806,70.1899999996,89,79.099999997,88.9999999998,78.7250992118
661,0.383498624885,98,3,1,0,79.1,100,88.5797086042,78.3752422653,88.9999616752,100,79.0999999806,70.1899999996,89,79.099999997,88.9999999998,78.7250992118
662,0.383473622802,98,3,1,0,79.1,100,88.5797086042,78.3752422653,88.9999616752,100,79.0999999806,70.1899999996,89,79.099999997,88.9999999998,78.7250992118
663,0.383448620718,98,3,1,0,79.1,100,88.5797086042,78.3752422653,88.9999616752,100,79.0999999806,70.1899999996,89,79.099999997,88.9999999998,78.7250992118
664,0.383423618635,95,6,1,0.0749801576455,79.1,100,88.5797086042,78.3752422653,88.9999616752,100,79.0999999806,70.1899999996,89,79.099999998,88.9999999999,78.8000793694
665,0.383398616551,95,6,1,3.64892116522e-10,79.1,100,88.5797086042,78.3752422653,88.9999616752,100,79.0999999806,70.1899999996,89,79.0999999984,88.9999999999,78.8000793694
666,0.383373614468,98,3,1,0,79.1,100,88.5797086042,78.3752422653,88.9999616752,100,79.0999999806,70.1899999996,89,79.0999999984,88.9999999999,78.8000793694
667,0.383348612384,97,4,1,2.9713476124e-10,79.1,100,88.5797086042,78.3752422653,88.9999616752,100,79.0999999806,70.1899999996,89,79.0999999987,88.9999999999,78.8000793694
668,0.383323610301,98,3,1,0,79.1,100,88.5797086042,78.3752422653,88.9999616752,100,79.0999999806,70.1899999996,89,79.0999999987,88.9999999999,78.8000793694
669,0.383298608217,96,5,1,3.8858871676e-09,79.1,100,88.5797086042,78.3752422653,88.9999616752,100,79.0999999845,70.1899999996,89,79.0999999987,88.9999999999,78.8000793694
670,0.383273606134,98,3,1,0,79.1,100,88.5797086042,78.3752422653,88.9999616752,100,79.0999999845,70.1899999996,89,79.0999999987,88.9999999999,78.8000793694
671,0.38324860405,98,3,1,0,79.1,100,88.5797086042,78.3752422653,88.9999616752,100,79.0999999845,70.1899999996,89,79.0999999987,88.9999999999,78.8000793694
672,0.383223601967,98,3,1,0,79.1,100,88.5797086042,78.3752422653,88.9999616752,100,79.0999999845,70.1899999996,89,79.0999999987,88.9999999999,78.8000793694
673,0.383198599883,96,5,1,7.02158331478e-11,79.1,100,88.5797086042,78.3752422653,88.9999616752,100,79.0999999845,70.1899999997,89,79.0999999987,88.9999999999,78.8000793694
674,0.3831735978,98,3,1,0,79.1,100,88.5797086042,78.3752422653,88.9999616752,100,79.0999999845,70.1899999997,89,79.0999999987,88.9999999999,78.8000793694
675,0.383148595716,96,5,1,3.10870973408e-09,79.1,100,88.5797086042,78.3752422653,88.9999616752,100,79.0999999876,70.1899999997,89,79.0999999987,88.9999999999,78.8000793694
676,0.383123593633,97,4,1,7.66495139715e-06,79.1,100,88.5797086042,78.3752422653,88.9999693402,100,79.0999999876,70.1899999997,89,79.0999999987,88.9999999999,78.8000793694
677,0.383098591549,96,5,1,2.48697062943e-09,79.1,100,88.5797086042,78.3752422653,88.9999693402,100,79.0999999901,70.1899999997,89,79.0999999987,88.9999999999,78.8000793694
678,0.383073589466,97,4,1,2.41882958107e-10,79.1,100,88.5797086042,78.3752422653,88.9999693402,100,79.0999999901,70.1899999997,89,79.0999999989,88.9999999999,78.8000793694
679,0.383048587382,98,3,1,0,79.1,100,88.5797086042,78.3752422653,88.9999693402,100,79.0999999901,70.1899999997,89,79.0999999989,88.9999999999,78.8000793694
680,0.383023585299,97,4,1,6.13196112909e-06,79.1,100,88.5797086042,78.3752422653,88.9999754722,100,79.0999999901,70.1899999997,89,79.0999999989,88.9999999999,78.8000793694
681,0.382998583215,98,3,1,0,79.1,100,88.5797086042,78.3752422653,88.9999754722,100,79.0999999901,70.1899999997,89,79.0999999989,88.9999999999,78.8000793694
682,0.382973581132,97,4,1,4.90556890043e-06,79.1,100,88.5797086042,78.3752422653,88.9999803777,100,79.0999999901,70.1899999997,89,79.0999999989,88.9999999999,78.8000793694
683,0.382948579048,94,7,1,0.0599841261164,79.1,100,88.5797086042,78.3752422653,88.9999803777,100,79.0999999901,70.1899999998,89,79.0999999991,88.9999999999,78.8600634955
684,0.382923576965,97,4,1,3.92445512887e-06,79.1,100,88.5797086042,78.3752422653,88.9999843022,100,79.0999999901,70.1899999998,89,79.0999999991,88.9999999999,78.8600634955
685,0.382898574881,98,3,1,0,79.1,100,88.5797086042,78.3752422653,88.9999843022,100,79.0999999901,70.1899999998,89,79.0999999991,88.9999999999,78.8600634955
686,0.382873572798,98,3,1,0,79.1,100,88.5797086042,78.3752422653,88.9999843022,100,79.0999999901,70.1899999998,89,79.0999999991,88.9999999999,78.8600634955
687,0.382848570714,98,3,1,0,79.1,100,88.5797086042,78.3752422653,88.9999843022,100,79.0999999901,70.1899999998,89,79.0999999991,88.9999999999,78.8600634955
688,0.382823568631,98,3,1,0,79.1,100,88.5797086042,78.3752422653,88.9999843022,100,79.0999999901,70.1899999998,89,79.0999999991,88.9999999999,78.8600634955
689,0.382798566547,98,3,1,0,79.1,100,88.5797086042,78.3752422653,88.9999843022,100,79.0999999901,70.1899999998,89,79.0999999991,88.9999999999,78.8600634955
690,0.382773564464,98,3,1,0,79.1,100,88.5797086042,78.3752422653,88.9999843022,100,79.0999999901,70.1899999998,89,79.0999999991,88.9999999999,78.8600634955
691,0.38274856238,98,3,1,0,79.1,100,88.5797086042,78.3752422653,88.9999843022,100,79.0999999901,70.1899999998,89,79.0999999991,88.9999999999,78.8600634955
692,0.382723560297,98,3,1,0,79.1,100,88.5797086042,78.3752422653,88.9999843022,100,79.0999999901,70.1899999998,89,79.0999999991,88.9999999999,78.8600634955
693,0.382698558213,97,4,1,3.13956410025e-06,79.1,100,88.5797086042,78.3752422653,88.9999874417,100,79.0999999901,70.1899999998,89,79.0999999991,88.9999999999,78.8600634955
694,0.38267355613,95,6,1,1.57484691954e-10,79.1,100,88.5797086042,78.3752422653,88.9999874417,100,79.0999999901,70.1899999998,89,79.0999999993,88.9999999999,78.8600634955
695,0.382648554046,97,4,1,1.28650867737e-10,79.1,100,88.5797086042,78.3752422653,88.9999874417,100,79.0999999901,70.1899999998,89,79.0999999994,89,78.8600634955
696,0.382623551963,98,3,1,0,79.1,100,88.5797086042,78.3752422653,88.9999874417,100,79.0999999901,70.1899999998,89,79.0999999994,89,78.8600634955
697,0.382598549879,96,5,1,3.59534624295e-11,79.1,100,88.5797086042,78.3752422653,88.9999874417,100,79.0999999901,70.1899999999,89,79.0999999994,89,78.8600634955
698,0.382573547796,96,5,1,2.87627699436e-11,79.1,100,88.5797086042,78.3752422653,88.9999874417,100,79.0999999901,70.1899999999,89,79.0999999994,89,78.8600634955
699,0.382548545712,95,6,1,0.0479873008931,79.1,100,88.5797086042,78.3752422653,88.9999899534,100,79.0999999901,70.1899999999,89,79.0999999995,89,78.9080507964
700,0.382523543629,98,3,1,0,79.1,100,88.5797086042,78.3752422653,88.9999899534,100,79.0999999901,70.1899999999,89,79.0999999995,89,78.9080507964
701,0.382498541545,96,5,1,0.0383898407145,79.1,100,88.5797086042,78.3752422653,88.9999899534,100,79.0999999901,70.1899999999,89,79.0999999996,89,78.9464406371
702,0.382473539462,98,3,1,0,79.1,100,88.5797086042,78.3752422653,88.9999899534,100,79.0999999901,70.1899999999,89,79.0999999996,89,78.9464406371
703,0.382448537378,98,3,1,0,79.1,100,88.5797086042,78.3752422653,88.9999899534,100,79.0999999901,70.1899999999,89,79.0999999996,89,78.9464406371
704,0.382423535295,98,3,1,0,79.1,100,88.5797086042,78.3752422653,88.9999899534,100,79.0999999901,70.1899999999,89,79.0999999996,89,78.9464406371
705,0.382398533211,98,3,1,0,79.1,100,88.5797086042,78.3752422653,88.9999899534,100,79.0999999901,70.1899999999,89,79.0999999996,89,78.9464406371
706,0.382373531128,98,3,1,0,79.1,100,88.5797086042,78.3752422653,88.9999899534,100,79.0999999901,70.1899999999,89,79.0999999996,89,78.9464406371
707,0.382348529044,96,5,1,2.30073737839e-11,79.1,100,88.5797086042,78.3752422653,88.9999899534,100,79.0999999901,70.1899999999,89,79.0999999996,89,78.9464406371
708,0.382323526961,93,8,1,0.260912784471,79.1,100,88.5797086042,78.6361550498,88.9999919627,100,79.0999999901,70.1899999999,89,79.0999999996,89,78.9464406371
709,0.382298524877,98,3,1,0,79.1,100,88.5797086042,78.6361550498,88.9999919627,100,79.0999999901,70.1899999999,89,79.0999999996,89,78.9464406371
710,0.382273522794,94,7,1,1.98957650355e-09,79.1,100,88.5797086042,78.6361550498,88.9999919627,100,79.099999992,70.1899999999,89,79.0999999996,89,78.9464406371
711,0.38224852071,95,6,1,1.60745682365e-06,79.1,100,88.5797086042,78.6361550498,88.9999935702,100,79.0999999936,70.1899999999,89,79.0999999996,89,78.9464406371
712,0.382223518627,94,7,1,2.65032440439e-11,79.1,100,88.5797086042,78.6361550498,88.9999935702,100,79.0999999936,70.19,89,79.0999999996,89,78.9464406371
713,0.382198516543,95,6,1,0.0840582791547,79.1,100,88.6637668834,78.6361550498,88.9999948561,100,79.0999999936,70.19,89,79.0999999997,89,78.9464406371
714,0.38217351446,98,3,1,0,79.1,100,88.6637668834,78.6361550498,88.9999948561,100,79.0999999936,70.19,89,79.0999999997,89,78.9464406371
715,0.382148512376,97,4,1,1.02877235975e-06,79.1,100,88.6637668834,78.6361550498,88.9999958849,100,79.0999999936,70.19,89,79.0999999997,89,78.9464406371
716,0.382123510293,98,3,1,0,79.1,100,88.6637668834,78.6361550498,88.9999958849,100,79.0999999936,70.19,89,79.0999999997,89,78.9464406371
717,0.382098508209,96,5,1,1.27332100419e-09,79.1,100,88.6637668834,78.6361550498,88.9999958849,100,79.0999999949,70.19,89,79.0999999997,89,78.9464406371
718,0.382073506126,96,5,1,9.42179667618e-12,79.1,100,88.6637668834,78.6361550498,88.9999958849,100,79.0999999949,70.19,89,79.0999999997,89,78.9464406371
719,0.382048504042,98,3,1,0,79.1,100,88.6637668834,78.6361550498,88.9999958849,100,79.0999999949,70.19,89,79.0999999997,89,78.9464406371
720,0.382023501958,97,4,1,5.73550096306e-11,79.1,100,88.6637668834,78.6361550498,88.9999958849,100,79.0999999949,70.19,89,79.0999999997,89,78.9464406371
721,0.381998499875,95,6,1,8.23017899165e-07,79.1,100,88.6637668834,78.6361550498,88.9999967079,100,79.0999999949,70.19,89,79.0999999997,89,78.9464406371
722,0.381973497791,98,3,1,0,79.1,100,88.6637668834,78.6361550498,88.9999967079,100,79.0999999949,70.19,89,79.0999999997,89,78.9464406371
723,0.381948495708,96,5,1,1.0186624877e-09,79.1,100,88.6637668834,78.6361550498,88.9999967079,100,79.0999999959,70.19,89,79.0999999997,89,78.9464406371
724,0.381923493624,97,4,1,6.58414307964e-07,79.1,100,88.6637668834,78.6361550498,88.9999973663,100,79.0999999959,70.19,89,79.0999999997,89,78.9464406371
725,0.381898491541,98,3,1,0,79.1,100,88.6637668834,78.6361550498,88.9999973663,100,79.0999999959,70.19,89,79.0999999997,89,78.9464406371
726,0.381873489457,98,3,1,0,79.1,100,88.6637668834,78.6361550498,88.9999973663,100,79.0999999959,70.19,89,79.0999999997,89,78.9464406371
727,0.381848487374,98,3,1,0,79.1,100,88.6637668834,78.6361550498,88.9999973663,100,79.0999999959,70.19,89,79.0999999997,89,78.9464406371
728,0.38182348529,98,3,1,0,79.1,100,88.6637668834,78.6361550498,88.9999973663,100,79.0999999959,70.19,89,79.0999999997,89,78.9464406371
729,0.381798483207,98,3,1,0,79.1,100,88.6637668834,78.6361550498,88.9999973663,100,79.0999999959,70.19,89,79.0999999997,89,78.9464406371
730,0.381773481123,98,3,1,0,79.1,100,88.6637668834,78.6361550498,88.9999973663,100,79.0999999959,70.19,89,79.0999999997,89,78.9464406371
731,0.38174847904,97,4,1,5.26731454897e-07,79.1,100,88.6637668834,78.6361550498,88.9999978931,100,79.0999999959,70.19,89,79.0999999997,89,78.9464406371
732,0.381723476956,94,7,1,0.0307118725716,79.1,100,88.6637668834,78.6361550498,88.9999978931,100,79.0999999959,70.19,89,79.0999999998,89,78.9771525097
733,0.381698474873,98,3,1,0,79.1,100,88.6637668834,78.6361550498,88.9999978931,100,79.0999999959,70.19,89,79.0999999998,89,78.9771525097
734,0.381673472789,98,3,1,0,79.1,100,88.6637668834,78.6361550498,88.9999978931,100,79.0999999959,70.19,89,79.0999999998,89,78.9771525097
735,0.381648470706,98,3,1,0,79.1,100,88.6637668834,78.6361550498,88.9999978931,100,79.0999999959,70.19,89,79.0999999998,89,78.9771525097
736,0.381623468622,98,3,1,0,79.1,100,88.6637668834,78.6361550498,88.9999978931,100,79.0999999959,70.19,89,79.0999999998,89,78.9771525097
737,0.381598466539,98,3,1,0,79.1,100,88.6637668834,78.6361550498,88.9999978931,100,79.0999999959,70.19,89,79.0999999998,89,78.9771525097
738,0.381573464455,98,3,1,0,79.1,100,88.6637668834,78.6361550498,88.9999978931,100,79.0999999959,70.19,89,79.0999999998,89,78.9771525097
739,0.381548462372,98,3,1,0,79.1,100,88.6637668834,78.6361550498,88.9999978931,100,79.0999999959,70.19,89,79.0999999998,89,78.9771525097
740,0.381523460288,96,5,1,0.0672466233238,79.1,100,88.7310135067,78.6361550498,88.9999983145,100,79.0999999959,70.19,89,79.0999999998,89,78.9771525097
741,0.381498458205,98,3,1,0,79.1,100,88.7310135067,78.6361550498,88.9999983145,100,79.0999999959,70.19,89,79.0999999998,89,78.9771525097
742,0.381473456121,98,3,1,0,79.1,100,88.7310135067,78.6361550498,88.9999983145,100,79.0999999959,70.19,89,79.0999999998,89,78.9771525097
743,0.381448454038,97,4,1,3.37108133408e-07,79.1,100,88.7310135067,78.6361550498,88.9999986516,100,79.0999999959,70.19,89,79.0999999998,89,78.9771525097
744,0.381423451954,97,4,1,3.74029696104e-11,79.1,100,88.7310135067,78.6361550498,88.9999986516,100,79.0999999959,70.19,89,79.0999999998,89,78.9771525097
745,0.381398449871,96,5,1,4.83169060317e-12,79.1,100,88.7310135067,78.6361550498,88.9999986516,100,79.0999999959,70.19,89,79.0999999998,89,78.9771525097
746,0.381373447787,98,3,1,0,79.1,100,88.7310135067,78.6361550498,88.9999986516,100,79.0999999959,70.19,89,79.0999999998,89,78.9771525097
747,0.381348445704,98,3,1,0,79.1,100,88.7310135067,78.6361550498,88.9999986516,100,79.0999999959,70.19,89,79.0999999998,89,78.9771525097
748,0.38132344362,98,3,1,0,79.1,100,88.7310135067,78.6361550498,88.9999986516,100,79.0999999959,70.19,89,79.0999999998,89,78.9771525097
749,0.381298441537,97,4,1,2.69686495358e-07,79.1,100,88.7310135067,78.6361550498,88.9999989213,100,79.0999999959,70.19,89,79.0999999998,89,78.9771525097
750,0.381273439453,98,3,1,0,79.1,100,88.7310135067,78.6361550498,88.9999989213,100,79.0999999959,70.19,89,79.0999999998,89,78.9771525097
751,0.38124843737,93,8,1,0.0245694980573,79.1,100,88.7310135067,78.6361550498,88.999999137,100,79.0999999967,70.19,89,79.0999999999,89,79.0017220078
752,0.381223435286,96,5,1,6.51937170915e-10,79.1,100,88.7310135067,78.6361550498,88.999999137,100,79.0999999974,70.19,89,79.0999999999,89,79.0017220078
753,0.381198433203,98,3,1,0,79.1,100,88.7310135067,78.6361550498,88.999999137,100,79.0999999974,70.19,89,79.0999999999,89,79.0017220078
754,0.381173431119,92,9,1,9.38797484196e-10,79.1,100,88.7310135067,78.6361550498,88.999999137,100,79.0999999983,70.19,89,79.0999999999,89,79.0017220078
755,0.381148429036,98,3,1,0,79.1,100,88.7310135067,78.6361550498,88.999999137,100,79.0999999983,70.19,89,79.0999999999,89,79.0017220078
756,0.381123426952,98,3,1,0,79.1,100,88.7310135067,78.6361550498,88.999999137,100,79.0999999983,70.19,89,79.0999999999,89,79.0017220078
757,0.381098424869,98,3,1,0,79.1,100,88.7310135067,78.6361550498,88.999999137,100,79.0999999983,70.19,89,79.0999999999,89,79.0017220078
758,0.381073422785,98,3,1,0,79.1,100,88.7310135067,78.6361550498,88.999999137,100,79.0999999983,70.19,89,79.0999999999,89,79.0017220078
759,0.381048420702,98,3,1,0,79.1,100,88.7310135067,78.6361550498,88.999999137,100,79.0999999983,70.19,89,79.0999999999,89,79.0017220078
760,0.381023418618,96,5,1,3.33798766405e-10,79.1,100,88.7310135067,78.6361550498,88.999999137,100,79.0999999987,70.19,89,79.0999999999,89,79.0017220078
761,0.380998416535,94,7,1,0.0927689900395,79.1,100,88.7848108054,78.7289240398,88.999999137,100,79.0999999987,70.19,89,79.0999999999,89,79.0017220078
762,0.380973414451,98,3,1,0,79.1,100,88.7848108054,78.7289240398,88.999999137,100,79.0999999987,70.19,89,79.0999999999,89,79.0017220078
763,0.380948412368,96,5,1,0.0430378389272,79.1,100,88.8278486443,78.7289240398,88.9999993096,100,79.0999999987,70.19,89,79.0999999999,89,79.0017220078
764,0.380923410284,98,3,1,0,79.1,100,88.8278486443,78.7289240398,88.9999993096,100,79.0999999987,70.19,89,79.0999999999,89,79.0017220078
765,0.380898408201,98,3,1,0,79.1,100,88.8278486443,78.7289240398,88.9999993096,100,79.0999999987,70.19,89,79.0999999999,89,79.0017220078
766,0.380873406117,98,3,1,0,79.1,100,88.8278486443,78.7289240398,88.9999993096,100,79.0999999987,70.19,89,79.0999999999,89,79.0017220078
767,0.380848404034,98,3,1,0,79.1,100,88.8278486443,78.7289240398,88.9999993096,100,79.0999999987,70.19,89,79.0999999999,89,79.0017220078
768,0.38082340195,96,5,1,3.0837554732e-12,79.1,100,88.8278486443,78.7289240398,88.9999993096,100,79.0999999987,70.19,89,79.0999999999,89,79.0017220078
769,0.380798399867,98,3,1,0,79.1,100,88.8278486443,78.7289240398,88.9999993096,100,79.0999999987,70.19,89,79.0999999999,89,79.0017220078
770,0.380773397783,96,5,1,2.67036170953e-10,79.1,100,88.8278486443,78.7289240398,88.9999993096,100,79.0999999989,70.19,89,79.0999999999,89,79.0017220078
771,0.3807483957,98,3,1,0,79.1,100,88.8278486443,78.7289240398,88.9999993096,100,79.0999999989,70.19,89,79.0999999999,89,79.0017220078
772,0.380723393616,96,5,1,2.47268872045e-12,79.1,100,88.8278486443,78.7289240398,88.9999993096,100,79.0999999989,70.19,89,79.0999999999,89,79.0017220078
773,0.380698391533,96,5,1,2.13631778934e-10,79.1,100,88.8278486443,78.7289240398,88.9999993096,100,79.0999999991,70.19,89,79.0999999999,89,79.0017220078
774,0.380673389449,95,6,1,1.38079485623e-07,79.1,100,88.8278486443,78.7289240398,88.9999994477,100,79.0999999991,70.19,89,79.0999999999,89,79.0017220078
775,0.380648387366,98,3,1,0,79.1,100,88.8278486443,78.7289240398,88.9999994477,100,79.0999999991,70.19,89,79.0999999999,89,79.0017220078
776,0.380623385282,98,3,1,0,79.1,100,88.8278486443,78.7289240398,88.9999994477,100,79.0999999991,70.19,89,79.0999999999,89,79.0017220078
777,0.380598383199,98,3,1,0,79.1,100,88.8278486443,78.7289240398,88.9999994477,100,79.0999999991,70.19,89,79.0999999999,89,79.0017220078
778,0.380573381115,97,4,1,1.10463588499e-07,79.1,100,88.8278486443,78.7289240398,88.9999995581,100,79.0999999991,70.19,89,79.0999999999,89,79.0017220078
779,0.380548379032,97,4,1,2.06199501918e-11,79.1,100,88.8278486443,78.7289240398,88.9999995581,100,79.0999999991,70.19,89,79.0999999999,89,79.0017220078
780,0.380523376948,98,3,1,0,79.1,100,88.8278486443,78.7289240398,88.9999995581,100,79.0999999991,70.19,89,79.0999999999,89,79.0017220078
781,0.380498374865,98,3,1,0,79.1,100,88.8278486443,78.7289240398,88.9999995581,100,79.0999999991,70.19,89,79.0999999999,89,79.0017220078
782,0.380473372781,98,3,1,0,79.1,100,88.8278486443,78.7289240398,88.9999995581,100,79.0999999991,70.19,89,79.0999999999,89,79.0017220078
783,0.380448370698,94,7,1,2.84217094304e-12,79.1,100,88.8278486443,78.7289240398,88.9999995581,100,79.0999999991,70.19,89,79.0999999999,89,79.0017220078
784,0.380423368614,98,3,1,0,79.1,100,88.8278486443,78.7289240398,88.9999995581,100,79.0999999991,70.19,89,79.0999999999,89,79.0017220078
785,0.380398366531,98,3,1,0,79.1,100,88.8278486443,78.7289240398,88.9999995581,100,79.0999999991,70.19,89,79.0999999999,89,79.0017220078
786,0.380373364447,98,3,1,0,79.1,100,88.8278486443,78.7289240398,88.9999995581,100,79.0999999991,70.19,89,79.0999999999,89,79.0017220078
787,0.380348362364,98,3,1,0,79.1,100,88.8278486443,78.7289240398,88.9999995581,100,79.0999999991,70.19,89,79.0999999999,89,79.0017220078
788,0.38032336028,98,3,1,0,79.1,100,88.8278486443,78.7289240398,88.9999995581,100,79.0999999991,70.19,89,79.0999999999,89,79.0017220078
789,0.380298358197,96,5,1,0.0344302711418,79.1,100,88.8622789154,78.7289240398,88.9999995581,100,79.0999999991,70.19,89,79.0999999999,89,79.0017220078
790,0.380273356113,96,5,1,1.70899738805e-10,79.1,100,88.8622789154,78.7289240398,88.9999995581,100,79.0999999993,70.19,89,79.0999999999,89,79.0017220078
791,0.38024835403,98,3,1,0,79.1,100,88.8622789154,78.7289240398,88.9999995581,100,79.0999999993,70.19,89,79.0999999999,89,79.0017220078
792,0.380223351946,97,4,1,1.3770318219e-11,79.1,100,88.8622789154,78.7289240398,88.9999995581,100,79.0999999993,70.19,89,79.0999999999,89,79.0017220078
793,0.380198349862,96,5,1,1.36722633215e-10,79.1,100,88.8622789154,78.7289240398,88.9999995581,100,79.0999999995,70.19,89,79.0999999999,89,79.0017220078
794,0.380173347779,98,3,1,0,79.1,100,88.8622789154,78.7289240398,88.9999995581,100,79.0999999995,70.19,89,79.0999999999,89,79.0017220078
795,0.380148345695,98,3,1,0,79.1,100,88.8622789154,78.7289240398,88.9999995581,100,79.0999999995,70.19,89,79.0999999999,89,79.0017220078
796,0.380123343612,98,3,1,0,79.1,100,88.8622789154,78.7289240398,88.9999995581,100,79.0999999995,70.19,89,79.0999999999,89,79.0017220078
797,0.380098341528,98,3,1,0,79.1,100,88.8622789154,78.7289240398,88.9999995581,100,79.0999999995,70.19,89,79.0999999999,89,79.0017220078
798,0.380073339445,98,3,1,0,79.1,100,88.8622789154,78.7289240398,88.9999995581,100,79.0999999995,70.19,89,79.0999999999,89,79.0017220078
799,0.380048337361,98,3,1,0,79.1,100,88.8622789154,78.7289240398,88.9999995581,100,79.0999999995,70.19,89,79.0999999999,89,79.0017220078
800,0.380023335278,98,3,1,0,79.1,100,88.8622789154,78.7289240398,88.9999995581,100,79.0999999995,70.19,89,79.0999999999,89,79.0017220078
801,0.379998333194,98,3,1,0,79.1,100,88.8622789154,78.7289240398,88.9999995581,100,79.0999999995,70.19,89,79.0999999999,89,79.0017220078
802,0.379973331111,98,3,1,0,79.1,100,88.8622789154,78.7289240398,88.9999995581,100,79.0999999995,70.19,89,79.0999999999,89,79.0017220078
803,0.379948329027,98,3,1,0,79.1,100,88.8622789154,78.7289240398,88.9999995581,100,79.0999999995,70.19,89,79.0999999999,89,79.0017220078
804,0.379923326944,98,3,1,0,79.1,100,88.8622789154,78.7289240398,88.9999995581,100,79.0999999995,70.19,89,79.0999999999,89,79.0017220078
805,0.37989832486,98,3,1,0,79.1,100,88.8622789154,78.7289240398,88.9999995581,100,79.0999999995,70.19,89,79.0999999999,89,79.0017220078
806,0.379873322777,97,4,1,1.12407860797e-11,79.1,100,88.8622789154,78.7289240398,88.9999995581,100,79.0999999995,70.19,89,79.1,89,79.0017220078
807,0.379848320693,96,5,1,1.09380948743e-10,79.1,100,88.8622789154,78.7289240398,88.9999995581,100,79.0999999996,70.19,89,79.1,89,79.0017220078
808,0.37982331861,96,5,1,8.74962324815e-11,79.1,100,88.8622789154,78.7289240398,88.9999995581,100,79.0999999996,70.19,89,79.1,89,79.0017220078
809,0.379798316526,97,4,1,9.18021214602e-12,79.1,100,88.8622789154,78.7289240398,88.9999995581,100,79.0999999996,70.19,89,79.1,89,79.0017220078
810,0.379773314443,95,6,1,8.83708821675e-08,79.1,100,88.8622789154,78.7289240398,88.9999996465,100,79.0999999997,70.19,89,79.1,89,79.0017220078
811,0.379748312359,98,3,1,0,79.1,100,88.8622789154,78.7289240398,88.9999996465,100,79.0999999997,70.19,89,79.1,89,79.0017220078
812,0.379723310276,98,3,1,0,79.1,100,88.8622789154,78.7289240398,88.9999996465,100,79.0999999997,70.19,89,79.1,89,79.0017220078
813,0.379698308192,96,5,1,5.60049784326e-11,79.1,100,88.8622789154,78.7289240398,88.9999996465,100,79.0999999998,70.19,89,79.1,89,79.0017220078
814,0.379673306109,96,5,1,4.4806824917e-11,79.1,100,88.8622789154,78.7289240398,88.9999996465,100,79.0999999998,70.19,89,79.1,89,79.0017220078
815,0.379648304025,98,3,1,0,79.1,100,88.8622789154,78.7289240398,88.9999996465,100,79.0999999998,70.19,89,79.1,89,79.0017220078
816,0.379623301942,96,5,1,0.0275442169134,79.1,100,88.8898231323,78.7289240398,88.9999997172,100,79.0999999998,70.19,89,79.1,89,79.0017220078
817,0.379598299858,98,3,1,0,79.1,100,88.8898231323,78.7289240398,88.9999997172,100,79.0999999998,70.19,89,79.1,89,79.0017220078
818,0.379573297775,98,3,1,0,79.1,100,88.8898231323,78.7289240398,88.9999997172,100,79.0999999998,70.19,89,79.1,89,79.0017220078
819,0.379548295691,98,3,1,0,79.1,100,88.8898231323,78.7289240398,88.9999997172,100,79.0999999998,70.19,89,79.1,89,79.0017220078
820,0.379523293608,98,3,1,0,79.1,100,88.8898231323,78.7289240398,88.9999997172,100,79.0999999998,70.19,89,79.1,89,79.0017220078
821,0.379498291524,97,4,1,7.48912043491e-12,79.1,100,88.8898231323,78.7289240398,88.9999997172,100,79.0999999998,70.19,89,79.1,89,79.0017220078
822,0.379473289441,95,6,1,6.11066752754e-12,79.1,100,88.8898231323,78.7289240398,88.9999997172,100,79.0999999998,70.19,89,79.1,89,79.0017220078
823,0.379448287357,98,3,1,0,79.1,100,88.8898231323,78.7289240398,88.9999997172,100,79.0999999998,70.19,89,79.1,89,79.0017220078
824,0.379423285274,98,3,1,0,79.1,100,88.8898231323,78.7289240398,88.9999997172,100,79.0999999998,70.19,89,79.1,89,79.0017220078
825,0.37939828319,98,3,1,0,79.1,100,88.8898231323,78.7289240398,88.9999997172,100,79.0999999998,70.19,89,79.1,89,79.0017220078
826,0.379373281107,98,3,1,0,79.1,100,88.8898231323,78.7289240398,88.9999997172,100,79.0999999998,70.19,89,79.1,89,79.0017220078
827,0.379348279023,98,3,1,0,79.1,100,88.8898231323,78.7289240398,88.9999997172,100,79.0999999998,70.19,89,79.1,89,79.0017220078
828,0.37932327694,98,3,1,0,79.1,100,88.8898231323,78.7289240398,88.9999997172,100,79.0999999998,70.19,89,79.1,89,79.0017220078
829,0.379298274856,98,3,1,0,79.1,100,88.8898231323,78.7289240398,88.9999997172,100,79.0999999998,70.19,89,79.1,89,79.0017220078
830,0.379273272773,96,5,1,8.10018718767e-13,79.1,100,88.8898231323,78.7289240398,88.9999997172,100,79.0999999998,70.19,89,79.1,89,79.0017220078
831,0.379248270689,98,3,1,0,79.1,100,88.8898231323,78.7289240398,88.9999997172,100,79.0999999998,70.19,89,79.1,89,79.0017220078
832,0.379223268606,98,3,1,0,79.1,100,88.8898231323,78.7289240398,88.9999997172,100,79.0999999998,70.19,89,79.1,89,79.0017220078
833,0.379198266522,98,3,1,0,79.1,100,88.8898231323,78.7289240398,88.9999997172,100,79.0999999998,70.19,89,79.1,89,79.0017220078
834,0.379173264439,94,7,1,3.58397755917e-11,79.1,100,88.8898231323,78.7289240398,88.9999997172,100,79.0999999999,70.19,89,79.1,89,79.0017220078
835,0.379148262355,96,5,1,2.86775048153e-11,79.1,100,88.8898231323,78.7289240398,88.9999997172,100,79.0999999999,70.19,89,79.1,89,79.0017220078
836,0.379123260272,98,3,1,0,79.1,100,88.8898231323,78.7289240398,88.9999997172,100,79.0999999999,70.19,89,79.1,89,79.0017220078
837,0.379098258188,98,3,1,0,79.1,100,88.8898231323,78.7289240398,88.9999997172,100,79.0999999999,70.19,89,79.1,89,79.0017220078
838,0.379073256105,93,8,1,0.0220353735307,79.1,100,88.9118585059,78.7289240398,88.9999997172,100,79.0999999999,70.19,89,79.1,89,79.0017220078
839,0.379048254021,98,3,1,0,79.1,100,88.9118585059,78.7289240398,88.9999997172,100,79.0999999999,70.19,89,79.1,89,79.0017220078
840,0.379023251938,98,3,1,0,79.1,100,88.9118585059,78.7289240398,88.9999997172,100,79.0999999999,70.19,89,79.1,89,79.0017220078
841,0.378998249854,98,3,1,0,79.1,100,88.9118585059,78.7289240398,88.9999997172,100,79.0999999999,70.19,89,79.1,89,79.0017220078
842,0.378973247771,98,3,1,0,79.1,100,88.9118585059,78.7289240398,88.9999997172,100,79.0999999999,70.19,89,79.1,89,79.0017220078
843,0.378948245687,98,3,1,0,79.1,100,88.9118585059,78.7289240398,88.9999997172,100,79.0999999999,70.19,89,79.1,89,79.0017220078
844,0.378923243604,98,3,1,0,79.1,100,88.9118585059,78.7289240398,88.9999997172,100,79.0999999999,70.19,89,79.1,89,79.0017220078
845,0.37889824152,94,7,1,1.83462134373e-11,79.1,100,88.9118585059,78.7289240398,88.9999997172,100,79.0999999999,70.19,89,79.1,89,79.0017220078
846,0.378873239437,98,3,1,0,79.1,100,88.9118585059,78.7289240398,88.9999997172,100,79.0999999999,70.19,89,79.1,89,79.0017220078
847,0.378848237353,98,3,1,0,79.1,100,88.9118585059,78.7289240398,88.9999997172,100,79.0999999999,70.19,89,79.1,89,79.0017220078
848,0.37882323527,96,5,1,4.12114786741e-13,79.1,100,88.9118585059,78.7289240398,88.9999997172,100,79.0999999999,70.19,89,79.1,89,79.0017220078
849,0.378798233186,98,3,1,0,79.1,100,88.9118585059,78.7289240398,88.9999997172,100,79.0999999999,70.19,89,79.1,89,79.0017220078
850,0.378773231103,98,3,1,0,79.1,100,88.9118585059,78.7289240398,88.9999997172,100,79.0999999999,70.19,89,79.1,89,79.0017220078
851,0.378748229019,96,5,1,3.2684965845e-13,79.1,100,88.9118585059,78.7289240398,88.9999997172,100,79.0999999999,70.19,89,79.1,89,79.0017220078
852,0.378723226936,98,3,1,0,79.1,100,88.9118585059,78.7289240398,88.9999997172,100,79.0999999999,70.19,89,79.1,89,79.0017220078
853,0.378698224852,94,7,1,4.83169060317e-13,79.1,100,88.9118585059,78.7289240398,88.9999997172,100,79.0999999999,70.19,89,79.1,89,79.0017220078
854,0.378673222769,98,3,1,0,79.1,100,88.9118585059,78.7289240398,88.9999997172,100,79.0999999999,70.19,89,79.1,89,79.0017220078
855,0.378648220685,97,4,1,3.31112914864e-12,79.1,100,88.9118585059,78.7289240398,88.9999997172,100,79.0999999999,70.19,89,79.1,89,79.0017220078
856,0.378623218602,98,3,1,0,79.1,100,88.9118585059,78.7289240398,88.9999997172,100,79.0999999999,70.19,89,79.1,89,79.0017220078
857,0.378598216518,97,4,1,5.65573543554e-08,79.1,100,88.9118585059,78.7289240398,88.9999997738,100,79.0999999999,70.19,89,79.1,89,79.0017220078
858,0.378573214435,94,7,1,3.12638803734e-13,79.1,100,88.9118585059,78.7289240398,88.9999997738,100,79.0999999999,70.19,89,79.1,89,79.0017220078
859,0.378548212351,96,5,1,1.46798129208e-11,79.1,100,88.9118585059,78.7289240398,88.9999997738,100,79.0999999999,70.19,89,79.1,89,79.0017220078
860,0.378523210268,97,4,1,4.52458834843e-08,79.1,100,88.9118585059,78.7289240398,88.999999819,100,79.0999999999,70.19,89,79.1,89,79.0017220078
861,0.378498208184,98,3,1,0,79.1,100,88.9118585059,78.7289240398,88.999999819,100,79.0999999999,70.19,89,79.1,89,79.0017220078
862,0.378473206101,96,5,1,1.17381659948e-11,79.1,100,88.9118585059,78.7289240398,88.999999819,100,79.1,70.19,89,79.1,89,79.0017220078
863,0.378448204017,98,3,1,0,79.1,100,88.9118585059,78.7289240398,88.999999819,100,79.1,70.19,89,79.1,89,79.0017220078
864,0.378423201933,98,3,1,0,79.1,100,88.9118585059,78.7289240398,88.999999819,100,79.1,70.19,89,79.1,89,79.0017220078
865,0.37839819985,98,3,1,0,79.1,100,88.9118585059,78.7289240398,88.999999819,100,79.1,70.19,89,79.1,89,79.0017220078
866,0.378373197766,90,11,1,0.0353800772025,79.1,100,88.9118585059,78.7289240398,88.999999819,100,79.1,70.19,89,79.1,89,79.037102085
867,0.378348195683,96,5,1,8.52651282912e-14,79.1,100,88.9118585059,78.7289240398,88.999999819,100,79.1,70.19,89,79.1,89,79.037102085
868,0.378323193599,97,4,1,1.71951342054e-12,79.1,100,88.9118585059,78.7289240398,88.999999819,100,79.1,70.19,89,79.1,89,79.037102085
869,0.378298191516,98,3,1,0,79.1,100,88.9118585059,78.7289240398,88.999999819,100,79.1,70.19,89,79.1,89,79.037102085
870,0.378273189432,96,5,1,7.1054273576e-14,79.1,100,88.9118585059,78.7289240398,88.999999819,100,79.1,70.19,89,79.1,89,79.037102085
871,0.378248187349,98,3,1,0,79.1,100,88.9118585059,78.7289240398,88.999999819,100,79.1,70.19,89,79.1,89,79.037102085
872,0.378223185265,96,5,1,5.68434188608e-14,79.1,100,88.9118585059,78.7289240398,88.999999819,100,79.1,70.19,89,79.1,89,79.037102085
873,0.378198183182,95,6,1,0.0742151920337,79.1,100,88.9118585059,78.8031392319,88.9999998552,100,79.1,70.19,89,79.1,89,79.037102085
874,0.378173181098,97,4,1,2.8957373388e-08,79.1,100,88.9118585059,78.8031392319,88.9999998842,100,79.1,70.19,89,79.1,89,79.037102085
875,0.378148179015,95,6,1,0.059372153627,79.1,100,88.9118585059,78.8625113855,88.9999998842,100,79.1,70.19,89,79.1,89,79.037102085
876,0.378123176931,97,4,1,2.31658958683e-08,79.1,100,88.9118585059,78.8625113855,88.9999999073,100,79.1,70.19,89,79.1,89,79.037102085
877,0.378098174848,98,3,1,0,79.1,100,88.9118585059,78.8625113855,88.9999999073,100,79.1,70.19,89,79.1,89,79.037102085
878,0.378073172764,98,3,1,0,79.1,100,88.9118585059,78.8625113855,88.9999999073,100,79.1,70.19,89,79.1,89,79.037102085
879,0.378048170681,97,4,1,1.85327166946e-08,79.1,100,88.9118585059,78.8625113855,88.9999999259,100,79.1,70.19,89,79.1,89,79.037102085
880,0.378023168597,93,8,1,0.0474977229016,79.1,100,88.9118585059,78.9100091084,88.9999999407,100,79.1,70.19,89,79.1,89,79.037102085
881,0.377998166514,98,3,1,0,79.1,100,88.9118585059,78.9100091084,88.9999999407,100,79.1,70.19,89,79.1,89,79.037102085
882,0.37797316443,98,3,1,0,79.1,100,88.9118585059,78.9100091084,88.9999999407,100,79.1,70.19,89,79.1,89,79.037102085
883,0.377948162347,98,3,1,0,79.1,100,88.9118585059,78.9100091084,88.9999999407,100,79.1,70.19,89,79.1,89,79.037102085
884,0.377923160263,98,3,1,0,79.1,100,88.9118585059,78.9100091084,88.9999999407,100,79.1,70.19,89,79.1,89,79.037102085
885,0.37789815818,98,3,1,0,79.1,100,88.9118585059,78.9100091084,88.9999999407,100,79.1,70.19,89,79.1,89,79.037102085
886,0.377873156096,97,4,1,1.18609335686e-08,79.1,100,88.9118585059,78.9100091084,88.9999999526,100,79.1,70.19,89,79.1,89,79.037102085
887,0.377848154013,98,3,1,0,79.1,100,88.9118585059,78.9100091084,88.9999999526,100,79.1,70.19,89,79.1,89,79.037102085
888,0.377823151929,98,3,1,0,79.1,100,88.9118585059,78.9100091084,88.9999999526,100,79.1,70.19,89,79.1,89,79.037102085
889,0.377798149846,96,5,1,0.0176282988246,79.1,100,88.9294868047,78.9100091084,88.9999999526,100,79.1,70.19,89,79.1,89,79.037102085
890,0.377773147762,97,4,1,9.4887582236e-09,79.1,100,88.9294868047,78.9100091084,88.999999962,100,79.1,70.19,89,79.1,89,79.037102085
891,0.377748145679,98,3,1,0,79.1,100,88.9294868047,78.9100091084,88.999999962,100,79.1,70.19,89,79.1,89,79.037102085
892,0.377723143595,98,3,1,0,79.1,100,88.9294868047,78.9100091084,88.999999962,100,79.1,70.19,89,79.1,89,79.037102085
893,0.377698141512,98,3,1,0,79.1,100,88.9294868047,78.9100091084,88.999999962,100,79.1,70.19,89,79.1,89,79.037102085
894,0.377673139428,98,3,1,0,79.1,100,88.9294868047,78.9100091084,88.999999962,100,79.1,70.19,89,79.1,89,79.037102085
895,0.377648137345,95,6,1,7.51754214434e-12,79.1,100,88.9294868047,78.9100091084,88.999999962,100,79.1,70.19,89,79.1,89,79.037102085
896,0.377623135261,96,5,1,6.01119154453e-12,79.1,100,88.9294868047,78.9100091084,88.999999962,100,79.1,70.19,89,79.1,89,79.037102085
897,0.377598133178,94,7,1,4.81747974845e-12,79.1,100,88.9294868047,78.9100091084,88.999999962,100,79.1,70.19,89,79.1,89,79.037102085
898,0.377573131094,98,3,1,0,79.1,100,88.9294868047,78.9100091084,88.999999962,100,79.1,70.19,89,79.1,89,79.037102085
899,0.377548129011,97,4,1,7.95807864051e-13,79.1,100,88.9294868047,78.9100091084,88.999999962,100,79.1,70.19,89,79.1,89,79.037102085
900,0.377523126927,94,7,1,3.85114162782e-12,79.1,100,88.9294868047,78.9100091084,88.999999962,100,79.1,70.19,89,79.1,89,79.037102085
901,0.377498124844,98,3,1,0,79.1,100,88.9294868047,78.9100091084,88.999999962,100,79.1,70.19,89,79.1,89,79.037102085
902,0.37747312276,98,3,1,0,79.1,100,88.9294868047,78.9100091084,88.999999962,100,79.1,70.19,89,79.1,89,79.037102085
903,0.377448120677,98,3,1,0,79.1,100,88.9294868047,78.9100091084,88.999999962,100,79.1,70.19,89,79.1,89,79.037102085
904,0.377423118593,98,3,1,0,79.1,100,88.9294868047,78.9100091084,88.999999962,100,79.1,70.19,89,79.1,89,79.037102085
905,0.37739811651,98,3,1,0,79.1,100,88.9294868047,78.9100091084,88.999999962,100,79.1,70.19,89,79.1,89,79.037102085
906,0.377373114426,95,6,1,0.0379981783213,79.1,100,88.9294868047,78.9480072867,88.9999999696,100,79.1,70.19,89,79.1,89,79.037102085
907,0.377348112343,97,4,1,6.53699316899e-13,79.1,100,88.9294868047,78.9480072867,88.9999999696,100,79.1,70.19,89,79.1,89,79.037102085
908,0.377323110259,98,3,1,0,79.1,100,88.9294868047,78.9480072867,88.9999999696,100,79.1,70.19,89,79.1,89,79.037102085
909,0.377298108176,95,6,1,3.0837554732e-12,79.1,100,88.9294868047,78.9480072867,88.9999999696,100,79.1,70.19,89,79.1,89,79.037102085
910,0.377273106092,98,3,1,0,79.1,100,88.9294868047,78.9480072867,88.9999999696,100,79.1,70.19,89,79.1,89,79.037102085
911,0.377248104009,98,3,1,0,79.1,100,88.9294868047,78.9480072867,88.9999999696,100,79.1,70.19,89,79.1,89,79.037102085
912,0.377223101925,97,4,1,4.26325641456e-13,79.1,100,88.9294868047,78.9480072867,88.9999999696,100,79.1,70.19,89,79.1,89,79.037102085
913,0.377198099842,97,4,1,3.41060513165e-13,79.1,100,88.9294868047,78.9480072867,88.9999999696,100,79.1,70.19,89,79.1,89,79.037102085
914,0.377173097758,97,4,1,2.84217094304e-13,79.1,100,88.9294868047,78.9480072867,88.9999999696,100,79.1,70.19,89,79.1,89,79.037102085
915,0.377148095675,95,6,1,6.07279559972e-09,79.1,100,88.9294868047,78.9480072867,88.9999999757,100,79.1,70.19,89,79.1,89,79.037102085
916,0.377123093591,98,3,1,0,79.1,100,88.9294868047,78.9480072867,88.9999999757,100,79.1,70.19,89,79.1,89,79.037102085
917,0.377098091508,95,6,1,4.85823647978e-09,79.1,100,88.9294868047,78.9480072867,88.9999999806,100,79.1,70.19,89,79.1,89,79.037102085
918,0.377073089424,96,5,1,1.42108547152e-14,79.1,100,88.9294868047,78.9480072867,88.9999999806,100,79.1,70.19,89,79.1,89,79.037102085
919,0.377048087341,98,3,1,0,79.1,100,88.9294868047,78.9480072867,88.9999999806,100,79.1,70.19,89,79.1,89,79.037102085
920,0.377023085257,97,4,1,2.27373675443e-13,79.1,100,88.9294868047,78.9480072867,88.9999999806,100,79.1,70.19,89,79.1,89,79.037102085
921,0.376998083174,98,3,1,0,79.1,100,88.9294868047,78.9480072867,88.9999999806,100,79.1,70.19,89,79.1,89,79.037102085
922,0.37697308109,98,3,1,0,79.1,100,88.9294868047,78.9480072867,88.9999999806,100,79.1,70.19,89,79.1,89,79.037102085
923,0.376948079007,98,3,1,0,79.1,100,88.9294868047,78.9480072867,88.9999999806,100,79.1,70.19,89,79.1,89,79.037102085
924,0.376923076923,98,3,1,0,79.1,100,88.9294868047,78.9480072867,88.9999999806,100,79.1,70.19,89,79.1,89,79.037102085
925,0.37689807484,96,5,1,1.97530880541e-12,79.1,100,88.9294868047,78.9480072867,88.9999999806,100,79.1,70.19,89,79.1,89,79.037102085
926,0.376873072756,98,3,1,0,79.1,100,88.9294868047,78.9480072867,88.9999999806,100,79.1,70.19,89,79.1,89,79.037102085
927,0.376848070673,98,3,1,0,79.1,100,88.9294868047,78.9480072867,88.9999999806,100,79.1,70.19,89,79.1,89,79.037102085
928,0.376823068589,98,3,1,0,79.1,100,88.9294868047,78.9480072867,88.9999999806,100,79.1,70.19,89,79.1,89,79.037102085
929,0.376798066506,98,3,1,0,79.1,100,88.9294868047,78.9480072867,88.9999999806,100,79.1,70.19,89,79.1,89,79.037102085
930,0.376773064422,98,3,1,0,79.1,100,88.9294868047,78.9480072867,88.9999999806,100,79.1,70.19,89,79.1,89,79.037102085
931,0.376748062339,98,3,1,0,79.1,100,88.9294868047,78.9480072867,88.9999999806,100,79.1,70.19,89,79.1,89,79.037102085
932,0.376723060255,98,3,1,0,79.1,100,88.9294868047,78.9480072867,88.9999999806,100,79.1,70.19,89,79.1,89,79.037102085
933,0.376698058172,96,5,1,1.57740487339e-12,79.1,100,88.9294868047,78.9480072867,88.9999999806,100,79.1,70.19,89,79.1,89,79.037102085
934,0.376673056088,98,3,1,0,79.1,100,88.9294868047,78.9480072867,88.9999999806,100,79.1,70.19,89,79.1,89,79.037102085
935,0.376648054005,95,6,1,0.0303985426571,79.1,100,88.9294868047,78.9784058294,88.9999999806,100,79.1,70.19,89,79.1,89,79.037102085
936,0.376623051921,97,4,1,3.88659771033e-09,79.1,100,88.9294868047,78.9784058294,88.9999999845,100,79.1,70.19,89,79.1,89,79.037102085
937,0.376598049837,95,6,1,1.26476606965e-12,79.1,100,88.9294868047,78.9784058294,88.9999999845,100,79.1,70.19,89,79.1,89,79.037102085
938,0.376573047754,98,3,1,0,79.1,100,88.9294868047,78.9784058294,88.9999999845,100,79.1,70.19,89,79.1,89,79.037102085
939,0.37654804567,97,4,1,1.13686837722e-13,79.1,100,88.9294868047,78.9784058294,88.9999999845,100,79.1,70.19,89,79.1,89,79.037102085
940,0.376523043587,98,3,1,0,79.1,100,88.9294868047,78.9784058294,88.9999999845,100,79.1,70.19,89,79.1,89,79.037102085
941,0.376498041503,97,4,1,9.94759830064e-14,79.1,100,88.9294868047,78.9784058294,88.9999999845,100,79.1,70.19,89,79.1,89,79.037102085
942,0.37647303942,96,5,1,1.00897068478e-12,79.1,100,88.9294868047,78.9784058294,88.9999999845,100,79.1,70.19,89,79.1,89,79.037102085
943,0.376448037336,97,4,1,3.10927816827e-09,79.1,100,88.9294868047,78.9784058294,88.9999999876,100,79.1,70.19,89,79.1,89,79.037102085
944,0.376423035253,98,3,1,0,79.1,100,88.9294868047,78.9784058294,88.9999999876,100,79.1,70.19,89,79.1,89,79.037102085
945,0.376398033169,98,3,1,0,79.1,100,88.9294868047,78.9784058294,88.9999999876,100,79.1,70.19,89,79.1,89,79.037102085
946,0.376373031086,95,6,1,2.48742537678e-09,79.1,100,88.9294868047,78.9784058294,88.9999999901,100,79.1,70.19,89,79.1,89,79.037102085
947,0.376348029002,96,5,1,6.39488462184e-13,79.1,100,88.9294868047,78.9784058294,88.9999999901,100,79.1,70.19,89,79.1,89,79.037102085
948,0.376323026919,97,4,1,7.1054273576e-14,79.1,100,88.9294868047,78.9784058294,88.9999999901,100,79.1,70.19,89,79.1,89,79.037102085
949,0.376298024835,98,3,1,0,79.1,100,88.9294868047,78.9784058294,88.9999999901,100,79.1,70.19,89,79.1,89,79.037102085
950,0.376273022752,98,3,1,0,79.1,100,88.9294868047,78.9784058294,88.9999999901,100,79.1,70.19,89,79.1,89,79.037102085
951,0.376248020668,93,8,1,0.0243188341257,79.1,100,88.9294868047,79.0027246635,88.9999999901,100,79.1,70.19,89,79.1,89,79.037102085
952,0.376223018585,96,5,1,5.11590769747e-13,79.1,100,88.9294868047,79.0027246635,88.9999999901,100,79.1,70.19,89,79.1,89,79.037102085
953,0.376198016501,98,3,1,0,79.1,100,88.9294868047,79.0027246635,88.9999999901,100,79.1,70.19,89,79.1,89,79.037102085
954,0.376173014418,98,3,1,0,79.1,100,88.9294868047,79.0027246635,88.9999999901,100,79.1,70.19,89,79.1,89,79.037102085
955,0.376148012334,96,5,1,1.42108547152e-14,79.1,100,88.9294868047,79.0027246635,88.9999999901,100,79.1,70.19,89,79.1,89,79.037102085
956,0.376123010251,97,4,1,4.26325641456e-14,79.1,100,88.9294868047,79.0027246635,88.9999999901,100,79.1,70.19,89,79.1,89,79.037102085
957,0.376098008167,92,9,1,0.0194550673006,79.1,100,88.9435894438,79.0221797308,88.9999999936,100,79.1,70.19,89,79.1,89,79.049681668
958,0.376073006084,96,5,1,0.0112821112477,79.1,100,88.954871555,79.0221797308,88.9999999949,100,79.1,70.19,89,79.1,89,79.049681668
959,0.376048004,97,4,1,1.01884722881e-09,79.1,100,88.954871555,79.0221797308,88.9999999959,100,79.1,70.19,89,79.1,89,79.049681668
960,0.376023001917,98,3,1,0,79.1,100,88.954871555,79.0221797308,88.9999999959,100,79.1,70.19,89,79.1,89,79.049681668
961,0.375997999833,98,3,1,0,79.1,100,88.954871555,79.0221797308,88.9999999959,100,79.1,70.19,89,79.1,89,79.049681668
962,0.37597299775,98,3,1,0,79.1,100,88.954871555,79.0221797308,88.9999999959,100,79.1,70.19,89,79.1,89,79.049681668
963,0.375947995666,96,5,1,4.12114786741e-13,79.1,100,88.954871555,79.0221797308,88.9999999959,100,79.1,70.19,89,79.1,89,79.049681668
964,0.375922993583,98,3,1,0,79.1,100,88.954871555,79.0221797308,88.9999999959,100,79.1,70.19,89,79.1,89,79.049681668
965,0.375897991499,95,6,1,3.2684965845e-13,79.1,100,88.954871555,79.0221797308,88.9999999959,100,79.1,70.19,89,79.1,89,79.049681668
966,0.375872989416,96,5,1,1.42108547152e-14,79.1,100,88.954871555,79.0221797308,88.9999999959,100,79.1,70.19,89,79.1,89,79.049681668
967,0.375847987332,95,6,1,2.84217094304e-14,79.1,100,88.954871555,79.0221797308,88.9999999959,100,79.1,70.19,89,79.1,89,79.049681668
968,0.375822985249,98,3,1,0,79.1,100,88.954871555,79.0221797308,88.9999999959,100,79.1,70.19,89,79.1,89,79.049681668
969,0.375797983165,91,10,1,0.0155640538404,79.1,100,88.954871555,79.0377437846,88.9999999967,100,79.1,70.19,89,79.1,89,79.049681668
970,0.375772981082,96,5,1,0.00902568899819,79.1,100,88.963897244,79.0377437846,88.9999999967,100,79.1,70.19,89,79.1,89,79.049681668
971,0.375747978998,98,3,1,0,79.1,100,88.963897244,79.0377437846,88.9999999967,100,79.1,70.19,89,79.1,89,79.049681668
972,0.375722976915,97,4,1,1.42108547152e-14,79.1,100,88.963897244,79.0377437846,88.9999999967,100,79.1,70.19,89,79.1,89,79.049681668
973,0.375697974831,96,5,1,0,79.1,100,88.963897244,79.0377437846,88.9999999967,100,79.1,70.19,89,79.1,89,79.049681668
974,0.375672972748,97,4,1,1.42108547152e-14,79.1,100,88.963897244,79.0377437846,88.9999999967,100,79.1,70.19,89,79.1,89,79.049681668
975,0.375647970664,98,3,1,0,79.1,100,88.963897244,79.0377437846,88.9999999967,100,79.1,70.19,89,79.1,89,79.049681668
976,0.375622968581,96,5,1,0,79.1,100,88.963897244,79.0377437846,88.9999999967,100,79.1,70.19,89,79.1,89,79.049681668
977,0.375597966497,98,3,1,0,79.1,100,88.963897244,79.0377437846,88.9999999967,100,79.1,70.19,89,79.1,89,79.049681668
978,0.375572964414,98,3,1,0,79.1,100,88.963897244,79.0377437846,88.9999999967,100,79.1,70.19,89,79.1,89,79.049681668
979,0.37554796233,95,6,1,1.42108547152e-14,79.1,100,88.963897244,79.0377437846,88.9999999967,100,79.1,70.19,89,79.1,89,79.049681668
980,0.375522960247,96,5,1,0,79.1,100,88.963897244,79.0377437846,88.9999999967,100,79.1,70.19,89,79.1,89,79.049681668
981,0.375497958163,98,3,1,0,79.1,100,88.963897244,79.0377437846,88.9999999967,100,79.1,70.19,89,79.1,89,79.049681668
982,0.37547295608,95,6,1,0.0124512430723,79.1,100,88.963897244,79.0501950277,88.9999999974,100,79.1,70.19,89,79.1,89,79.049681668
983,0.375447953996,96,5,1,0,79.1,100,88.963897244,79.0501950277,88.9999999974,100,79.1,70.19,89,79.1,89,79.049681668
984,0.375422951913,98,3,1,0,79.1,100,88.963897244,79.0501950277,88.9999999974,100,79.1,70.19,89,79.1,89,79.049681668
985,0.375397949829,97,4,1,1.42108547152e-14,79.1,100,88.963897244,79.0501950277,88.9999999974,100,79.1,70.19,89,79.1,89,79.049681668
986,0.375372947746,98,3,1,0,79.1,100,88.963897244,79.0501950277,88.9999999974,100,79.1,70.19,89,79.1,89,79.049681668
987,0.375347945662,95,6,1,0.00996099445788,79.1,100,88.963897244,79.0601560222,88.9999999979,100,79.1,70.19,89,79.1,89,79.049681668
988,0.375322943579,98,3,1,0,79.1,100,88.963897244,79.0601560222,88.9999999979,100,79.1,70.19,89,79.1,89,79.049681668
989,0.375297941495,94,7,1,2.70006239589e-13,79.1,100,88.963897244,79.0601560222,88.9999999979,100,79.1,70.19,89,79.1,89,79.049681668
990,0.375272939412,94,7,1,2.13162820728e-13,79.1,100,88.963897244,79.0601560222,88.9999999979,100,79.1,70.19,89,79.1,89,79.049681668
991,0.375247937328,97,4,1,4.17315959567e-10,79.1,100,88.963897244,79.0601560222,88.9999999983,100,79.1,70.19,89,79.1,89,79.049681668
992,0.375222935245,98,3,1,0,79.1,100,88.963897244,79.0601560222,88.9999999983,100,79.1,70.19,89,79.1,89,79.049681668
993,0.375197933161,98,3,1,0,79.1,100,88.963897244,79.0601560222,88.9999999983,100,79.1,70.19,89,79.1,89,79.049681668
994,0.375172931078,98,3,1,0,79.1,100,88.963897244,79.0601560222,88.9999999983,100,79.1,70.19,89,79.1,89,79.049681668
995,0.375147928994,97,4,1,3.33855609824e-10,79.1,100,88.963897244,79.0601560222,88.9999999987,100,79.1,70.19,89,79.1,89,79.049681668
996,0.375122926911,94,7,1,0,79.1,100,88.963897244,79.0601560222,88.9999999987,100,79.1,70.19,89,79.1,89,79.049681668
997,0.375097924827,98,3,1,0,79.1,100,88.963897244,79.0601560222,88.9999999987,100,79.1,70.19,89,79.1,89,79.049681668
998,0.375072922744,91,10,1,0.0100636664043,79.1,100,88.963897244,79.0601560222,88.9999999989,100,79.1,70.19,89,79.1,89,79.0597453344
999,0.37504792066,97,4,1,2.13674411498e-10,79.1,100,88.963897244,79.0601560222,88.9999999991,100,79.1,70.19,89,79.1,89,79.0597453344
1000,0.375022918577,97,4,1,0,79.1,100,88.963897244,79.0601560222,88.9999999991,100,79.1,70.19,89,79.1,89,79.0597453344
1001,0.374997916493,98,3,1,0,79.1,100,88.963897244,79.0601560222,88.9999999991,100,79.1,70.19,89,79.1,89,79.0597453344
1002,0.37497291441,95,6,1,0.0079687955663,79.1,100,88.963897244,79.0681248177,88.9999999991,100,79.1,70.19,89,79.1,89,79.0597453344
1003,0.374947912326,95,6,1,0,79.1,100,88.963897244,79.0681248177,88.9999999991,100,79.1,70.19,89,79.1,89,79.0597453344
1004,0.374922910243,98,3,1,0,79.1,100,88.963897244,79.0681248177,88.9999999991,100,79.1,70.19,89,79.1,89,79.0597453344
1005,0.374897908159,98,3,1,0,79.1,100,88.963897244,79.0681248177,88.9999999991,100,79.1,70.19,89,79.1,89,79.0597453344
1006,0.374872906076,98,3,1,0,79.1,100,88.963897244,79.0681248177,88.9999999991,100,79.1,70.19,89,79.1,89,79.0597453344
1007,0.374847903992,98,3,1,0,79.1,100,88.963897244,79.0681248177,88.9999999991,100,79.1,70.19,89,79.1,89,79.0597453344
1008,0.374822901908,93,8,1,1.70928160514e-10,79.1,100,88.963897244,79.0681248177,88.9999999993,100,79.1,70.19,89,79.1,89,79.0597453344
1009,0.374797899825,96,5,1,0,79.1,100,88.963897244,79.0681248177,88.9999999993,100,79.1,70.19,89,79.1,89,79.0597453344
1010,0.374772897741,98,3,1,0,79.1,100,88.963897244,79.0681248177,88.9999999993,100,79.1,70.19,89,79.1,89,79.0597453344
1011,0.374747895658,98,3,1,0,79.1,100,88.963897244,79.0681248177,88.9999999993,100,79.1,70.19,89,79.1,89,79.0597453344
1012,0.374722893574,98,3,1,0,79.1,100,88.963897244,79.0681248177,88.9999999993,100,79.1,70.19,89,79.1,89,79.0597453344
1013,0.374697891491,98,3,1,0,79.1,100,88.963897244,79.0681248177,88.9999999993,100,79.1,70.19,89,79.1,89,79.0597453344
1014,0.374672889407,97,4,1,1.36751054924e-10,79.1,100,88.963897244,79.0681248177,88.9999999995,100,79.1,70.19,89,79.1,89,79.0597453344
1015,0.374647887324,97,4,1,0,79.1,100,88.963897244,79.0681248177,88.9999999995,100,79.1,70.19,89,79.1,89,79.0597453344
1016,0.37462288524,98,3,1,0,79.1,100,88.963897244,79.0681248177,88.9999999995,100,79.1,70.19,89,79.1,89,79.0597453344
1017,0.374597883157,98,3,1,0,79.1,100,88.963897244,79.0681248177,88.9999999995,100,79.1,70.19,89,79.1,89,79.0597453344
1018,0.374572881073,98,3,1,0,79.1,100,88.963897244,79.0681248177,88.9999999995,100,79.1,70.19,89,79.1,89,79.0597453344
1019,0.37454787899,98,3,1,0,79.1,100,88.963897244,79.0681248177,88.9999999995,100,79.1,70.19,89,79.1,89,79.0597453344
1020,0.374522876906,98,3,1,0,79.1,100,88.963897244,79.0681248177,88.9999999995,100,79.1,70.19,89,79.1,89,79.0597453344
1021,0.374497874823,98,3,1,0,79.1,100,88.963897244,79.0681248177,88.9999999995,100,79.1,70.19,89,79.1,89,79.0597453344
1022,0.374472872739,96,5,1,0,79.1,100,88.963897244,79.0681248177,88.9999999995,100,79.1,70.19,89,79.1,89,79.0597453344
1023,0.374447870656,98,3,1,0,79.1,100,88.963897244,79.0681248177,88.9999999995,100,79.1,70.19,89,79.1,89,79.0597453344
1024,0.374422868572,96,5,1,1.27897692437e-13,79.1,100,88.963897244,79.0681248177,88.9999999995,100,79.1,70.19,89,79.1,89,79.0597453344
1025,0.374397866489,98,3,1,0,79.1,100,88.963897244,79.0681248177,88.9999999995,100,79.1,70.19,89,79.1,89,79.0597453344
1026,0.374372864405,98,3,1,0,79.1,100,88.963897244,79.0681248177,88.9999999995,100,79.1,70.19,89,79.1,89,79.0597453344
1027,0.374347862322,96,5,1,0,79.1,100,88.963897244,79.0681248177,88.9999999995,100,79.1,70.19,89,79.1,89,79.0597453344
1028,0.374322860238,98,3,1,0,79.1,100,88.963897244,79.0681248177,88.9999999995,100,79.1,70.19,89,79.1,89,79.0597453344
1029,0.374297858155,97,4,1,1.09395159598e-10,79.1,100,88.963897244,79.0681248177,88.9999999996,100,79.1,70.19,89,79.1,89,79.0597453344
1030,0.374272856071,98,3,1,0,79.1,100,88.963897244,79.0681248177,88.9999999996,100,79.1,70.19,89,79.1,89,79.0597453344
1031,0.374247853988,98,3,1,0,79.1,100,88.963897244,79.0681248177,88.9999999996,100,79.1,70.19,89,79.1,89,79.0597453344
1032,0.374222851904,98,3,1,0,79.1,100,88.963897244,79.0681248177,88.9999999996,100,79.1,70.19,89,79.1,89,79.0597453344
1033,0.374197849821,97,4,1,0,79.1,100,88.963897244,79.0681248177,88.9999999996,100,79.1,70.19,89,79.1,89,79.0597453344
1034,0.374172847737,98,3,1,0,79.1,100,88.963897244,79.0681248177,88.9999999996,100,79.1,70.19,89,79.1,89,79.0597453344
1035,0.374147845654,97,4,1,8.75246541909e-11,79.1,100,88.963897244,79.0681248177,88.9999999996,100,79.1,70.19,89,79.1,89,79.0597453344
1036,0.37412284357,97,4,1,0,79.1,100,88.963897244,79.0681248177,88.9999999996,100,79.1,70.19,89,79.1,89,79.0597453344
1037,0.374097841487,98,3,1,0,79.1,100,88.963897244,79.0681248177,88.9999999996,100,79.1,70.19,89,79.1,89,79.0597453344
1038,0.374072839403,98,3,1,0,79.1,100,88.963897244,79.0681248177,88.9999999996,100,79.1,70.19,89,79.1,89,79.0597453344
1039,0.37404783732,98,3,1,0,79.1,100,88.963897244,79.0681248177,88.9999999996,100,79.1,70.19,89,79.1,89,79.0597453344
1040,0.374022835236,94,7,1,0.00722055119854,79.1,100,88.9711177952,79.0744998542,88.9999999997,100,79.1,70.19,89,79.1,89,79.0597453344
1041,0.373997833153,94,7,1,0.00805093312341,79.1,100,88.9711177952,79.0744998542,88.9999999997,100,79.1,70.19,89,79.1,89,79.0677962675
1042,0.373972831069,94,7,1,1.13686837722e-13,79.1,100,88.9711177952,79.0744998542,88.9999999997,100,79.1,70.19,89,79.1,89,79.0677962675
1043,0.373947828986,98,3,1,0,79.1,100,88.9711177952,79.0744998542,88.9999999997,100,79.1,70.19,89,79.1,89,79.0677962675
1044,0.373922826902,97,4,1,0,79.1,100,88.9711177952,79.0744998542,88.9999999997,100,79.1,70.19,89,79.1,89,79.0677962675
1045,0.373897824819,96,5,1,8.52651282912e-14,79.1,100,88.9711177952,79.0744998542,88.9999999997,100,79.1,70.19,89,79.1,89,79.0677962675
1046,0.373872822735,97,4,1,5.60049784326e-11,79.1,100,88.9711177952,79.0744998542,88.9999999998,100,79.1,70.19,89,79.1,89,79.0677962675
1047,0.373847820652,98,3,1,0,79.1,100,88.9711177952,79.0744998542,88.9999999998,100,79.1,70.19,89,79.1,89,79.0677962675
1048,0.373822818568,98,3,1,0,79.1,100,88.9711177952,79.0744998542,88.9999999998,100,79.1,70.19,89,79.1,89,79.0677962675
1049,0.373797816485,97,4,1,0,79.1,100,88.9711177952,79.0744998542,88.9999999998,100,79.1,70.19,89,79.1,89,79.0677962675
1050,0.373772814401,97,4,1,0,79.1,100,88.9711177952,79.0744998542,88.9999999998,100,79.1,70.19,89,79.1,89,79.0677962675
1051,0.373747812318,96,5,1,7.1054273576e-14,79.1,100,88.9711177952,79.0744998542,88.9999999998,100,79.1,70.19,89,79.1,89,79.0677962675
1052,0.373722810234,98,3,1,0,79.1,100,88.9711177952,79.0744998542,88.9999999998,100,79.1,70.19,89,79.1,89,79.0677962675
1053,0.373697808151,98,3,1,0,79.1,100,88.9711177952,79.0744998542,88.9999999998,100,79.1,70.19,89,79.1,89,79.0677962675
1054,0.373672806067,98,3,1,0,79.1,100,88.9711177952,79.0744998542,88.9999999998,100,79.1,70.19,89,79.1,89,79.0677962675
1055,0.373647803984,98,3,1,0,79.1,100,88.9711177952,79.0744998542,88.9999999998,100,79.1,70.19,89,79.1,89,79.0677962675
1056,0.3736228019,94,7,1,5.68434188608e-14,79.1,100,88.9711177952,79.0744998542,88.9999999998,100,79.1,70.19,89,79.1,89,79.0677962675
1057,0.373597799817,96,5,1,0,79.1,100,88.9711177952,79.0744998542,88.9999999998,100,79.1,70.19,89,79.1,89,79.0677962675
1058,0.373572797733,96,5,1,4.26325641456e-14,79.1,100,88.9711177952,79.0744998542,88.9999999998,100,79.1,70.19,89,79.1,89,79.0677962675
1059,0.37354779565,97,4,1,0,79.1,100,88.9711177952,79.0744998542,88.9999999998,100,79.1,70.19,89,79.1,89,79.0677962675
1060,0.373522793566,95,6,1,0.00510002916243,79.1,100,88.9711177952,79.0795998834,88.9999999998,100,79.1,70.19,89,79.1,89,79.0677962675
1061,0.373497791483,96,5,1,0,79.1,100,88.9711177952,79.0795998834,88.9999999998,100,79.1,70.19,89,79.1,89,79.0677962675
1062,0.373472789399,98,3,1,0,79.1,100,88.9711177952,79.0795998834,88.9999999998,100,79.1,70.19,89,79.1,89,79.0677962675
1063,0.373447787316,98,3,1,0,79.1,100,88.9711177952,79.0795998834,88.9999999998,100,79.1,70.19,89,79.1,89,79.0677962675
1064,0.373422785232,98,3,1,0,79.1,100,88.9711177952,79.0795998834,88.9999999998,100,79.1,70.19,89,79.1,89,79.0677962675
1065,0.373397783149,98,3,1,0,79.1,100,88.9711177952,79.0795998834,88.9999999998,100,79.1,70.19,89,79.1,89,79.0677962675
1066,0.373372781065,96,5,1,0,79.1,100,88.9711177952,79.0795998834,88.9999999998,100,79.1,70.19,89,79.1,89,79.0677962675
1067,0.373347778982,98,3,1,0,79.1,100,88.9711177952,79.0795998834,88.9999999998,100,79.1,70.19,89,79.1,89,79.0677962675
1068,0.373322776898,92,9,1,5.68434188608e-14,79.1,100,88.9711177952,79.0795998834,88.9999999998,100,79.1,70.19,89,79.1,89,79.0677962675
1069,0.373297774815,98,3,1,0,79.1,100,88.9711177952,79.0795998834,88.9999999998,100,79.1,70.19,89,79.1,89,79.0677962675
1070,0.373272772731,98,3,1,0,79.1,100,88.9711177952,79.0795998834,88.9999999998,100,79.1,70.19,89,79.1,89,79.0677962675
1071,0.373247770648,97,4,1,4.4806824917e-11,79.1,100,88.9711177952,79.0795998834,88.9999999998,100,79.1,70.19,89,79.1,89,79.0677962675
1072,0.373222768564,98,3,1,0,79.1,100,88.9711177952,79.0795998834,88.9999999998,100,79.1,70.19,89,79.1,89,79.0677962675
1073,0.373197766481,96,5,1,0,79.1,100,88.9711177952,79.0795998834,88.9999999998,100,79.1,70.19,89,79.1,89,79.0677962675
1074,0.373172764397,98,3,1,0,79.1,100,88.9711177952,79.0795998834,88.9999999998,100,79.1,70.19,89,79.1,89,79.0677962675
1075,0.373147762314,98,3,1,0,79.1,100,88.9711177952,79.0795998834,88.9999999998,100,79.1,70.19,89,79.1,89,79.0677962675
1076,0.37312276023,97,4,1,0,79.1,100,88.9711177952,79.0795998834,88.9999999998,100,79.1,70.19,89,79.1,89,79.0677962675
1077,0.373097758147,98,3,1,0,79.1,100,88.9711177952,79.0795998834,88.9999999998,100,79.1,70.19,89,79.1,89,79.0677962675
1078,0.373072756063,98,3,1,0,79.1,100,88.9711177952,79.0795998834,88.9999999998,100,79.1,70.19,89,79.1,89,79.0677962675
1079,0.373047753979,98,3,1,0,79.1,100,88.9711177952,79.0795998834,88.9999999998,100,79.1,70.19,89,79.1,89,79.0677962675
1080,0.373022751896,97,4,1,3.58539864465e-11,79.1,100,88.9711177952,79.0795998834,88.9999999999,100,79.1,70.19,89,79.1,89,79.0677962675
1081,0.372997749812,98,3,1,0,79.1,100,88.9711177952,79.0795998834,88.9999999999,100,79.1,70.19,89,79.1,89,79.0677962675
1082,0.372972747729,98,3,1,0,79.1,100,88.9711177952,79.0795998834,88.9999999999,100,79.1,70.19,89,79.1,89,79.0677962675
1083,0.372947745645,98,3,1,0,79.1,100,88.9711177952,79.0795998834,88.9999999999,100,79.1,70.19,89,79.1,89,79.0677962675
1084,0.372922743562,98,3,1,0,79.1,100,88.9711177952,79.0795998834,88.9999999999,100,79.1,70.19,89,79.1,89,79.0677962675
1085,0.372897741478,97,4,1,0,79.1,100,88.9711177952,79.0795998834,88.9999999999,100,79.1,70.19,89,79.1,89,79.0677962675
1086,0.372872739395,98,3,1,0,79.1,100,88.9711177952,79.0795998834,88.9999999999,100,79.1,70.19,89,79.1,89,79.0677962675
1087,0.372847737311,98,3,1,0,79.1,100,88.9711177952,79.0795998834,88.9999999999,100,79.1,70.19,89,79.1,89,79.0677962675
1088,0.372822735228,98,3,1,0,79.1,100,88.9711177952,79.0795998834,88.9999999999,100,79.1,70.19,89,79.1,89,79.0677962675
1089,0.372797733144,97,4,1,0,79.1,100,88.9711177952,79.0795998834,88.9999999999,100,79.1,70.19,89,79.1,89,79.0677962675
1090,0.372772731061,94,7,1,0,79.1,100,88.9711177952,79.0795998834,88.9999999999,100,79.1,70.19,89,79.1,89,79.0677962675
1091,0.372747728977,96,5,1,2.84217094304e-14,79.1,100,88.9711177952,79.0795998834,88.9999999999,100,79.1,70.19,89,79.1,89,79.0677962675
1092,0.372722726894,98,3,1,0,79.1,100,88.9711177952,79.0795998834,88.9999999999,100,79.1,70.19,89,79.1,89,79.0677962675
1093,0.37269772481,98,3,1,0,79.1,100,88.9711177952,79.0795998834,88.9999999999,100,79.1,70.19,89,79.1,89,79.0677962675
1094,0.372672722727,98,3,1,0,79.1,100,88.9711177952,79.0795998834,88.9999999999,100,79.1,70.19,89,79.1,89,79.0677962675
1095,0.372647720643,98,3,1,0,79.1,100,88.9711177952,79.0795998834,88.9999999999,100,79.1,70.19,89,79.1,89,79.0677962675
1096,0.37262271856,98,3,1,0,79.1,100,88.9711177952,79.0795998834,88.9999999999,100,79.1,70.19,89,79.1,89,79.0677962675
1097,0.372597716476,97,4,1,2.86775048153e-11,79.1,100,88.9711177952,79.0795998834,88.9999999999,100,79.1,70.19,89,79.1,89,79.0677962675
1098,0.372572714393,98,3,1,0,79.1,100,88.9711177952,79.0795998834,88.9999999999,100,79.1,70.19,89,79.1,89,79.0677962675
1099,0.372547712309,97,4,1,2.29363195103e-11,79.1,100,88.9711177952,79.0795998834,88.9999999999,100,79.1,70.19,89,79.1,89,79.0677962675
1100,0.372522710226,94,7,1,1.42108547152e-14,79.1,100,88.9711177952,79.0795998834,88.9999999999,100,79.1,70.19,89,79.1,89,79.0677962675
1101,0.372497708142,96,5,1,0,79.1,100,88.9711177952,79.0795998834,88.9999999999,100,79.1,70.19,89,79.1,89,79.0677962675
1102,0.372472706059,98,3,1,0,79.1,100,88.9711177952,79.0795998834,88.9999999999,100,79.1,70.19,89,79.1,89,79.0677962675
1103,0.372447703975,98,3,1,0,79.1,100,88.9711177952,79.0795998834,88.9999999999,100,79.1,70.19,89,79.1,89,79.0677962675
1104,0.372422701892,98,3,1,0,79.1,100,88.9711177952,79.0795998834,88.9999999999,100,79.1,70.19,89,79.1,89,79.0677962675
1105,0.372397699808,86,15,1,0.00577644095884,79.1,100,88.9768942362,79.0836799067,88.9999999999,100,79.1,70.19,89,79.1,89,79.0677962675
1106,0.372372697725,97,4,1,0,79.1,100,88.9768942362,79.0836799067,88.9999999999,100,79.1,70.19,89,79.1,89,79.0677962675
1107,0.372347695641,98,3,1,0,79.1,100,88.9768942362,79.0836799067,88.9999999999,100,79.1,70.19,89,79.1,89,79.0677962675
1108,0.372322693558,98,3,1,0,79.1,100,88.9768942362,79.0836799067,88.9999999999,100,79.1,70.19,89,79.1,89,79.0677962675
1109,0.372297691474,98,3,1,0,79.1,100,88.9768942362,79.0836799067,88.9999999999,100,79.1,70.19,89,79.1,89,79.0677962675
1110,0.372272689391,98,3,1,0,79.1,100,88.9768942362,79.0836799067,88.9999999999,100,79.1,70.19,89,79.1,89,79.0677962675
1111,0.372247687307,98,3,1,0,79.1,100,88.9768942362,79.0836799067,88.9999999999,100,79.1,70.19,89,79.1,89,79.0677962675
1112,0.372222685224,98,3,1,0,79.1,100,88.9768942362,79.0836799067,88.9999999999,100,79.1,70.19,89,79.1,89,79.0677962675
1113,0.37219768314,97,4,1,0,79.1,100,88.9768942362,79.0836799067,88.9999999999,100,79.1,70.19,89,79.1,89,79.0677962675
1114,0.372172681057,96,5,1,0,79.1,100,88.9768942362,79.0836799067,88.9999999999,100,79.1,70.19,89,79.1,89,79.0677962675
1115,0.372147678973,98,3,1,0,79.1,100,88.9768942362,79.0836799067,88.9999999999,100,79.1,70.19,89,79.1,89,79.0677962675
1116,0.37212267689,96,5,1,0.00644074649873,79.1,100,88.9768942362,79.0836799067,88.9999999999,100,79.1,70.19,89,79.1,89,79.074237014
1117,0.372097674806,98,3,1,0,79.1,100,88.9768942362,79.0836799067,88.9999999999,100,79.1,70.19,89,79.1,89,79.074237014
1118,0.372072672723,97,4,1,0,79.1,100,88.9768942362,79.0836799067,88.9999999999,100,79.1,70.19,89,79.1,89,79.074237014
1119,0.372047670639,96,5,1,0,79.1,100,88.9768942362,79.0836799067,88.9999999999,100,79.1,70.19,89,79.1,89,79.074237014
1120,0.372022668556,98,3,1,0,79.1,100,88.9768942362,79.0836799067,88.9999999999,100,79.1,70.19,89,79.1,89,79.074237014
1121,0.371997666472,98,3,1,0,79.1,100,88.9768942362,79.0836799067,88.9999999999,100,79.1,70.19,89,79.1,89,79.074237014
1122,0.371972664389,97,4,1,1.8360424292e-11,79.1,100,88.9768942362,79.0836799067,88.9999999999,100,79.1,70.19,89,79.1,89,79.074237014
1123,0.371947662305,96,5,1,0,79.1,100,88.9768942362,79.0836799067,88.9999999999,100,79.1,70.19,89,79.1,89,79.074237014
1124,0.371922660222,90,11,1,1.42108547152e-14,79.1,100,88.9768942362,79.0836799067,88.9999999999,100,79.1,70.19,89,79.1,89,79.074237014
1125,0.371897658138,97,4,1,0,79.1,100,88.9768942362,79.0836799067,88.9999999999,100,79.1,70.19,89,79.1,89,79.074237014
1126,0.371872656055,98,3,1,0,79.1,100,88.9768942362,79.0836799067,88.9999999999,100,79.1,70.19,89,79.1,89,79.074237014
1127,0.371847653971,95,6,1,0.00326401866396,79.1,100,88.9768942362,79.0869439253,88.9999999999,100,79.1,70.19,89,79.1,89,79.074237014
1128,0.371822651888,96,5,1,0.00462115276707,79.1,100,88.9815153889,79.0869439253,89,100,79.1,70.19,89,79.1,89,79.074237014
1129,0.371797649804,98,3,1,0,79.1,100,88.9815153889,79.0869439253,89,100,79.1,70.19,89,79.1,89,79.074237014
1130,0.371772647721,96,5,1,0,79.1,100,88.9815153889,79.0869439253,89,100,79.1,70.19,89,79.1,89,79.074237014
1131,0.371747645637,97,4,1,0,79.1,100,88.9815153889,79.0869439253,89,100,79.1,70.19,89,79.1,89,79.074237014
1132,0.371722643554,96,5,1,0.00369692221366,79.1,100,88.9852123111,79.0869439253,89,100,79.1,70.19,89,79.1,89,79.074237014
1133,0.37169764147,98,3,1,0,79.1,100,88.9852123111,79.0869439253,89,100,79.1,70.19,89,79.1,89,79.074237014
1134,0.371672639387,98,3,1,0,79.1,100,88.9852123111,79.0869439253,89,100,79.1,70.19,89,79.1,89,79.074237014
1135,0.371647637303,98,3,1,0,79.1,100,88.9852123111,79.0869439253,89,100,79.1,70.19,89,79.1,89,79.074237014
1136,0.37162263522,98,3,1,0,79.1,100,88.9852123111,79.0869439253,89,100,79.1,70.19,89,79.1,89,79.074237014
1137,0.371597633136,97,4,1,0,79.1,100,88.9852123111,79.0869439253,89,100,79.1,70.19,89,79.1,89,79.074237014
1138,0.371572631053,98,3,1,0,79.1,100,88.9852123111,79.0869439253,89,100,79.1,70.19,89,79.1,89,79.074237014
1139,0.371547628969,97,4,1,7.51754214434e-12,79.1,100,88.9852123111,79.0869439253,89,100,79.1,70.19,89,79.1,89,79.074237014
1140,0.371522626886,98,3,1,0,79.1,100,88.9852123111,79.0869439253,89,100,79.1,70.19,89,79.1,89,79.074237014
1141,0.371497624802,93,8,1,0,79.1,100,88.9852123111,79.0869439253,89,100,79.1,70.19,89,79.1,89,79.074237014
1142,0.371472622719,98,3,1,0,79.1,100,88.9852123111,79.0869439253,89,100,79.1,70.19,89,79.1,89,79.074237014
1143,0.371447620635,94,7,1,0,79.1,100,88.9852123111,79.0869439253,89,100,79.1,70.19,89,79.1,89,79.074237014
1144,0.371422618552,96,5,1,0,79.1,100,88.9852123111,79.0869439253,89,100,79.1,70.19,89,79.1,89,79.074237014
1145,0.371397616468,98,3,1,0,79.1,100,88.9852123111,79.0869439253,89,100,79.1,70.19,89,79.1,89,79.074237014
1146,0.371372614385,98,3,1,0,79.1,100,88.9852123111,79.0869439253,89,100,79.1,70.19,89,79.1,89,79.074237014
1147,0.371347612301,98,3,1,0,79.1,100,88.9852123111,79.0869439253,89,100,79.1,70.19,89,79.1,89,79.074237014
1148,0.371322610218,98,3,1,0,79.1,100,88.9852123111,79.0869439253,89,100,79.1,70.19,89,79.1,89,79.074237014
1149,0.371297608134,98,3,1,0,79.1,100,88.9852123111,79.0869439253,89,100,79.1,70.19,89,79.1,89,79.074237014
1150,0.371272606051,88,13,1,0.00515259719899,79.1,100,88.9852123111,79.0895551403,89,100,79.1,70.19,89,79.1,89,79.0793896112
1151,0.371247603967,98,3,1,0,79.1,100,88.9852123111,79.0895551403,89,100,79.1,70.19,89,79.1,89,79.0793896112
1152,0.371222601883,98,3,1,0,79.1,100,88.9852123111,79.0895551403,89,100,79.1,70.19,89,79.1,89,79.0793896112
1153,0.3711975998,98,3,1,0,79.1,100,88.9852123111,79.0895551403,89,100,79.1,70.19,89,79.1,89,79.0793896112
1154,0.371172597716,96,5,1,0,79.1,100,88.9852123111,79.0895551403,89,100,79.1,70.19,89,79.1,89,79.0793896112
1155,0.371147595633,98,3,1,0,79.1,100,88.9852123111,79.0895551403,89,100,79.1,70.19,89,79.1,89,79.0793896112
1156,0.371122593549,98,3,1,0,79.1,100,88.9852123111,79.0895551403,89,100,79.1,70.19,89,79.1,89,79.0793896112
1157,0.371097591466,97,4,1,0,79.1,100,88.9852123111,79.0895551403,89,100,79.1,70.19,89,79.1,89,79.0793896112
1158,0.371072589382,98,3,1,0,79.1,100,88.9852123111,79.0895551403,89,100,79.1,70.19,89,79.1,89,79.0793896112
1159,0.371047587299,98,3,1,0,79.1,100,88.9852123111,79.0895551403,89,100,79.1,70.19,89,79.1,89,79.0793896112
1160,0.371022585215,96,5,1,0,79.1,100,88.9852123111,79.0895551403,89,100,79.1,70.19,89,79.1,89,79.0793896112
1161,0.370997583132,98,3,1,0,79.1,100,88.9852123111,79.0895551403,89,100,79.1,70.19,89,79.1,89,79.0793896112
1162,0.370972581048,98,3,1,0,79.1,100,88.9852123111,79.0895551403,89,100,79.1,70.19,89,79.1,89,79.0793896112
1163,0.370947578965,98,3,1,0,79.1,100,88.9852123111,79.0895551403,89,100,79.1,70.19,89,79.1,89,79.0793896112
1164,0.370922576881,97,4,1,4.81747974845e-12,79.1,100,88.9852123111,79.0895551403,89,100,79.1,70.19,89,79.1,89,79.0793896112
1165,0.370897574798,98,3,1,0,79.1,100,88.9852123111,79.0895551403,89,100,79.1,70.19,89,79.1,89,79.0793896112
1166,0.370872572714,96,5,1,0,79.1,100,88.9852123111,79.0895551403,89,100,79.1,70.19,89,79.1,89,79.0793896112
1167,0.370847570631,97,4,1,0,79.1,100,88.9852123111,79.0895551403,89,100,79.1,70.19,89,79.1,89,79.0793896112
1168,0.370822568547,98,3,1,0,79.1,100,88.9852123111,79.0895551403,89,100,79.1,70.19,89,79.1,89,79.0793896112
1169,0.370797566464,97,4,1,3.85114162782e-12,79.1,100,88.9852123111,79.0895551403,89,100,79.1,70.19,89,79.1,89,79.0793896112
1170,0.37077256438,95,6,1,0,79.1,100,88.9852123111,79.0895551403,89,100,79.1,70.19,89,79.1,89,79.0793896112
1171,0.370747562297,98,3,1,0,79.1,100,88.9852123111,79.0895551403,89,100,79.1,70.19,89,79.1,89,79.0793896112
1172,0.370722560213,98,3,1,0,79.1,100,88.9852123111,79.0895551403,89,100,79.1,70.19,89,79.1,89,79.0793896112
1173,0.37069755813,97,4,1,0,79.1,100,88.9852123111,79.0895551403,89,100,79.1,70.19,89,79.1,89,79.0793896112
1174,0.370672556046,96,5,1,0.00295753777093,79.1,100,88.9881698489,79.0895551403,89,100,79.1,70.19,89,79.1,89,79.0793896112
1175,0.370647553963,96,5,1,0,79.1,100,88.9881698489,79.0895551403,89,100,79.1,70.19,89,79.1,89,79.0793896112
1176,0.370622551879,97,4,1,0,79.1,100,88.9881698489,79.0895551403,89,100,79.1,70.19,89,79.1,89,79.0793896112
1177,0.370597549796,96,5,1,0,79.1,100,88.9881698489,79.0895551403,89,100,79.1,70.19,89,79.1,89,79.0793896112
1178,0.370572547712,98,3,1,0,79.1,100,88.9881698489,79.0895551403,89,100,79.1,70.19,89,79.1,89,79.0793896112
1179,0.370547545629,97,4,1,3.0837554732e-12,79.1,100,88.9881698489,79.0895551403,89,100,79.1,70.19,89,79.1,89,79.0793896112
1180,0.370522543545,96,5,1,0,79.1,100,88.9881698489,79.0895551403,89,100,79.1,70.19,89,79.1,89,79.0793896112
1181,0.370497541462,95,6,1,0,79.1,100,88.9881698489,79.0895551403,89,100,79.1,70.19,89,79.1,89,79.0793896112
1182,0.370472539378,98,3,1,0,79.1,100,88.9881698489,79.0895551403,89,100,79.1,70.19,89,79.1,89,79.0793896112
1183,0.370447537295,98,3,1,0,79.1,100,88.9881698489,79.0895551403,89,100,79.1,70.19,89,79.1,89,79.0793896112
1184,0.370422535211,98,3,1,0,79.1,100,88.9881698489,79.0895551403,89,100,79.1,70.19,89,79.1,89,79.0793896112
1185,0.370397533128,98,3,1,0,79.1,100,88.9881698489,79.0895551403,89,100,79.1,70.19,89,79.1,89,79.0793896112
1186,0.370372531044,94,7,1,0,79.1,100,88.9881698489,79.0895551403,89,100,79.1,70.19,89,79.1,89,79.0793896112
1187,0.370347528961,96,5,1,0,79.1,100,88.9881698489,79.0895551403,89,100,79.1,70.19,89,79.1,89,79.0793896112
1188,0.370322526877,97,4,1,0,79.1,100,88.9881698489,79.0895551403,89,100,79.1,70.19,89,79.1,89,79.0793896112
1189,0.370297524794,98,3,1,0,79.1,100,88.9881698489,79.0895551403,89,100,79.1,70.19,89,79.1,89,79.0793896112
1190,0.37027252271,96,5,1,0,79.1,100,88.9881698489,79.0895551403,89,100,79.1,70.19,89,79.1,89,79.0793896112
1191,0.370247520627,95,6,1,2.45847786573e-12,79.1,100,88.9881698489,79.0895551403,89,100,79.1,70.19,89,79.1,89,79.0793896112
1192,0.370222518543,95,6,1,0,79.1,100,88.9881698489,79.0895551403,89,100,79.1,70.19,89,79.1,89,79.0793896112
1193,0.37019751646,98,3,1,0,79.1,100,88.9881698489,79.0895551403,89,100,79.1,70.19,89,79.1,89,79.0793896112
1194,0.370172514376,96,5,1,0.00412207775918,79.1,100,88.9881698489,79.0895551403,89,100,79.1,70.19,89,79.1,89,79.083511689
1195,0.370147512293,96,5,1,0,79.1,100,88.9881698489,79.0895551403,89,100,79.1,70.19,89,79.1,89,79.083511689
1196,0.370122510209,97,4,1,0,79.1,100,88.9881698489,79.0895551403,89,100,79.1,70.19,89,79.1,89,79.083511689
1197,0.370097508126,97,4,1,1.97530880541e-12,79.1,100,88.9881698489,79.0895551403,89,100,79.1,70.19,89,79.1,89,79.083511689
1198,0.370072506042,95,6,1,0.00208897194493,79.1,100,88.9881698489,79.0916441122,89,100,79.1,70.19,89,79.1,89,79.083511689
1199,0.370047503959,96,5,1,0,79.1,100,88.9881698489,79.0916441122,89,100,79.1,70.19,89,79.1,89,79.083511689
1200,0.370022501875,96,5,1,0,79.1,100,88.9881698489,79.0916441122,89,100,79.1,70.19,89,79.1,89,79.083511689
1201,0.369997499792,98,3,1,0,79.1,100,88.9881698489,79.0916441122,89,100,79.1,70.19,89,79.1,89,79.083511689
1202,0.369972497708,98,3,1,0,79.1,100,88.9881698489,79.0916441122,89,100,79.1,70.19,89,79.1,89,79.083511689
1203,0.369947495625,98,3,1,0,79.1,100,88.9881698489,79.0916441122,89,100,79.1,70.19,89,79.1,89,79.083511689
1204,0.369922493541,96,5,1,0.00236603021673,79.1,100,88.9905358791,79.0916441122,89,100,79.1,70.19,89,79.1,89,79.083511689
1205,0.369897491458,96,5,1,0,79.1,100,88.9905358791,79.0916441122,89,100,79.1,70.19,89,79.1,89,79.083511689
1206,0.369872489374,98,3,1,0,79.1,100,88.9905358791,79.0916441122,89,100,79.1,70.19,89,79.1,89,79.083511689
1207,0.369847487291,98,3,1,0,79.1,100,88.9905358791,79.0916441122,89,100,79.1,70.19,89,79.1,89,79.083511689
1208,0.369822485207,98,3,1,0,79.1,100,88.9905358791,79.0916441122,89,100,79.1,70.19,89,79.1,89,79.083511689
1209,0.369797483124,98,3,1,0,79.1,100,88.9905358791,79.0916441122,89,100,79.1,70.19,89,79.1,89,79.083511689
1210,0.36977248104,93,8,1,0.0018928241734,79.1,100,88.9924287033,79.0916441122,89,100,79.1,70.19,89,79.1,89,79.083511689
1211,0.369747478957,98,3,1,0,79.1,100,88.9924287033,79.0916441122,89,100,79.1,70.19,89,79.1,89,79.083511689
1212,0.369722476873,98,3,1,0,79.1,100,88.9924287033,79.0916441122,89,100,79.1,70.19,89,79.1,89,79.083511689
1213,0.36969747479,97,4,1,8.10018718767e-13,79.1,100,88.9924287033,79.0916441122,89,100,79.1,70.19,89,79.1,89,79.083511689
1214,0.369672472706,96,5,1,0.00151425933872,79.1,100,88.9939429626,79.0916441122,89,100,79.1,70.19,89,79.1,89,79.083511689
1215,0.369647470623,96,5,1,0,79.1,100,88.9939429626,79.0916441122,89,100,79.1,70.19,89,79.1,89,79.083511689
1216,0.369622468539,98,3,1,0,79.1,100,88.9939429626,79.0916441122,89,100,79.1,70.19,89,79.1,89,79.083511689
1217,0.369597466456,98,3,1,0,79.1,100,88.9939429626,79.0916441122,89,100,79.1,70.19,89,79.1,89,79.083511689
1218,0.369572464372,98,3,1,0,79.1,100,88.9939429626,79.0916441122,89,100,79.1,70.19,89,79.1,89,79.083511689
1219,0.369547462289,97,4,1,5.11590769747e-13,79.1,100,88.9939429626,79.0916441122,89,100,79.1,70.19,89,79.1,89,79.083511689
1220,0.369522460205,93,8,1,0.00167117755595,79.1,100,88.9939429626,79.0933152898,89,100,79.1,70.19,89,79.1,89,79.083511689
1221,0.369497458122,98,3,1,0,79.1,100,88.9939429626,79.0933152898,89,100,79.1,70.19,89,79.1,89,79.083511689
1222,0.369472456038,98,3,1,0,79.1,100,88.9939429626,79.0933152898,89,100,79.1,70.19,89,79.1,89,79.083511689
1223,0.369447453954,98,3,1,0,79.1,100,88.9939429626,79.0933152898,89,100,79.1,70.19,89,79.1,89,79.083511689
1224,0.369422451871,98,3,1,0,79.1,100,88.9939429626,79.0933152898,89,100,79.1,70.19,89,79.1,89,79.083511689
1225,0.369397449787,97,4,1,3.2684965845e-13,79.1,100,88.9939429626,79.0933152898,89,100,79.1,70.19,89,79.1,89,79.083511689
1226,0.369372447704,96,5,1,0.00121140747098,79.1,100,88.9951543701,79.0933152898,89,100,79.1,70.19,89,79.1,89,79.083511689
1227,0.36934744562,96,5,1,0,79.1,100,88.9951543701,79.0933152898,89,100,79.1,70.19,89,79.1,89,79.083511689
1228,0.369322443537,97,4,1,2.70006239589e-13,79.1,100,88.9951543701,79.0933152898,89,100,79.1,70.19,89,79.1,89,79.083511689
1229,0.369297441453,97,4,1,0,79.1,100,88.9951543701,79.0933152898,89,100,79.1,70.19,89,79.1,89,79.083511689
1230,0.36927243937,98,3,1,0,79.1,100,88.9951543701,79.0933152898,89,100,79.1,70.19,89,79.1,89,79.083511689
1231,0.369247437286,96,5,1,0,79.1,100,88.9951543701,79.0933152898,89,100,79.1,70.19,89,79.1,89,79.083511689
1232,0.369222435203,98,3,1,0,79.1,100,88.9951543701,79.0933152898,89,100,79.1,70.19,89,79.1,89,79.083511689
1233,0.369197433119,98,3,1,0,79.1,100,88.9951543701,79.0933152898,89,100,79.1,70.19,89,79.1,89,79.083511689
1234,0.369172431036,98,3,1,0,79.1,100,88.9951543701,79.0933152898,89,100,79.1,70.19,89,79.1,89,79.083511689
1235,0.369147428952,97,4,1,2.13162820728e-13,79.1,100,88.9951543701,79.0933152898,89,100,79.1,70.19,89,79.1,89,79.083511689
1236,0.369122426869,96,5,1,0,79.1,100,88.9951543701,79.0933152898,89,100,79.1,70.19,89,79.1,89,79.083511689
1237,0.369097424785,94,7,1,0,79.1,100,88.9951543701,79.0933152898,89,100,79.1,70.19,89,79.1,89,79.083511689
1238,0.369072422702,94,7,1,0.00329766220734,79.1,100,88.9951543701,79.0933152898,89,100,79.1,70.19,89,79.1,89,79.0868093512
1239,0.369047420618,96,5,1,0.00263812976588,79.1,100,88.9951543701,79.0933152898,89,100,79.1,70.19,89,79.1,89,79.0894474809
1240,0.369022418535,98,3,1,0,79.1,100,88.9951543701,79.0933152898,89,100,79.1,70.19,89,79.1,89,79.0894474809
1241,0.368997416451,97,4,1,1.70530256582e-13,79.1,100,88.9951543701,79.0933152898,89,100,79.1,70.19,89,79.1,89,79.0894474809
1242,0.368972414368,98,3,1,0,79.1,100,88.9951543701,79.0933152898,89,100,79.1,70.19,89,79.1,89,79.0894474809
1243,0.368947412284,93,8,1,0.0021105038127,79.1,100,88.9951543701,79.0946522318,89,100,79.1,70.19,89,79.1,89,79.0915579847
1244,0.368922410201,98,3,1,0,79.1,100,88.9951543701,79.0946522318,89,100,79.1,70.19,89,79.1,89,79.0915579847
1245,0.368897408117,97,4,1,8.52651282912e-14,79.1,100,88.9951543701,79.0946522318,89,100,79.1,70.19,89,79.1,89,79.0915579847
1246,0.368872406034,98,3,1,0,79.1,100,88.9951543701,79.0946522318,89,100,79.1,70.19,89,79.1,89,79.0915579847
1247,0.36884740395,98,3,1,0,79.1,100,88.9951543701,79.0946522318,89,100,79.1,70.19,89,79.1,89,79.0915579847
1248,0.368822401867,98,3,1,0,79.1,100,88.9951543701,79.0946522318,89,100,79.1,70.19,89,79.1,89,79.0915579847
1249,0.368797399783,98,3,1,0,79.1,100,88.9951543701,79.0946522318,89,100,79.1,70.19,89,79.1,89,79.0915579847
1250,0.3687723977,97,4,1,0,79.1,100,88.9951543701,79.0946522318,89,100,79.1,70.19,89,79.1,89,79.0915579847
1251,0.368747395616,98,3,1,0,79.1,100,88.9951543701,79.0946522318,89,100,79.1,70.19,89,79.1,89,79.0915579847
1252,0.368722393533,94,7,1,0,79.1,100,88.9951543701,79.0946522318,89,100,79.1,70.19,89,79.1,89,79.0915579847
1253,0.368697391449,98,3,1,0,79.1,100,88.9951543701,79.0946522318,89,100,79.1,70.19,89,79.1,89,79.0915579847
1254,0.368672389366,94,7,1,0,79.1,100,88.9951543701,79.0946522318,89,100,79.1,70.19,89,79.1,89,79.0915579847
1255,0.368647387282,96,5,1,0.000969125976781,79.1,100,88.9961234961,79.0946522318,89,100,79.1,70.19,89,79.1,89,79.0915579847
1256,0.368622385199,96,5,1,0,79.1,100,88.9961234961,79.0946522318,89,100,79.1,70.19,89,79.1,89,79.0915579847
1257,0.368597383115,98,3,1,0,79.1,100,88.9961234961,79.0946522318,89,100,79.1,70.19,89,79.1,89,79.0915579847
1258,0.368572381032,98,3,1,0,79.1,100,88.9961234961,79.0946522318,89,100,79.1,70.19,89,79.1,89,79.0915579847
1259,0.368547378948,96,5,1,0,79.1,100,88.9961234961,79.0946522318,89,100,79.1,70.19,89,79.1,89,79.0915579847
1260,0.368522376865,96,5,1,0,79.1,100,88.9961234961,79.0946522318,89,100,79.1,70.19,89,79.1,89,79.0915579847
1261,0.368497374781,98,3,1,0,79.1,100,88.9961234961,79.0946522318,89,100,79.1,70.19,89,79.1,89,79.0915579847
1262,0.368472372698,96,5,1,0.000775300781413,79.1,100,88.9968987969,79.0946522318,89,100,79.1,70.19,89,79.1,89,79.0915579847
1263,0.368447370614,95,6,1,0,79.1,100,88.9968987969,79.0946522318,89,100,79.1,70.19,89,79.1,89,79.0915579847
1264,0.368422368531,94,7,1,0,79.1,100,88.9968987969,79.0946522318,89,100,79.1,70.19,89,79.1,89,79.0915579847
1265,0.368397366447,98,3,1,0,79.1,100,88.9968987969,79.0946522318,89,100,79.1,70.19,89,79.1,89,79.0915579847
1266,0.368372364364,90,11,1,0.00168840305017,79.1,100,88.9968987969,79.0946522318,89,100,79.1,70.19,89,79.1,89,79.0932463878
1267,0.36834736228,96,5,1,0.00135072244012,79.1,100,88.9968987969,79.0946522318,89,100,79.1,70.19,89,79.1,89,79.0945971102
1268,0.368322360197,98,3,1,0,79.1,100,88.9968987969,79.0946522318,89,100,79.1,70.19,89,79.1,89,79.0945971102
1269,0.368297358113,97,4,1,0,79.1,100,88.9968987969,79.0946522318,89,100,79.1,70.19,89,79.1,89,79.0945971102
1270,0.36827235603,93,8,1,7.1054273576e-14,79.1,100,88.9968987969,79.0946522318,89,100,79.1,70.19,89,79.1,89,79.0945971102
1271,0.368247353946,98,3,1,0,79.1,100,88.9968987969,79.0946522318,89,100,79.1,70.19,89,79.1,89,79.0945971102
1272,0.368222351863,94,7,1,0,79.1,100,88.9968987969,79.0946522318,89,100,79.1,70.19,89,79.1,89,79.0945971102
1273,0.368197349779,97,4,1,5.68434188608e-14,79.1,100,88.9968987969,79.0946522318,89,100,79.1,70.19,89,79.1,89,79.0945971102
1274,0.368172347696,98,3,1,0,79.1,100,88.9968987969,79.0946522318,89,100,79.1,70.19,89,79.1,89,79.0945971102
1275,0.368147345612,98,3,1,0,79.1,100,88.9968987969,79.0946522318,89,100,79.1,70.19,89,79.1,89,79.0945971102
1276,0.368122343529,95,6,1,4.26325641456e-14,79.1,100,88.9968987969,79.0946522318,89,100,79.1,70.19,89,79.1,89,79.0945971102
1277,0.368097341445,98,3,1,0,79.1,100,88.9968987969,79.0946522318,89,100,79.1,70.19,89,79.1,89,79.0945971102
1278,0.368072339362,96,5,1,0,79.1,100,88.9968987969,79.0946522318,89,100,79.1,70.19,89,79.1,89,79.0945971102
1279,0.368047337278,96,5,1,0,79.1,100,88.9968987969,79.0946522318,89,100,79.1,70.19,89,79.1,89,79.0945971102
1280,0.368022335195,98,3,1,0,79.1,100,88.9968987969,79.0946522318,89,100,79.1,70.19,89,79.1,89,79.0945971102
1281,0.367997333111,96,5,1,0,79.1,100,88.9968987969,79.0946522318,89,100,79.1,70.19,89,79.1,89,79.0945971102
1282,0.367972331028,98,3,1,0,79.1,100,88.9968987969,79.0946522318,89,100,79.1,70.19,89,79.1,89,79.0945971102
1283,0.367947328944,98,3,1,0,79.1,100,88.9968987969,79.0946522318,89,100,79.1,70.19,89,79.1,89,79.0945971102
1284,0.367922326861,96,5,1,0,79.1,100,88.9968987969,79.0946522318,89,100,79.1,70.19,89,79.1,89,79.0945971102
1285,0.367897324777,96,5,1,0.00108057795211,79.1,100,88.9968987969,79.0946522318,89,100,79.1,70.19,89,79.1,89,79.0956776882
1286,0.367872322694,98,3,1,0,79.1,100,88.9968987969,79.0946522318,89,100,79.1,70.19,89,79.1,89,79.0956776882
1287,0.36784732061,98,3,1,0,79.1,100,88.9968987969,79.0946522318,89,100,79.1,70.19,89,79.1,89,79.0956776882
1288,0.367822318527,96,5,1,0,79.1,100,88.9968987969,79.0946522318,89,100,79.1,70.19,89,79.1,89,79.0956776882
1289,0.367797316443,98,3,1,0,79.1,100,88.9968987969,79.0946522318,89,100,79.1,70.19,89,79.1,89,79.0956776882
1290,0.36777231436,95,6,1,0.0010695536358,79.1,100,88.9968987969,79.0957217855,89,100,79.1,70.19,89,79.1,89,79.0956776882
1291,0.367747312276,96,5,1,0,79.1,100,88.9968987969,79.0957217855,89,100,79.1,70.19,89,79.1,89,79.0956776882
1292,0.367722310193,98,3,1,0,79.1,100,88.9968987969,79.0957217855,89,100,79.1,70.19,89,79.1,89,79.0956776882
1293,0.367697308109,98,3,1,0,79.1,100,88.9968987969,79.0957217855,89,100,79.1,70.19,89,79.1,89,79.0956776882
1294,0.367672306026,98,3,1,0,79.1,100,88.9968987969,79.0957217855,89,100,79.1,70.19,89,79.1,89,79.0956776882
1295,0.367647303942,98,3,1,0,79.1,100,88.9968987969,79.0957217855,89,100,79.1,70.19,89,79.1,89,79.0956776882
1296,0.367622301858,97,4,1,0,79.1,100,88.9968987969,79.0957217855,89,100,79.1,70.19,89,79.1,89,79.0956776882
1297,0.367597299775,93,8,1,0.000855642908647,79.1,100,88.9968987969,79.0965774284,89,100,79.1,70.19,89,79.1,89,79.0956776882
1298,0.367572297691,96,5,1,0,79.1,100,88.9968987969,79.0965774284,89,100,79.1,70.19,89,79.1,89,79.0956776882
1299,0.367547295608,98,3,1,0,79.1,100,88.9968987969,79.0965774284,89,100,79.1,70.19,89,79.1,89,79.0956776882
1300,0.367522293524,94,7,1,0.000864462361676,79.1,100,88.9968987969,79.0972619427,89,100,79.1,70.19,89,79.1,89,79.0965421506
1301,0.367497291441,98,3,1,0,79.1,100,88.9968987969,79.0972619427,89,100,79.1,70.19,89,79.1,89,79.0965421506
1302,0.367472289357,96,5,1,0,79.1,100,88.9968987969,79.0972619427,89,100,79.1,70.19,89,79.1,89,79.0965421506
1303,0.367447287274,98,3,1,0,79.1,100,88.9968987969,79.0972619427,89,100,79.1,70.19,89,79.1,89,79.0965421506
1304,0.36742228519,98,3,1,0,79.1,100,88.9968987969,79.0972619427,89,100,79.1,70.19,89,79.1,89,79.0965421506
1305,0.367397283107,98,3,1,0,79.1,100,88.9968987969,79.0972619427,89,100,79.1,70.19,89,79.1,89,79.0965421506
1306,0.367372281023,96,5,1,0,79.1,100,88.9968987969,79.0972619427,89,100,79.1,70.19,89,79.1,89,79.0965421506
1307,0.36734727894,98,3,1,0,79.1,100,88.9968987969,79.0972619427,89,100,79.1,70.19,89,79.1,89,79.0965421506
1308,0.367322276856,98,3,1,0,79.1,100,88.9968987969,79.0972619427,89,100,79.1,70.19,89,79.1,89,79.0965421506
1309,0.367297274773,96,5,1,0,79.1,100,88.9968987969,79.0972619427,89,100,79.1,70.19,89,79.1,89,79.0965421506
1310,0.367272272689,98,3,1,0,79.1,100,88.9968987969,79.0972619427,89,100,79.1,70.19,89,79.1,89,79.0965421506
1311,0.367247270606,98,3,1,0,79.1,100,88.9968987969,79.0972619427,89,100,79.1,70.19,89,79.1,89,79.0965421506
1312,0.367222268522,98,3,1,0,79.1,100,88.9968987969,79.0972619427,89,100,79.1,70.19,89,79.1,89,79.0965421506
1313,0.367197266439,98,3,1,0,79.1,100,88.9968987969,79.0972619427,89,100,79.1,70.19,89,79.1,89,79.0965421506
1314,0.367172264355,96,5,1,0.000620240625139,79.1,100,88.9975190375,79.0972619427,89,100,79.1,70.19,89,79.1,89,79.0965421506
1315,0.367147262272,97,4,1,2.84217094304e-14,79.1,100,88.9975190375,79.0972619427,89,100,79.1,70.19,89,79.1,89,79.0965421506
1316,0.367122260188,97,4,1,2.84217094304e-14,79.1,100,88.9975190375,79.0972619427,89,100,79.1,70.19,89,79.1,89,79.0965421506
1317,0.367097258105,96,5,1,0,79.1,100,88.9975190375,79.0972619427,89,100,79.1,70.19,89,79.1,89,79.0965421506
1318,0.367072256021,98,3,1,0,79.1,100,88.9975190375,79.0972619427,89,100,79.1,70.19,89,79.1,89,79.0965421506
1319,0.367047253938,98,3,1,0,79.1,100,88.9975190375,79.0972619427,89,100,79.1,70.19,89,79.1,89,79.0965421506
1320,0.367022251854,97,4,1,1.42108547152e-14,79.1,100,88.9975190375,79.0972619427,89,100,79.1,70.19,89,79.1,89,79.0965421506
1321,0.366997249771,96,5,1,0,79.1,100,88.9975190375,79.0972619427,89,100,79.1,70.19,89,79.1,89,79.0965421506
1322,0.366972247687,97,4,1,1.42108547152e-14,79.1,100,88.9975190375,79.0972619427,89,100,79.1,70.19,89,79.1,89,79.0965421506
1323,0.366947245604,98,3,1,0,79.1,100,88.9975190375,79.0972619427,89,100,79.1,70.19,89,79.1,89,79.0965421506
1324,0.36692224352,98,3,1,0,79.1,100,88.9975190375,79.0972619427,89,100,79.1,70.19,89,79.1,89,79.0965421506
1325,0.366897241437,98,3,1,0,79.1,100,88.9975190375,79.0972619427,89,100,79.1,70.19,89,79.1,89,79.0965421506
1326,0.366872239353,92,9,1,0,79.1,100,88.9975190375,79.0972619427,89,100,79.1,70.19,89,79.1,89,79.0965421506
1327,0.36684723727,98,3,1,0,79.1,100,88.9975190375,79.0972619427,89,100,79.1,70.19,89,79.1,89,79.0965421506
1328,0.366822235186,98,3,1,0,79.1,100,88.9975190375,79.0972619427,89,100,79.1,70.19,89,79.1,89,79.0965421506
1329,0.366797233103,98,3,1,0,79.1,100,88.9975190375,79.0972619427,89,100,79.1,70.19,89,79.1,89,79.0965421506
1330,0.366772231019,97,4,1,0,79.1,100,88.9975190375,79.0972619427,89,100,79.1,70.19,89,79.1,89,79.0965421506
1331,0.366747228936,96,5,1,0,79.1,100,88.9975190375,79.0972619427,89,100,79.1,70.19,89,79.1,89,79.0965421506
1332,0.366722226852,98,3,1,0,79.1,100,88.9975190375,79.0972619427,89,100,79.1,70.19,89,79.1,89,79.0965421506
1333,0.366697224769,97,4,1,1.42108547152e-14,79.1,100,88.9975190375,79.0972619427,89,100,79.1,70.19,89,79.1,89,79.0965421506
1334,0.366672222685,96,5,1,0,79.1,100,88.9975190375,79.0972619427,89,100,79.1,70.19,89,79.1,89,79.0965421506
1335,0.366647220602,98,3,1,0,79.1,100,88.9975190375,79.0972619427,89,100,79.1,70.19,89,79.1,89,79.0965421506
1336,0.366622218518,98,3,1,0,79.1,100,88.9975190375,79.0972619427,89,100,79.1,70.19,89,79.1,89,79.0965421506
1337,0.366597216435,94,7,1,0,79.1,100,88.9975190375,79.0972619427,89,100,79.1,70.19,89,79.1,89,79.0965421506
1338,0.366572214351,98,3,1,0,79.1,100,88.9975190375,79.0972619427,89,100,79.1,70.19,89,79.1,89,79.0965421506
1339,0.366547212268,98,3,1,0,79.1,100,88.9975190375,79.0972619427,89,100,79.1,70.19,89,79.1,89,79.0965421506
1340,0.366522210184,98,3,1,0,79.1,100,88.9975190375,79.0972619427,89,100,79.1,70.19,89,79.1,89,79.0965421506
1341,0.366497208101,98,3,1,0,79.1,100,88.9975190375,79.0972619427,89,100,79.1,70.19,89,79.1,89,79.0965421506
1342,0.366472206017,88,13,1,0.00124482580082,79.1,100,88.9975190375,79.0972619427,89,100,79.1,70.19,89,79.1,89,79.0977869764
1343,0.366447203934,98,3,1,0,79.1,100,88.9975190375,79.0972619427,89,100,79.1,70.19,89,79.1,89,79.0977869764
1344,0.36642220185,98,3,1,0,79.1,100,88.9975190375,79.0972619427,89,100,79.1,70.19,89,79.1,89,79.0977869764
1345,0.366397199767,98,3,1,0,79.1,100,88.9975190375,79.0972619427,89,100,79.1,70.19,89,79.1,89,79.0977869764
1346,0.366372197683,94,7,1,0.000442604729187,79.1,100,88.9975190375,79.0972619427,89,100,79.1,70.19,89,79.1,89,79.0982295811
1347,0.3663471956,93,8,1,0.00098570063075,79.1,100,88.9975190375,79.0982476433,89,100,79.1,70.19,89,79.1,89,79.0982295811
1348,0.366322193516,98,3,1,0,79.1,100,88.9975190375,79.0982476433,89,100,79.1,70.19,89,79.1,89,79.0982295811
1349,0.366297191433,98,3,1,0,79.1,100,88.9975190375,79.0982476433,89,100,79.1,70.19,89,79.1,89,79.0982295811
1350,0.366272189349,96,5,1,0,79.1,100,88.9975190375,79.0982476433,89,100,79.1,70.19,89,79.1,89,79.0982295811
1351,0.366247187266,98,3,1,0,79.1,100,88.9975190375,79.0982476433,89,100,79.1,70.19,89,79.1,89,79.0982295811
1352,0.366222185182,98,3,1,0,79.1,100,88.9975190375,79.0982476433,89,100,79.1,70.19,89,79.1,89,79.0982295811
1353,0.366197183099,94,7,1,0,79.1,100,88.9975190375,79.0982476433,89,100,79.1,70.19,89,79.1,89,79.0982295811
1354,0.366172181015,96,5,1,0,79.1,100,88.9975190375,79.0982476433,89,100,79.1,70.19,89,79.1,89,79.0982295811
1355,0.366147178932,98,3,1,0,79.1,100,88.9975190375,79.0982476433,89,100,79.1,70.19,89,79.1,89,79.0982295811
1356,0.366122176848,98,3,1,0,79.1,100,88.9975190375,79.0982476433,89,100,79.1,70.19,89,79.1,89,79.0982295811
1357,0.366097174765,96,5,1,0,79.1,100,88.9975190375,79.0982476433,89,100,79.1,70.19,89,79.1,89,79.0982295811
1358,0.366072172681,96,5,1,0,79.1,100,88.9975190375,79.0982476433,89,100,79.1,70.19,89,79.1,89,79.0982295811
1359,0.366047170598,98,3,1,0,79.1,100,88.9975190375,79.0982476433,89,100,79.1,70.19,89,79.1,89,79.0982295811
1360,0.366022168514,98,3,1,0,79.1,100,88.9975190375,79.0982476433,89,100,79.1,70.19,89,79.1,89,79.0982295811
1361,0.365997166431,95,6,1,1.42108547152e-14,79.1,100,88.9975190375,79.0982476433,89,100,79.1,70.19,89,79.1,89,79.0982295811
1362,0.365972164347,91,10,1,0,79.1,100,88.9975190375,79.0982476433,89,100,79.1,70.19,89,79.1,89,79.0982295811
1363,0.365947162264,98,3,1,0,79.1,100,88.9975190375,79.0982476433,89,100,79.1,70.19,89,79.1,89,79.0982295811
1364,0.36592216018,96,5,1,0,79.1,100,88.9975190375,79.0982476433,89,100,79.1,70.19,89,79.1,89,79.0982295811
1365,0.365897158097,97,4,1,0,79.1,100,88.9975190375,79.0982476433,89,100,79.1,70.19,89,79.1,89,79.0982295811
1366,0.365872156013,97,4,1,0,79.1,100,88.9975190375,79.0982476433,89,100,79.1,70.19,89,79.1,89,79.0982295811
1367,0.365847153929,98,3,1,0,79.1,100,88.9975190375,79.0982476433,89,100,79.1,70.19,89,79.1,89,79.0982295811
1368,0.365822151846,98,3,1,0,79.1,100,88.9975190375,79.0982476433,89,100,79.1,70.19,89,79.1,89,79.0982295811
1369,0.365797149762,97,4,1,0,79.1,100,88.9975190375,79.0982476433,89,100,79.1,70.19,89,79.1,89,79.0982295811
1370,0.365772147679,98,3,1,0,79.1,100,88.9975190375,79.0982476433,89,100,79.1,70.19,89,79.1,89,79.0982295811
1371,0.365747145595,98,3,1,0,79.1,100,88.9975190375,79.0982476433,89,100,79.1,70.19,89,79.1,89,79.0982295811
1372,0.365722143512,98,3,1,0,79.1,100,88.9975190375,79.0982476433,89,100,79.1,70.19,89,79.1,89,79.0982295811
1373,0.365697141428,98,3,1,0,79.1,100,88.9975190375,79.0982476433,89,100,79.1,70.19,89,79.1,89,79.0982295811
1374,0.365672139345,98,3,1,0,79.1,100,88.9975190375,79.0982476433,89,100,79.1,70.19,89,79.1,89,79.0982295811
1375,0.365647137261,98,3,1,0,79.1,100,88.9975190375,79.0982476433,89,100,79.1,70.19,89,79.1,89,79.0982295811
1376,0.365622135178,97,4,1,0,79.1,100,88.9975190375,79.0982476433,89,100,79.1,70.19,89,79.1,89,79.0982295811
1377,0.365597133094,98,3,1,0,79.1,100,88.9975190375,79.0982476433,89,100,79.1,70.19,89,79.1,89,79.0982295811
1378,0.365572131011,96,5,1,0,79.1,100,88.9975190375,79.0982476433,89,100,79.1,70.19,89,79.1,89,79.0982295811
1379,0.365547128927,95,6,1,0.000350471335381,79.1,100,88.9975190375,79.0985981147,89,100,79.1,70.19,89,79.1,89,79.0982295811
1380,0.365522126844,98,3,1,0,79.1,100,88.9975190375,79.0985981147,89,100,79.1,70.19,89,79.1,89,79.0982295811
1381,0.36549712476,96,5,1,0,79.1,100,88.9975190375,79.0985981147,89,100,79.1,70.19,89,79.1,89,79.0982295811
1382,0.365472122677,94,7,1,0,79.1,100,88.9975190375,79.0985981147,89,100,79.1,70.19,89,79.1,89,79.0982295811
1383,0.365447120593,95,6,1,0,79.1,100,88.9975190375,79.0985981147,89,100,79.1,70.19,89,79.1,89,79.0982295811
1384,0.36542211851,96,5,1,0,79.1,100,88.9975190375,79.0985981147,89,100,79.1,70.19,89,79.1,89,79.0982295811
1385,0.365397116426,94,7,1,0,79.1,100,88.9975190375,79.0985981147,89,100,79.1,70.19,89,79.1,89,79.0982295811
1386,0.365372114343,98,3,1,0,79.1,100,88.9975190375,79.0985981147,89,100,79.1,70.19,89,79.1,89,79.0982295811
1387,0.365347112259,96,5,1,0,79.1,100,88.9975190375,79.0985981147,89,100,79.1,70.19,89,79.1,89,79.0982295811
1388,0.365322110176,97,4,1,0,79.1,100,88.9975190375,79.0985981147,89,100,79.1,70.19,89,79.1,89,79.0982295811
1389,0.365297108092,96,5,1,0,79.1,100,88.9975190375,79.0985981147,89,100,79.1,70.19,89,79.1,89,79.0982295811
1390,0.365272106009,94,7,1,0,79.1,100,88.9975190375,79.0985981147,89,100,79.1,70.19,89,79.1,89,79.0982295811
1391,0.365247103925,98,3,1,0,79.1,100,88.9975190375,79.0985981147,89,100,79.1,70.19,89,79.1,89,79.0982295811
1392,0.365222101842,98,3,1,0,79.1,100,88.9975190375,79.0985981147,89,100,79.1,70.19,89,79.1,89,79.0982295811
1393,0.365197099758,97,4,1,0,79.1,100,88.9975190375,79.0985981147,89,100,79.1,70.19,89,79.1,89,79.0982295811
1394,0.365172097675,98,3,1,0,79.1,100,88.9975190375,79.0985981147,89,100,79.1,70.19,89,79.1,89,79.0982295811
1395,0.365147095591,98,3,1,0,79.1,100,88.9975190375,79.0985981147,89,100,79.1,70.19,89,79.1,89,79.0982295811
1396,0.365122093508,98,3,1,0,79.1,100,88.9975190375,79.0985981147,89,100,79.1,70.19,89,79.1,89,79.0982295811
1397,0.365097091424,98,3,1,0,79.1,100,88.9975190375,79.0985981147,89,100,79.1,70.19,89,79.1,89,79.0982295811
1398,0.365072089341,93,8,1,0,79.1,100,88.9975190375,79.0985981147,89,100,79.1,70.19,89,79.1,89,79.0982295811
1399,0.365047087257,98,3,1,0,79.1,100,88.9975190375,79.0985981147,89,100,79.1,70.19,89,79.1,89,79.0982295811
1400,0.365022085174,98,3,1,0,79.1,100,88.9975190375,79.0985981147,89,100,79.1,70.19,89,79.1,89,79.0982295811
1401,0.36499708309,98,3,1,0,79.1,100,88.9975190375,79.0985981147,89,100,79.1,70.19,89,79.1,89,79.0982295811
1402,0.364972081007,95,6,1,0.000280377068307,79.1,100,88.9975190375,79.0988784917,89,100,79.1,70.19,89,79.1,89,79.0982295811
1403,0.364947078923,98,3,1,0,79.1,100,88.9975190375,79.0988784917,89,100,79.1,70.19,89,79.1,89,79.0982295811
1404,0.36492207684,98,3,1,0,79.1,100,88.9975190375,79.0988784917,89,100,79.1,70.19,89,79.1,89,79.0982295811
1405,0.364897074756,96,5,1,0,79.1,100,88.9975190375,79.0988784917,89,100,79.1,70.19,89,79.1,89,79.0982295811
1406,0.364872072673,98,3,1,0,79.1,100,88.9975190375,79.0988784917,89,100,79.1,70.19,89,79.1,89,79.0982295811
1407,0.364847070589,98,3,1,0,79.1,100,88.9975190375,79.0988784917,89,100,79.1,70.19,89,79.1,89,79.0982295811
1408,0.364822068506,98,3,1,0,79.1,100,88.9975190375,79.0988784917,89,100,79.1,70.19,89,79.1,89,79.0982295811
1409,0.364797066422,98,3,1,0,79.1,100,88.9975190375,79.0988784917,89,100,79.1,70.19,89,79.1,89,79.0982295811
1410,0.364772064339,98,3,1,0,79.1,100,88.9975190375,79.0988784917,89,100,79.1,70.19,89,79.1,89,79.0982295811
1411,0.364747062255,96,5,1,0,79.1,100,88.9975190375,79.0988784917,89,100,79.1,70.19,89,79.1,89,79.0982295811
1412,0.364722060172,97,4,1,0,79.1,100,88.9975190375,79.0988784917,89,100,79.1,70.19,89,79.1,89,79.0982295811
1413,0.364697058088,98,3,1,0,79.1,100,88.9975190375,79.0988784917,89,100,79.1,70.19,89,79.1,89,79.0982295811
1414,0.364672056005,98,3,1,0,79.1,100,88.9975190375,79.0988784917,89,100,79.1,70.19,89,79.1,89,79.0982295811
1415,0.364647053921,97,4,1,0,79.1,100,88.9975190375,79.0988784917,89,100,79.1,70.19,89,79.1,89,79.0982295811
1416,0.364622051838,96,5,1,0,79.1,100,88.9975190375,79.0988784917,89,100,79.1,70.19,89,79.1,89,79.0982295811
1417,0.364597049754,98,3,1,0,79.1,100,88.9975190375,79.0988784917,89,100,79.1,70.19,89,79.1,89,79.0982295811
1418,0.364572047671,98,3,1,0,79.1,100,88.9975190375,79.0988784917,89,100,79.1,70.19,89,79.1,89,79.0982295811
1419,0.364547045587,97,4,1,0,79.1,100,88.9975190375,79.0988784917,89,100,79.1,70.19,89,79.1,89,79.0982295811
1420,0.364522043504,98,3,1,0,79.1,100,88.9975190375,79.0988784917,89,100,79.1,70.19,89,79.1,89,79.0982295811
1421,0.36449704142,98,3,1,0,79.1,100,88.9975190375,79.0988784917,89,100,79.1,70.19,89,79.1,89,79.0982295811
1422,0.364472039337,98,3,1,0,79.1,100,88.9975190375,79.0988784917,89,100,79.1,70.19,89,79.1,89,79.0982295811
1423,0.364447037253,96,5,1,0.00035408378335,79.1,100,88.9975190375,79.0988784917,89,100,79.1,70.19,89,79.1,89,79.0985836649
1424,0.36442203517,91,10,1,0.000496192500108,79.1,100,88.99801523,79.0988784917,89,100,79.1,70.19,89,79.1,89,79.0985836649
1425,0.364397033086,98,3,1,0,79.1,100,88.99801523,79.0988784917,89,100,79.1,70.19,89,79.1,89,79.0985836649
1426,0.364372031003,97,4,1,0,79.1,100,88.99801523,79.0988784917,89,100,79.1,70.19,89,79.1,89,79.0985836649
1427,0.364347028919,96,5,1,0,79.1,100,88.99801523,79.0988784917,89,100,79.1,70.19,89,79.1,89,79.0985836649
1428,0.364322026836,97,4,1,0,79.1,100,88.99801523,79.0988784917,89,100,79.1,70.19,89,79.1,89,79.0985836649
1429,0.364297024752,98,3,1,0,79.1,100,88.99801523,79.0988784917,89,100,79.1,70.19,89,79.1,89,79.0985836649
1430,0.364272022669,98,3,1,0,79.1,100,88.99801523,79.0988784917,89,100,79.1,70.19,89,79.1,89,79.0985836649
1431,0.364247020585,96,5,1,0,79.1,100,88.99801523,79.0988784917,89,100,79.1,70.19,89,79.1,89,79.0985836649
1432,0.364222018502,98,3,1,0,79.1,100,88.99801523,79.0988784917,89,100,79.1,70.19,89,79.1,89,79.0985836649
1433,0.364197016418,98,3,1,0,79.1,100,88.99801523,79.0988784917,89,100,79.1,70.19,89,79.1,89,79.0985836649
1434,0.364172014335,97,4,1,0,79.1,100,88.99801523,79.0988784917,89,100,79.1,70.19,89,79.1,89,79.0985836649
1435,0.364147012251,98,3,1,0,79.1,100,88.99801523,79.0988784917,89,100,79.1,70.19,89,79.1,89,79.0985836649
1436,0.364122010168,97,4,1,0,79.1,100,88.99801523,79.0988784917,89,100,79.1,70.19,89,79.1,89,79.0985836649
1437,0.364097008084,98,3,1,0,79.1,100,88.99801523,79.0988784917,89,100,79.1,70.19,89,79.1,89,79.0985836649
1438,0.364072006001,98,3,1,0,79.1,100,88.99801523,79.0988784917,89,100,79.1,70.19,89,79.1,89,79.0985836649
1439,0.364047003917,98,3,1,0,79.1,100,88.99801523,79.0988784917,89,100,79.1,70.19,89,79.1,89,79.0985836649
1440,0.364022001833,97,4,1,0,79.1,100,88.99801523,79.0988784917,89,100,79.1,70.19,89,79.1,89,79.0985836649
1441,0.36399699975,96,5,1,0,79.1,100,88.99801523,79.0988784917,89,100,79.1,70.19,89,79.1,89,79.0985836649
1442,0.363971997666,98,3,1,0,79.1,100,88.99801523,79.0988784917,89,100,79.1,70.19,89,79.1,89,79.0985836649
1443,0.363946995583,96,5,1,0,79.1,100,88.99801523,79.0988784917,89,100,79.1,70.19,89,79.1,89,79.0985836649
1444,0.363921993499,98,3,1,0,79.1,100,88.99801523,79.0988784917,89,100,79.1,70.19,89,79.1,89,79.0985836649
1445,0.363896991416,98,3,1,0,79.1,100,88.99801523,79.0988784917,89,100,79.1,70.19,89,79.1,89,79.0985836649
1446,0.363871989332,98,3,1,0,79.1,100,88.99801523,79.0988784917,89,100,79.1,70.19,89,79.1,89,79.0985836649
1447,0.363846987249,98,3,1,0,79.1,100,88.99801523,79.0988784917,89,100,79.1,70.19,89,79.1,89,79.0985836649
1448,0.363821985165,98,3,1,0,79.1,100,88.99801523,79.0988784917,89,100,79.1,70.19,89,79.1,89,79.0985836649
1449,0.363796983082,98,3,1,0,79.1,100,88.99801523,79.0988784917,89,100,79.1,70.19,89,79.1,89,79.0985836649
1450,0.363771980998,98,3,1,0,79.1,100,88.99801523,79.0988784917,89,100,79.1,70.19,89,79.1,89,79.0985836649
1451,0.363746978915,98,3,1,0,79.1,100,88.99801523,79.0988784917,89,100,79.1,70.19,89,79.1,89,79.0985836649
1452,0.363721976831,96,5,1,0.000283267026674,79.1,100,88.99801523,79.0988784917,89,100,79.1,70.19,89,79.1,89,79.0988669319
1453,0.363696974748,98,3,1,0,79.1,100,88.99801523,79.0988784917,89,100,79.1,70.19,89,79.1,89,79.0988669319
1454,0.363671972664,95,6,1,0.00022430165464,79.1,100,88.99801523,79.0991027934,89,100,79.1,70.19,89,79.1,89,79.0988669319
1455,0.363646970581,98,3,1,0,79.1,100,88.99801523,79.0991027934,89,100,79.1,70.19,89,79.1,89,79.0988669319
1456,0.363621968497,98,3,1,0,79.1,100,88.99801523,79.0991027934,89,100,79.1,70.19,89,79.1,89,79.0988669319
1457,0.363596966414,94,7,1,0.000396954000081,79.1,100,88.998412184,79.0992822347,89,100,79.1,70.19,89,79.1,89,79.0988669319
1458,0.36357196433,98,3,1,0,79.1,100,88.998412184,79.0992822347,89,100,79.1,70.19,89,79.1,89,79.0988669319
1459,0.363546962247,98,3,1,0,79.1,100,88.998412184,79.0992822347,89,100,79.1,70.19,89,79.1,89,79.0988669319
1460,0.363521960163,95,6,1,0,79.1,100,88.998412184,79.0992822347,89,100,79.1,70.19,89,79.1,89,79.0988669319
1461,0.36349695808,98,3,1,0,79.1,100,88.998412184,79.0992822347,89,100,79.1,70.19,89,79.1,89,79.0988669319
1462,0.363471955996,97,4,1,0,79.1,100,88.998412184,79.0992822347,89,100,79.1,70.19,89,79.1,89,79.0988669319
1463,0.363446953913,94,7,1,0.000226613621336,79.1,100,88.998412184,79.0992822347,89,100,79.1,70.19,89,79.1,89,79.0990935455
1464,0.363421951829,98,3,1,0,79.1,100,88.998412184,79.0992822347,89,100,79.1,70.19,89,79.1,89,79.0990935455
1465,0.363396949746,98,3,1,0,79.1,100,88.998412184,79.0992822347,89,100,79.1,70.19,89,79.1,89,79.0990935455
1466,0.363371947662,98,3,1,0,79.1,100,88.998412184,79.0992822347,89,100,79.1,70.19,89,79.1,89,79.0990935455
1467,0.363346945579,96,5,1,0.000181290897075,79.1,100,88.998412184,79.0992822347,89,100,79.1,70.19,89,79.1,89,79.0992748364
1468,0.363321943495,98,3,1,0,79.1,100,88.998412184,79.0992822347,89,100,79.1,70.19,89,79.1,89,79.0992748364
1469,0.363296941412,98,3,1,0,79.1,100,88.998412184,79.0992822347,89,100,79.1,70.19,89,79.1,89,79.0992748364
1470,0.363271939328,97,4,1,0,79.1,100,88.998412184,79.0992822347,89,100,79.1,70.19,89,79.1,89,79.0992748364
1471,0.363246937245,96,5,1,0,79.1,100,88.998412184,79.0992822347,89,100,79.1,70.19,89,79.1,89,79.0992748364
1472,0.363221935161,94,7,1,0,79.1,100,88.998412184,79.0992822347,89,100,79.1,70.19,89,79.1,89,79.0992748364
1473,0.363196933078,98,3,1,0,79.1,100,88.998412184,79.0992822347,89,100,79.1,70.19,89,79.1,89,79.0992748364
1474,0.363171930994,98,3,1,0,79.1,100,88.998412184,79.0992822347,89,100,79.1,70.19,89,79.1,89,79.0992748364
1475,0.363146928911,98,3,1,0,79.1,100,88.998412184,79.0992822347,89,100,79.1,70.19,89,79.1,89,79.0992748364
1476,0.363121926827,95,6,1,0,79.1,100,88.998412184,79.0992822347,89,100,79.1,70.19,89,79.1,89,79.0992748364
1477,0.363096924744,97,4,1,0,79.1,100,88.998412184,79.0992822347,89,100,79.1,70.19,89,79.1,89,79.0992748364
1478,0.36307192266,96,5,1,0,79.1,100,88.998412184,79.0992822347,89,100,79.1,70.19,89,79.1,89,79.0992748364
1479,0.363046920577,93,8,1,0,79.1,100,88.998412184,79.0992822347,89,100,79.1,70.19,89,79.1,89,79.0992748364
1480,0.363021918493,97,4,1,0,79.1,100,88.998412184,79.0992822347,89,100,79.1,70.19,89,79.1,89,79.0992748364
1481,0.36299691641,98,3,1,0,79.1,100,88.998412184,79.0992822347,89,100,79.1,70.19,89,79.1,89,79.0992748364
1482,0.362971914326,98,3,1,0,79.1,100,88.998412184,79.0992822347,89,100,79.1,70.19,89,79.1,89,79.0992748364
1483,0.362946912243,98,3,1,0,79.1,100,88.998412184,79.0992822347,89,100,79.1,70.19,89,79.1,89,79.0992748364
1484,0.362921910159,98,3,1,0,79.1,100,88.998412184,79.0992822347,89,100,79.1,70.19,89,79.1,89,79.0992748364
1485,0.362896908076,96,5,1,0.00031756320007,79.1,100,88.9987297472,79.0992822347,89,100,79.1,70.19,89,79.1,89,79.0992748364
1486,0.362871905992,98,3,1,0,79.1,100,88.9987297472,79.0992822347,89,100,79.1,70.19,89,79.1,89,79.0992748364
1487,0.362846903909,98,3,1,0,79.1,100,88.9987297472,79.0992822347,89,100,79.1,70.19,89,79.1,89,79.0992748364
1488,0.362821901825,98,3,1,0,79.1,100,88.9987297472,79.0992822347,89,100,79.1,70.19,89,79.1,89,79.0992748364
1489,0.362796899742,98,3,1,0,79.1,100,88.9987297472,79.0992822347,89,100,79.1,70.19,89,79.1,89,79.0992748364
1490,0.362771897658,98,3,1,0,79.1,100,88.9987297472,79.0992822347,89,100,79.1,70.19,89,79.1,89,79.0992748364
1491,0.362746895575,98,3,1,0,79.1,100,88.9987297472,79.0992822347,89,100,79.1,70.19,89,79.1,89,79.0992748364
1492,0.362721893491,97,4,1,0,79.1,100,88.9987297472,79.0992822347,89,100,79.1,70.19,89,79.1,89,79.0992748364
1493,0.362696891408,98,3,1,0,79.1,100,88.9987297472,79.0992822347,89,100,79.1,70.19,89,79.1,89,79.0992748364
1494,0.362671889324,97,4,1,0,79.1,100,88.9987297472,79.0992822347,89,100,79.1,70.19,89,79.1,89,79.0992748364
1495,0.362646887241,98,3,1,0,79.1,100,88.9987297472,79.0992822347,89,100,79.1,70.19,89,79.1,89,79.0992748364
1496,0.362621885157,98,3,1,0,79.1,100,88.9987297472,79.0992822347,89,100,79.1,70.19,89,79.1,89,79.0992748364
1497,0.362596883074,98,3,1,0,79.1,100,88.9987297472,79.0992822347,89,100,79.1,70.19,89,79.1,89,79.0992748364
1498,0.36257188099,96,5,1,0,79.1,100,88.9987297472,79.0992822347,89,100,79.1,70.19,89,79.1,89,79.0992748364
1499,0.362546878907,98,3,1,0,79.1,100,88.9987297472,79.0992822347,89,100,79.1,70.19,89,79.1,89,79.0992748364
1500,0.362521876823,96,5,1,0.000254050560059,79.1,100,88.9989837978,79.0992822347,89,100,79.1,70.19,89,79.1,89,79.0992748364
1501,0.36249687474,98,3,1,0,79.1,100,88.9989837978,79.0992822347,89,100,79.1,70.19,89,79.1,89,79.0992748364
1502,0.362471872656,98,3,1,0,79.1,100,88.9989837978,79.0992822347,89,100,79.1,70.19,89,79.1,89,79.0992748364
1503,0.362446870573,98,3,1,0,79.1,100,88.9989837978,79.0992822347,89,100,79.1,70.19,89,79.1,89,79.0992748364
1504,0.362421868489,96,5,1,0.000145032717654,79.1,100,88.9989837978,79.0992822347,89,100,79.1,70.19,89,79.1,89,79.0994198691
1505,0.362396866406,94,7,1,0,79.1,100,88.9989837978,79.0992822347,89,100,79.1,70.19,89,79.1,89,79.0994198691
1506,0.362371864322,98,3,1,0,79.1,100,88.9989837978,79.0992822347,89,100,79.1,70.19,89,79.1,89,79.0994198691
1507,0.362346862239,98,3,1,0,79.1,100,88.9989837978,79.0992822347,89,100,79.1,70.19,89,79.1,89,79.0994198691
1508,0.362321860155,98,3,1,0,79.1,100,88.9989837978,79.0992822347,89,100,79.1,70.19,89,79.1,89,79.0994198691
1509,0.362296858072,98,3,1,0,79.1,100,88.9989837978,79.0992822347,89,100,79.1,70.19,89,79.1,89,79.0994198691
1510,0.362271855988,95,6,1,0,79.1,100,88.9989837978,79.0992822347,89,100,79.1,70.19,89,79.1,89,79.0994198691
1511,0.362246853904,98,3,1,0,79.1,100,88.9989837978,79.0992822347,89,100,79.1,70.19,89,79.1,89,79.0994198691
1512,0.362221851821,96,5,1,0.000203240448045,79.1,100,88.9991870382,79.0992822347,89,100,79.1,70.19,89,79.1,89,79.0994198691
1513,0.362196849737,98,3,1,0,79.1,100,88.9991870382,79.0992822347,89,100,79.1,70.19,89,79.1,89,79.0994198691
1514,0.362171847654,97,4,1,0,79.1,100,88.9991870382,79.0992822347,89,100,79.1,70.19,89,79.1,89,79.0994198691
1515,0.36214684557,95,6,1,0,79.1,100,88.9991870382,79.0992822347,89,100,79.1,70.19,89,79.1,89,79.0994198691
1516,0.362121843487,98,3,1,0,79.1,100,88.9991870382,79.0992822347,89,100,79.1,70.19,89,79.1,89,79.0994198691
1517,0.362096841403,97,4,1,0,79.1,100,88.9991870382,79.0992822347,89,100,79.1,70.19,89,79.1,89,79.0994198691
1518,0.36207183932,98,3,1,0,79.1,100,88.9991870382,79.0992822347,89,100,79.1,70.19,89,79.1,89,79.0994198691
1519,0.362046837236,98,3,1,0,79.1,100,88.9991870382,79.0992822347,89,100,79.1,70.19,89,79.1,89,79.0994198691
1520,0.362021835153,96,5,1,0.000162592358436,79.1,100,88.9993496306,79.0992822347,89,100,79.1,70.19,89,79.1,89,79.0994198691
1521,0.361996833069,98,3,1,0,79.1,100,88.9993496306,79.0992822347,89,100,79.1,70.19,89,79.1,89,79.0994198691
1522,0.361971830986,98,3,1,0,79.1,100,88.9993496306,79.0992822347,89,100,79.1,70.19,89,79.1,89,79.0994198691
1523,0.361946828902,98,3,1,0,79.1,100,88.9993496306,79.0992822347,89,100,79.1,70.19,89,79.1,89,79.0994198691
1524,0.361921826819,98,3,1,0,79.1,100,88.9993496306,79.0992822347,89,100,79.1,70.19,89,79.1,89,79.0994198691
1525,0.361896824735,95,6,1,0.000143553058976,79.1,100,88.9993496306,79.0994257878,89,100,79.1,70.19,89,79.1,89,79.0994198691
1526,0.361871822652,98,3,1,0,79.1,100,88.9993496306,79.0994257878,89,100,79.1,70.19,89,79.1,89,79.0994198691
1527,0.361846820568,98,3,1,0,79.1,100,88.9993496306,79.0994257878,89,100,79.1,70.19,89,79.1,89,79.0994198691
1528,0.361821818485,96,5,1,0,79.1,100,88.9993496306,79.0994257878,89,100,79.1,70.19,89,79.1,89,79.0994198691
1529,0.361796816401,98,3,1,0,79.1,100,88.9993496306,79.0994257878,89,100,79.1,70.19,89,79.1,89,79.0994198691
1530,0.361771814318,98,3,1,0,79.1,100,88.9993496306,79.0994257878,89,100,79.1,70.19,89,79.1,89,79.0994198691
1531,0.361746812234,98,3,1,0,79.1,100,88.9993496306,79.0994257878,89,100,79.1,70.19,89,79.1,89,79.0994198691
1532,0.361721810151,98,3,1,0,79.1,100,88.9993496306,79.0994257878,89,100,79.1,70.19,89,79.1,89,79.0994198691
1533,0.361696808067,97,4,1,0,79.1,100,88.9993496306,79.0994257878,89,100,79.1,70.19,89,79.1,89,79.0994198691
1534,0.361671805984,96,5,1,0,79.1,100,88.9993496306,79.0994257878,89,100,79.1,70.19,89,79.1,89,79.0994198691
1535,0.3616468039,96,5,1,0,79.1,100,88.9993496306,79.0994257878,89,100,79.1,70.19,89,79.1,89,79.0994198691
1536,0.361621801817,98,3,1,0,79.1,100,88.9993496306,79.0994257878,89,100,79.1,70.19,89,79.1,89,79.0994198691
1537,0.361596799733,98,3,1,0,79.1,100,88.9993496306,79.0994257878,89,100,79.1,70.19,89,79.1,89,79.0994198691
1538,0.36157179765,97,4,1,0,79.1,100,88.9993496306,79.0994257878,89,100,79.1,70.19,89,79.1,89,79.0994198691
1539,0.361546795566,98,3,1,0,79.1,100,88.9993496306,79.0994257878,89,100,79.1,70.19,89,79.1,89,79.0994198691
1540,0.361521793483,96,5,1,0,79.1,100,88.9993496306,79.0994257878,89,100,79.1,70.19,89,79.1,89,79.0994198691
1541,0.361496791399,97,4,1,0,79.1,100,88.9993496306,79.0994257878,89,100,79.1,70.19,89,79.1,89,79.0994198691
1542,0.361471789316,98,3,1,0,79.1,100,88.9993496306,79.0994257878,89,100,79.1,70.19,89,79.1,89,79.0994198691
1543,0.361446787232,97,4,1,0,79.1,100,88.9993496306,79.0994257878,89,100,79.1,70.19,89,79.1,89,79.0994198691
1544,0.361421785149,98,3,1,0,79.1,100,88.9993496306,79.0994257878,89,100,79.1,70.19,89,79.1,89,79.0994198691
1545,0.361396783065,96,5,1,0,79.1,100,88.9993496306,79.0994257878,89,100,79.1,70.19,89,79.1,89,79.0994198691
1546,0.361371780982,97,4,1,0,79.1,100,88.9993496306,79.0994257878,89,100,79.1,70.19,89,79.1,89,79.0994198691
1547,0.361346778898,96,5,1,0,79.1,100,88.9993496306,79.0994257878,89,100,79.1,70.19,89,79.1,89,79.0994198691
1548,0.361321776815,94,7,1,0.000130073886751,79.1,100,88.9994797045,79.0994257878,89,100,79.1,70.19,89,79.1,89,79.0994198691
1549,0.361296774731,97,4,1,0,79.1,100,88.9994797045,79.0994257878,89,100,79.1,70.19,89,79.1,89,79.0994198691
1550,0.361271772648,96,5,1,0,79.1,100,88.9994797045,79.0994257878,89,100,79.1,70.19,89,79.1,89,79.0994198691
1551,0.361246770564,96,5,1,0,79.1,100,88.9994797045,79.0994257878,89,100,79.1,70.19,89,79.1,89,79.0994198691
1552,0.361221768481,97,4,1,0,79.1,100,88.9994797045,79.0994257878,89,100,79.1,70.19,89,79.1,89,79.0994198691
1553,0.361196766397,97,4,1,0,79.1,100,88.9994797045,79.0994257878,89,100,79.1,70.19,89,79.1,89,79.0994198691
1554,0.361171764314,97,4,1,0,79.1,100,88.9994797045,79.0994257878,89,100,79.1,70.19,89,79.1,89,79.0994198691
1555,0.36114676223,96,5,1,0,79.1,100,88.9994797045,79.0994257878,89,100,79.1,70.19,89,79.1,89,79.0994198691
1556,0.361121760147,98,3,1,0,79.1,100,88.9994797045,79.0994257878,89,100,79.1,70.19,89,79.1,89,79.0994198691
1557,0.361096758063,98,3,1,0,79.1,100,88.9994797045,79.0994257878,89,100,79.1,70.19,89,79.1,89,79.0994198691
1558,0.36107175598,97,4,1,0,79.1,100,88.9994797045,79.0994257878,89,100,79.1,70.19,89,79.1,89,79.0994198691
1559,0.361046753896,98,3,1,0,79.1,100,88.9994797045,79.0994257878,89,100,79.1,70.19,89,79.1,89,79.0994198691
1560,0.361021751813,98,3,1,0,79.1,100,88.9994797045,79.0994257878,89,100,79.1,70.19,89,79.1,89,79.0994198691
1561,0.360996749729,96,5,1,0,79.1,100,88.9994797045,79.0994257878,89,100,79.1,70.19,89,79.1,89,79.0994198691
1562,0.360971747646,96,5,1,0,79.1,100,88.9994797045,79.0994257878,89,100,79.1,70.19,89,79.1,89,79.0994198691
1563,0.360946745562,98,3,1,0,79.1,100,88.9994797045,79.0994257878,89,100,79.1,70.19,89,79.1,89,79.0994198691
1564,0.360921743479,94,7,1,0,79.1,100,88.9994797045,79.0994257878,89,100,79.1,70.19,89,79.1,89,79.0994198691
1565,0.360896741395,98,3,1,0,79.1,100,88.9994797045,79.0994257878,89,100,79.1,70.19,89,79.1,89,79.0994198691
1566,0.360871739312,97,4,1,0,79.1,100,88.9994797045,79.0994257878,89,100,79.1,70.19,89,79.1,89,79.0994198691
1567,0.360846737228,98,3,1,0,79.1,100,88.9994797045,79.0994257878,89,100,79.1,70.19,89,79.1,89,79.0994198691
1568,0.360821735145,98,3,1,0,79.1,100,88.9994797045,79.0994257878,89,100,79.1,70.19,89,79.1,89,79.0994198691
1569,0.360796733061,98,3,1,0,79.1,100,88.9994797045,79.0994257878,89,100,79.1,70.19,89,79.1,89,79.0994198691
1570,0.360771730978,98,3,1,0,79.1,100,88.9994797045,79.0994257878,89,100,79.1,70.19,89,79.1,89,79.0994198691
1571,0.360746728894,96,5,1,0,79.1,100,88.9994797045,79.0994257878,89,100,79.1,70.19,89,79.1,89,79.0994198691
1572,0.360721726811,96,5,1,0.000116026174126,79.1,100,88.9994797045,79.0994257878,89,100,79.1,70.19,89,79.1,89,79.0995358953
1573,0.360696724727,97,4,1,0,79.1,100,88.9994797045,79.0994257878,89,100,79.1,70.19,89,79.1,89,79.0995358953
1574,0.360671722644,98,3,1,0,79.1,100,88.9994797045,79.0994257878,89,100,79.1,70.19,89,79.1,89,79.0995358953
1575,0.36064672056,96,5,1,0,79.1,100,88.9994797045,79.0994257878,89,100,79.1,70.19,89,79.1,89,79.0995358953
1576,0.360621718477,98,3,1,0,79.1,100,88.9994797045,79.0994257878,89,100,79.1,70.19,89,79.1,89,79.0995358953
1577,0.360596716393,98,3,1,0,79.1,100,88.9994797045,79.0994257878,89,100,79.1,70.19,89,79.1,89,79.0995358953
1578,0.36057171431,98,3,1,0,79.1,100,88.9994797045,79.0994257878,89,100,79.1,70.19,89,79.1,89,79.0995358953
1579,0.360546712226,97,4,1,0,79.1,100,88.9994797045,79.0994257878,89,100,79.1,70.19,89,79.1,89,79.0995358953
1580,0.360521710143,98,3,1,0,79.1,100,88.9994797045,79.0994257878,89,100,79.1,70.19,89,79.1,89,79.0995358953
1581,0.360496708059,97,4,1,0,79.1,100,88.9994797045,79.0994257878,89,100,79.1,70.19,89,79.1,89,79.0995358953
1582,0.360471705975,97,4,1,0,79.1,100,88.9994797045,79.0994257878,89,100,79.1,70.19,89,79.1,89,79.0995358953
1583,0.360446703892,98,3,1,0,79.1,100,88.9994797045,79.0994257878,89,100,79.1,70.19,89,79.1,89,79.0995358953
1584,0.360421701808,96,5,1,0,79.1,100,88.9994797045,79.0994257878,89,100,79.1,70.19,89,79.1,89,79.0995358953
1585,0.360396699725,96,5,1,9.2820939301e-05,79.1,100,88.9994797045,79.0994257878,89,100,79.1,70.19,89,79.1,89,79.0996287162
1586,0.360371697641,98,3,1,0,79.1,100,88.9994797045,79.0994257878,89,100,79.1,70.19,89,79.1,89,79.0996287162
1587,0.360346695558,98,3,1,0,79.1,100,88.9994797045,79.0994257878,89,100,79.1,70.19,89,79.1,89,79.0996287162
1588,0.360321693474,98,3,1,0,79.1,100,88.9994797045,79.0994257878,89,100,79.1,70.19,89,79.1,89,79.0996287162
1589,0.360296691391,98,3,1,0,79.1,100,88.9994797045,79.0994257878,89,100,79.1,70.19,89,79.1,89,79.0996287162
1590,0.360271689307,98,3,1,0,79.1,100,88.9994797045,79.0994257878,89,100,79.1,70.19,89,79.1,89,79.0996287162
1591,0.360246687224,97,4,1,0,79.1,100,88.9994797045,79.0994257878,89,100,79.1,70.19,89,79.1,89,79.0996287162
1592,0.36022168514,98,3,1,0,79.1,100,88.9994797045,79.0994257878,89,100,79.1,70.19,89,79.1,89,79.0996287162
1593,0.360196683057,98,3,1,0,79.1,100,88.9994797045,79.0994257878,89,100,79.1,70.19,89,79.1,89,79.0996287162
1594,0.360171680973,94,7,1,7.42567514465e-05,79.1,100,88.9994797045,79.0994257878,89,100,79.1,70.19,89,79.1,89,79.099702973
1595,0.36014667889,94,7,1,0,79.1,100,88.9994797045,79.0994257878,89,100,79.1,70.19,89,79.1,89,79.099702973
1596,0.360121676806,97,4,1,0,79.1,100,88.9994797045,79.0994257878,89,100,79.1,70.19,89,79.1,89,79.099702973
1597,0.360096674723,98,3,1,0,79.1,100,88.9994797045,79.0994257878,89,100,79.1,70.19,89,79.1,89,79.099702973
1598,0.360071672639,96,5,1,0,79.1,100,88.9994797045,79.0994257878,89,100,79.1,70.19,89,79.1,89,79.099702973
1599,0.360046670556,98,3,1,0,79.1,100,88.9994797045,79.0994257878,89,100,79.1,70.19,89,79.1,89,79.099702973
1600,0.360021668472,97,4,1,0,79.1,100,88.9994797045,79.0994257878,89,100,79.1,70.19,89,79.1,89,79.099702973
1601,0.359996666389,98,3,1,0,79.1,100,88.9994797045,79.0994257878,89,100,79.1,70.19,89,79.1,89,79.099702973
1602,0.359971664305,98,3,1,0,79.1,100,88.9994797045,79.0994257878,89,100,79.1,70.19,89,79.1,89,79.099702973
1603,0.359946662222,98,3,1,0,79.1,100,88.9994797045,79.0994257878,89,100,79.1,70.19,89,79.1,89,79.099702973
1604,0.359921660138,98,3,1,0,79.1,100,88.9994797045,79.0994257878,89,100,79.1,70.19,89,79.1,89,79.099702973
1605,0.359896658055,98,3,1,0,79.1,100,88.9994797045,79.0994257878,89,100,79.1,70.19,89,79.1,89,79.099702973
1606,0.359871655971,97,4,1,0,79.1,100,88.9994797045,79.0994257878,89,100,79.1,70.19,89,79.1,89,79.099702973
1607,0.359846653888,98,3,1,0,79.1,100,88.9994797045,79.0994257878,89,100,79.1,70.19,89,79.1,89,79.099702973
1608,0.359821651804,98,3,1,0,79.1,100,88.9994797045,79.0994257878,89,100,79.1,70.19,89,79.1,89,79.099702973
1609,0.359796649721,98,3,1,0,79.1,100,88.9994797045,79.0994257878,89,100,79.1,70.19,89,79.1,89,79.099702973
1610,0.359771647637,98,3,1,0,79.1,100,88.9994797045,79.0994257878,89,100,79.1,70.19,89,79.1,89,79.099702973
1611,0.359746645554,98,3,1,0,79.1,100,88.9994797045,79.0994257878,89,100,79.1,70.19,89,79.1,89,79.099702973
1612,0.35972164347,98,3,1,0,79.1,100,88.9994797045,79.0994257878,89,100,79.1,70.19,89,79.1,89,79.099702973
1613,0.359696641387,97,4,1,0,79.1,100,88.9994797045,79.0994257878,89,100,79.1,70.19,89,79.1,89,79.099702973
1614,0.359671639303,98,3,1,0,79.1,100,88.9994797045,79.0994257878,89,100,79.1,70.19,89,79.1,89,79.099702973
1615,0.35964663722,94,7,1,0,79.1,100,88.9994797045,79.0994257878,89,100,79.1,70.19,89,79.1,89,79.099702973
1616,0.359621635136,95,6,1,0,79.1,100,88.9994797045,79.0994257878,89,100,79.1,70.19,89,79.1,89,79.099702973
1617,0.359596633053,98,3,1,0,79.1,100,88.9994797045,79.0994257878,89,100,79.1,70.19,89,79.1,89,79.099702973
1618,0.359571630969,97,4,1,0,79.1,100,88.9994797045,79.0994257878,89,100,79.1,70.19,89,79.1,89,79.099702973
1619,0.359546628886,97,4,1,0,79.1,100,88.9994797045,79.0994257878,89,100,79.1,70.19,89,79.1,89,79.099702973
1620,0.359521626802,98,3,1,0,79.1,100,88.9994797045,79.0994257878,89,100,79.1,70.19,89,79.1,89,79.099702973
1621,0.359496624719,95,6,1,0,79.1,100,88.9994797045,79.0994257878,89,100,79.1,70.19,89,79.1,89,79.099702973
1622,0.359471622635,98,3,1,0,79.1,100,88.9994797045,79.0994257878,89,100,79.1,70.19,89,79.1,89,79.099702973
1623,0.359446620552,98,3,1,0,79.1,100,88.9994797045,79.0994257878,89,100,79.1,70.19,89,79.1,89,79.099702973
1624,0.359421618468,98,3,1,0,79.1,100,88.9994797045,79.0994257878,89,100,79.1,70.19,89,79.1,89,79.099702973
1625,0.359396616385,98,3,1,0,79.1,100,88.9994797045,79.0994257878,89,100,79.1,70.19,89,79.1,89,79.099702973
1626,0.359371614301,96,5,1,0,79.1,100,88.9994797045,79.0994257878,89,100,79.1,70.19,89,79.1,89,79.099702973
1627,0.359346612218,94,7,1,0.000104059109404,79.1,100,88.9995837636,79.0994257878,89,100,79.1,70.19,89,79.1,89,79.099702973
1628,0.359321610134,98,3,1,0,79.1,100,88.9995837636,79.0994257878,89,100,79.1,70.19,89,79.1,89,79.099702973
1629,0.359296608051,98,3,1,0,79.1,100,88.9995837636,79.0994257878,89,100,79.1,70.19,89,79.1,89,79.099702973
1630,0.359271605967,98,3,1,0,79.1,100,88.9995837636,79.0994257878,89,100,79.1,70.19,89,79.1,89,79.099702973
1631,0.359246603884,98,3,1,0,79.1,100,88.9995837636,79.0994257878,89,100,79.1,70.19,89,79.1,89,79.099702973
1632,0.3592216018,98,3,1,0,79.1,100,88.9995837636,79.0994257878,89,100,79.1,70.19,89,79.1,89,79.099702973
1633,0.359196599717,98,3,1,0,79.1,100,88.9995837636,79.0994257878,89,100,79.1,70.19,89,79.1,89,79.099702973
1634,0.359171597633,98,3,1,0,79.1,100,88.9995837636,79.0994257878,89,100,79.1,70.19,89,79.1,89,79.099702973
1635,0.35914659555,98,3,1,0,79.1,100,88.9995837636,79.0994257878,89,100,79.1,70.19,89,79.1,89,79.099702973
1636,0.359121593466,94,7,1,0,79.1,100,88.9995837636,79.0994257878,89,100,79.1,70.19,89,79.1,89,79.099702973
1637,0.359096591383,98,3,1,0,79.1,100,88.9995837636,79.0994257878,89,100,79.1,70.19,89,79.1,89,79.099702973
1638,0.359071589299,98,3,1,0,79.1,100,88.9995837636,79.0994257878,89,100,79.1,70.19,89,79.1,89,79.099702973
1639,0.359046587216,98,3,1,0,79.1,100,88.9995837636,79.0994257878,89,100,79.1,70.19,89,79.1,89,79.099702973
1640,0.359021585132,97,4,1,0,79.1,100,88.9995837636,79.0994257878,89,100,79.1,70.19,89,79.1,89,79.099702973
1641,0.358996583049,98,3,1,0,79.1,100,88.9995837636,79.0994257878,89,100,79.1,70.19,89,79.1,89,79.099702973
1642,0.358971580965,98,3,1,0,79.1,100,88.9995837636,79.0994257878,89,100,79.1,70.19,89,79.1,89,79.099702973
1643,0.358946578882,97,4,1,0,79.1,100,88.9995837636,79.0994257878,89,100,79.1,70.19,89,79.1,89,79.099702973
1644,0.358921576798,96,5,1,0,79.1,100,88.9995837636,79.0994257878,89,100,79.1,70.19,89,79.1,89,79.099702973
1645,0.358896574715,98,3,1,0,79.1,100,88.9995837636,79.0994257878,89,100,79.1,70.19,89,79.1,89,79.099702973
1646,0.358871572631,94,7,1,0,79.1,100,88.9995837636,79.0994257878,89,100,79.1,70.19,89,79.1,89,79.099702973
1647,0.358846570548,98,3,1,0,79.1,100,88.9995837636,79.0994257878,89,100,79.1,70.19,89,79.1,89,79.099702973
1648,0.358821568464,98,3,1,0,79.1,100,88.9995837636,79.0994257878,89,100,79.1,70.19,89,79.1,89,79.099702973
1649,0.358796566381,98,3,1,0,79.1,100,88.9995837636,79.0994257878,89,100,79.1,70.19,89,79.1,89,79.099702973
1650,0.358771564297,98,3,1,0,79.1,100,88.9995837636,79.0994257878,89,100,79.1,70.19,89,79.1,89,79.099702973
1651,0.358746562214,98,3,1,0,79.1,100,88.9995837636,79.0994257878,89,100,79.1,70.19,89,79.1,89,79.099702973
1652,0.35872156013,98,3,1,0,79.1,100,88.9995837636,79.0994257878,89,100,79.1,70.19,89,79.1,89,79.099702973
1653,0.358696558047,93,8,1,0,79.1,100,88.9995837636,79.0994257878,89,100,79.1,70.19,89,79.1,89,79.099702973
1654,0.358671555963,96,5,1,8.32472875203e-05,79.1,100,88.9996670108,79.0994257878,89,100,79.1,70.19,89,79.1,89,79.099702973
1655,0.358646553879,98,3,1,0,79.1,100,88.9996670108,79.0994257878,89,100,79.1,70.19,89,79.1,89,79.099702973
1656,0.358621551796,98,3,1,0,79.1,100,88.9996670108,79.0994257878,89,100,79.1,70.19,89,79.1,89,79.099702973
1657,0.358596549712,98,3,1,0,79.1,100,88.9996670108,79.0994257878,89,100,79.1,70.19,89,79.1,89,79.099702973
1658,0.358571547629,98,3,1,0,79.1,100,88.9996670108,79.0994257878,89,100,79.1,70.19,89,79.1,89,79.099702973
1659,0.358546545545,98,3,1,0,79.1,100,88.9996670108,79.0994257878,89,100,79.1,70.19,89,79.1,89,79.099702973
1660,0.358521543462,98,3,1,0,79.1,100,88.9996670108,79.0994257878,89,100,79.1,70.19,89,79.1,89,79.099702973
1661,0.358496541378,98,3,1,0,79.1,100,88.9996670108,79.0994257878,89,100,79.1,70.19,89,79.1,89,79.099702973
1662,0.358471539295,98,3,1,0,79.1,100,88.9996670108,79.0994257878,89,100,79.1,70.19,89,79.1,89,79.099702973
1663,0.358446537211,98,3,1,0,79.1,100,88.9996670108,79.0994257878,89,100,79.1,70.19,89,79.1,89,79.099702973
1664,0.358421535128,98,3,1,0,79.1,100,88.9996670108,79.0994257878,89,100,79.1,70.19,89,79.1,89,79.099702973
1665,0.358396533044,98,3,1,0,79.1,100,88.9996670108,79.0994257878,89,100,79.1,70.19,89,79.1,89,79.099702973
1666,0.358371530961,98,3,1,0,79.1,100,88.9996670108,79.0994257878,89,100,79.1,70.19,89,79.1,89,79.099702973
1667,0.358346528877,98,3,1,0,79.1,100,88.9996670108,79.0994257878,89,100,79.1,70.19,89,79.1,89,79.099702973
1668,0.358321526794,98,3,1,0,79.1,100,88.9996670108,79.0994257878,89,100,79.1,70.19,89,79.1,89,79.099702973
1669,0.35829652471,97,4,1,0,79.1,100,88.9996670108,79.0994257878,89,100,79.1,70.19,89,79.1,89,79.099702973
1670,0.358271522627,98,3,1,0,79.1,100,88.9996670108,79.0994257878,89,100,79.1,70.19,89,79.1,89,79.099702973
1671,0.358246520543,98,3,1,0,79.1,100,88.9996670108,79.0994257878,89,100,79.1,70.19,89,79.1,89,79.099702973
1672,0.35822151846,97,4,1,0,79.1,100,88.9996670108,79.0994257878,89,100,79.1,70.19,89,79.1,89,79.099702973
1673,0.358196516376,98,3,1,0,79.1,100,88.9996670108,79.0994257878,89,100,79.1,70.19,89,79.1,89,79.099702973
1674,0.358171514293,98,3,1,0,79.1,100,88.9996670108,79.0994257878,89,100,79.1,70.19,89,79.1,89,79.099702973
1675,0.358146512209,98,3,1,0,79.1,100,88.9996670108,79.0994257878,89,100,79.1,70.19,89,79.1,89,79.099702973
1676,0.358121510126,98,3,1,0,79.1,100,88.9996670108,79.0994257878,89,100,79.1,70.19,89,79.1,89,79.099702973
1677,0.358096508042,98,3,1,0,79.1,100,88.9996670108,79.0994257878,89,100,79.1,70.19,89,79.1,89,79.099702973
1678,0.358071505959,98,3,1,0,79.1,100,88.9996670108,79.0994257878,89,100,79.1,70.19,89,79.1,89,79.099702973
1679,0.358046503875,98,3,1,0,79.1,100,88.9996670108,79.0994257878,89,100,79.1,70.19,89,79.1,89,79.099702973
1680,0.358021501792,97,4,1,0,79.1,100,88.9996670108,79.0994257878,89,100,79.1,70.19,89,79.1,89,79.099702973
1681,0.357996499708,97,4,1,0,79.1,100,88.9996670108,79.0994257878,89,100,79.1,70.19,89,79.1,89,79.099702973
1682,0.357971497625,98,3,1,0,79.1,100,88.9996670108,79.0994257878,89,100,79.1,70.19,89,79.1,89,79.099702973
1683,0.357946495541,95,6,1,0.000114842447175,79.1,100,88.9996670108,79.0995406302,89,100,79.1,70.19,89,79.1,89,79.099702973
1684,0.357921493458,98,3,1,0,79.1,100,88.9996670108,79.0995406302,89,100,79.1,70.19,89,79.1,89,79.099702973
1685,0.357896491374,98,3,1,0,79.1,100,88.9996670108,79.0995406302,89,100,79.1,70.19,89,79.1,89,79.099702973
1686,0.357871489291,98,3,1,0,79.1,100,88.9996670108,79.0995406302,89,100,79.1,70.19,89,79.1,89,79.099702973
1687,0.357846487207,97,4,1,0,79.1,100,88.9996670108,79.0995406302,89,100,79.1,70.19,89,79.1,89,79.099702973
1688,0.357821485124,97,4,1,0,79.1,100,88.9996670108,79.0995406302,89,100,79.1,70.19,89,79.1,89,79.099702973
1689,0.35779648304,98,3,1,0,79.1,100,88.9996670108,79.0995406302,89,100,79.1,70.19,89,79.1,89,79.099702973
1690,0.357771480957,94,7,1,0,79.1,100,88.9996670108,79.0995406302,89,100,79.1,70.19,89,79.1,89,79.099702973
1691,0.357746478873,98,3,1,0,79.1,100,88.9996670108,79.0995406302,89,100,79.1,70.19,89,79.1,89,79.099702973
1692,0.35772147679,96,5,1,0,79.1,100,88.9996670108,79.0995406302,89,100,79.1,70.19,89,79.1,89,79.099702973
1693,0.357696474706,98,3,1,0,79.1,100,88.9996670108,79.0995406302,89,100,79.1,70.19,89,79.1,89,79.099702973
1694,0.357671472623,98,3,1,0,79.1,100,88.9996670108,79.0995406302,89,100,79.1,70.19,89,79.1,89,79.099702973
1695,0.357646470539,98,3,1,0,79.1,100,88.9996670108,79.0995406302,89,100,79.1,70.19,89,79.1,89,79.099702973
1696,0.357621468456,97,4,1,0,79.1,100,88.9996670108,79.0995406302,89,100,79.1,70.19,89,79.1,89,79.099702973
1697,0.357596466372,95,6,1,0,79.1,100,88.9996670108,79.0995406302,89,100,79.1,70.19,89,79.1,89,79.099702973
1698,0.357571464289,98,3,1,0,79.1,100,88.9996670108,79.0995406302,89,100,79.1,70.19,89,79.1,89,79.099702973
1699,0.357546462205,96,5,1,0,79.1,100,88.9996670108,79.0995406302,89,100,79.1,70.19,89,79.1,89,79.099702973
1700,0.357521460122,98,3,1,0,79.1,100,88.9996670108,79.0995406302,89,100,79.1,70.19,89,79.1,89,79.099702973
1701,0.357496458038,98,3,1,0,79.1,100,88.9996670108,79.0995406302,89,100,79.1,70.19,89,79.1,89,79.099702973
1702,0.357471455955,97,4,1,0,79.1,100,88.9996670108,79.0995406302,89,100,79.1,70.19,89,79.1,89,79.099702973
1703,0.357446453871,98,3,1,0,79.1,100,88.9996670108,79.0995406302,89,100,79.1,70.19,89,79.1,89,79.099702973
1704,0.357421451788,98,3,1,0,79.1,100,88.9996670108,79.0995406302,89,100,79.1,70.19,89,79.1,89,79.099702973
1705,0.357396449704,98,3,1,0,79.1,100,88.9996670108,79.0995406302,89,100,79.1,70.19,89,79.1,89,79.099702973
1706,0.357371447621,98,3,1,0,79.1,100,88.9996670108,79.0995406302,89,100,79.1,70.19,89,79.1,89,79.099702973
1707,0.357346445537,98,3,1,0,79.1,100,88.9996670108,79.0995406302,89,100,79.1,70.19,89,79.1,89,79.099702973
1708,0.357321443454,98,3,1,0,79.1,100,88.9996670108,79.0995406302,89,100,79.1,70.19,89,79.1,89,79.099702973
1709,0.35729644137,98,3,1,0,79.1,100,88.9996670108,79.0995406302,89,100,79.1,70.19,89,79.1,89,79.099702973
1710,0.357271439287,96,5,1,0,79.1,100,88.9996670108,79.0995406302,89,100,79.1,70.19,89,79.1,89,79.099702973
1711,0.357246437203,98,3,1,0,79.1,100,88.9996670108,79.0995406302,89,100,79.1,70.19,89,79.1,89,79.099702973
1712,0.35722143512,98,3,1,0,79.1,100,88.9996670108,79.0995406302,89,100,79.1,70.19,89,79.1,89,79.099702973
1713,0.357196433036,97,4,1,0,79.1,100,88.9996670108,79.0995406302,89,100,79.1,70.19,89,79.1,89,79.099702973
1714,0.357171430953,98,3,1,0,79.1,100,88.9996670108,79.0995406302,89,100,79.1,70.19,89,79.1,89,79.099702973
1715,0.357146428869,98,3,1,0,79.1,100,88.9996670108,79.0995406302,89,100,79.1,70.19,89,79.1,89,79.099702973
1716,0.357121426786,96,5,1,0,79.1,100,88.9996670108,79.0995406302,89,100,79.1,70.19,89,79.1,89,79.099702973
1717,0.357096424702,96,5,1,5.94054011458e-05,79.1,100,88.9996670108,79.0995406302,89,100,79.1,70.19,89,79.1,89,79.0997623784
1718,0.357071422619,98,3,1,0,79.1,100,88.9996670108,79.0995406302,89,100,79.1,70.19,89,79.1,89,79.0997623784
1719,0.357046420535,98,3,1,0,79.1,100,88.9996670108,79.0995406302,89,100,79.1,70.19,89,79.1,89,79.0997623784
1720,0.357021418452,98,3,1,0,79.1,100,88.9996670108,79.0995406302,89,100,79.1,70.19,89,79.1,89,79.0997623784
1721,0.356996416368,98,3,1,0,79.1,100,88.9996670108,79.0995406302,89,100,79.1,70.19,89,79.1,89,79.0997623784
1722,0.356971414285,98,3,1,0,79.1,100,88.9996670108,79.0995406302,89,100,79.1,70.19,89,79.1,89,79.0997623784
1723,0.356946412201,98,3,1,0,79.1,100,88.9996670108,79.0995406302,89,100,79.1,70.19,89,79.1,89,79.0997623784
1724,0.356921410118,98,3,1,0,79.1,100,88.9996670108,79.0995406302,89,100,79.1,70.19,89,79.1,89,79.0997623784
1725,0.356896408034,98,3,1,0,79.1,100,88.9996670108,79.0995406302,89,100,79.1,70.19,89,79.1,89,79.0997623784
1726,0.35687140595,98,3,1,0,79.1,100,88.9996670108,79.0995406302,89,100,79.1,70.19,89,79.1,89,79.0997623784
1727,0.356846403867,97,4,1,0,79.1,100,88.9996670108,79.0995406302,89,100,79.1,70.19,89,79.1,89,79.0997623784
1728,0.356821401783,98,3,1,0,79.1,100,88.9996670108,79.0995406302,89,100,79.1,70.19,89,79.1,89,79.0997623784
1729,0.3567963997,96,5,1,0,79.1,100,88.9996670108,79.0995406302,89,100,79.1,70.19,89,79.1,89,79.0997623784
1730,0.356771397616,97,4,1,0,79.1,100,88.9996670108,79.0995406302,89,100,79.1,70.19,89,79.1,89,79.0997623784
1731,0.356746395533,98,3,1,0,79.1,100,88.9996670108,79.0995406302,89,100,79.1,70.19,89,79.1,89,79.0997623784
1732,0.356721393449,96,5,1,0,79.1,100,88.9996670108,79.0995406302,89,100,79.1,70.19,89,79.1,89,79.0997623784
1733,0.356696391366,96,5,1,0,79.1,100,88.9996670108,79.0995406302,89,100,79.1,70.19,89,79.1,89,79.0997623784
1734,0.356671389282,98,3,1,0,79.1,100,88.9996670108,79.0995406302,89,100,79.1,70.19,89,79.1,89,79.0997623784
1735,0.356646387199,97,4,1,0,79.1,100,88.9996670108,79.0995406302,89,100,79.1,70.19,89,79.1,89,79.0997623784
1736,0.356621385115,97,4,1,0,79.1,100,88.9996670108,79.0995406302,89,100,79.1,70.19,89,79.1,89,79.0997623784
1737,0.356596383032,98,3,1,0,79.1,100,88.9996670108,79.0995406302,89,100,79.1,70.19,89,79.1,89,79.0997623784
1738,0.356571380948,97,4,1,0,79.1,100,88.9996670108,79.0995406302,89,100,79.1,70.19,89,79.1,89,79.0997623784
1739,0.356546378865,98,3,1,0,79.1,100,88.9996670108,79.0995406302,89,100,79.1,70.19,89,79.1,89,79.0997623784
1740,0.356521376781,98,3,1,0,79.1,100,88.9996670108,79.0995406302,89,100,79.1,70.19,89,79.1,89,79.0997623784
1741,0.356496374698,98,3,1,0,79.1,100,88.9996670108,79.0995406302,89,100,79.1,70.19,89,79.1,89,79.0997623784
1742,0.356471372614,98,3,1,0,79.1,100,88.9996670108,79.0995406302,89,100,79.1,70.19,89,79.1,89,79.0997623784
1743,0.356446370531,94,7,1,0,79.1,100,88.9996670108,79.0995406302,89,100,79.1,70.19,89,79.1,89,79.0997623784
1744,0.356421368447,94,7,1,0,79.1,100,88.9996670108,79.0995406302,89,100,79.1,70.19,89,79.1,89,79.0997623784
1745,0.356396366364,98,3,1,0,79.1,100,88.9996670108,79.0995406302,89,100,79.1,70.19,89,79.1,89,79.0997623784
1746,0.35637136428,98,3,1,0,79.1,100,88.9996670108,79.0995406302,89,100,79.1,70.19,89,79.1,89,79.0997623784
1747,0.356346362197,98,3,1,0,79.1,100,88.9996670108,79.0995406302,89,100,79.1,70.19,89,79.1,89,79.0997623784
1748,0.356321360113,98,3,1,0,79.1,100,88.9996670108,79.0995406302,89,100,79.1,70.19,89,79.1,89,79.0997623784
1749,0.35629635803,97,4,1,0,79.1,100,88.9996670108,79.0995406302,89,100,79.1,70.19,89,79.1,89,79.0997623784
1750,0.356271355946,96,5,1,6.65978300134e-05,79.1,100,88.9997336087,79.0995406302,89,100,79.1,70.19,89,79.1,89,79.0997623784
1751,0.356246353863,98,3,1,0,79.1,100,88.9997336087,79.0995406302,89,100,79.1,70.19,89,79.1,89,79.0997623784
1752,0.356221351779,98,3,1,0,79.1,100,88.9997336087,79.0995406302,89,100,79.1,70.19,89,79.1,89,79.0997623784
1753,0.356196349696,96,5,1,5.3278264005e-05,79.1,100,88.9997868869,79.0995406302,89,100,79.1,70.19,89,79.1,89,79.0997623784
1754,0.356171347612,98,3,1,0,79.1,100,88.9997868869,79.0995406302,89,100,79.1,70.19,89,79.1,89,79.0997623784
1755,0.356146345529,97,4,1,0,79.1,100,88.9997868869,79.0995406302,89,100,79.1,70.19,89,79.1,89,79.0997623784
1756,0.356121343445,97,4,1,0,79.1,100,88.9997868869,79.0995406302,89,100,79.1,70.19,89,79.1,89,79.0997623784
1757,0.356096341362,97,4,1,0,79.1,100,88.9997868869,79.0995406302,89,100,79.1,70.19,89,79.1,89,79.0997623784
1758,0.356071339278,98,3,1,0,79.1,100,88.9997868869,79.0995406302,89,100,79.1,70.19,89,79.1,89,79.0997623784
1759,0.356046337195,97,4,1,0,79.1,100,88.9997868869,79.0995406302,89,100,79.1,70.19,89,79.1,89,79.0997623784
1760,0.356021335111,92,9,1,4.2622611204e-05,79.1,100,88.9998295096,79.0995406302,89,100,79.1,70.19,89,79.1,89,79.0997623784
1761,0.355996333028,98,3,1,0,79.1,100,88.9998295096,79.0995406302,89,100,79.1,70.19,89,79.1,89,79.0997623784
1762,0.355971330944,98,3,1,0,79.1,100,88.9998295096,79.0995406302,89,100,79.1,70.19,89,79.1,89,79.0997623784
1763,0.355946328861,96,5,1,0,79.1,100,88.9998295096,79.0995406302,89,100,79.1,70.19,89,79.1,89,79.0997623784
1764,0.355921326777,96,5,1,3.40980889746e-05,79.1,100,88.9998636076,79.0995406302,89,100,79.1,70.19,89,79.1,89,79.0997623784
1765,0.355896324694,98,3,1,0,79.1,100,88.9998636076,79.0995406302,89,100,79.1,70.19,89,79.1,89,79.0997623784
1766,0.35587132261,98,3,1,0,79.1,100,88.9998636076,79.0995406302,89,100,79.1,70.19,89,79.1,89,79.0997623784
1767,0.355846320527,98,3,1,0,79.1,100,88.9998636076,79.0995406302,89,100,79.1,70.19,89,79.1,89,79.0997623784
1768,0.355821318443,98,3,1,0,79.1,100,88.9998636076,79.0995406302,89,100,79.1,70.19,89,79.1,89,79.0997623784
1769,0.35579631636,98,3,1,0,79.1,100,88.9998636076,79.0995406302,89,100,79.1,70.19,89,79.1,89,79.0997623784
1770,0.355771314276,98,3,1,0,79.1,100,88.9998636076,79.0995406302,89,100,79.1,70.19,89,79.1,89,79.0997623784
1771,0.355746312193,96,5,1,0,79.1,100,88.9998636076,79.0995406302,89,100,79.1,70.19,89,79.1,89,79.0997623784
1772,0.355721310109,95,6,1,0,79.1,100,88.9998636076,79.0995406302,89,100,79.1,70.19,89,79.1,89,79.0997623784
1773,0.355696308026,98,3,1,0,79.1,100,88.9998636076,79.0995406302,89,100,79.1,70.19,89,79.1,89,79.0997623784
1774,0.355671305942,96,5,1,0,79.1,100,88.9998636076,79.0995406302,89,100,79.1,70.19,89,79.1,89,79.0997623784
1775,0.355646303859,97,4,1,0,79.1,100,88.9998636076,79.0995406302,89,100,79.1,70.19,89,79.1,89,79.0997623784
1776,0.355621301775,98,3,1,0,79.1,100,88.9998636076,79.0995406302,89,100,79.1,70.19,89,79.1,89,79.0997623784
1777,0.355596299692,96,5,1,0,79.1,100,88.9998636076,79.0995406302,89,100,79.1,70.19,89,79.1,89,79.0997623784
1778,0.355571297608,96,5,1,0,79.1,100,88.9998636076,79.0995406302,89,100,79.1,70.19,89,79.1,89,79.0997623784
1779,0.355546295525,96,5,1,0,79.1,100,88.9998636076,79.0995406302,89,100,79.1,70.19,89,79.1,89,79.0997623784
1780,0.355521293441,98,3,1,0,79.1,100,88.9998636076,79.0995406302,89,100,79.1,70.19,89,79.1,89,79.0997623784
1781,0.355496291358,98,3,1,0,79.1,100,88.9998636076,79.0995406302,89,100,79.1,70.19,89,79.1,89,79.0997623784
1782,0.355471289274,98,3,1,0,79.1,100,88.9998636076,79.0995406302,89,100,79.1,70.19,89,79.1,89,79.0997623784
1783,0.355446287191,96,5,1,2.72784711797e-05,79.1,100,88.9998908861,79.0995406302,89,100,79.1,70.19,89,79.1,89,79.0997623784
1784,0.355421285107,96,5,1,0,79.1,100,88.9998908861,79.0995406302,89,100,79.1,70.19,89,79.1,89,79.0997623784
1785,0.355396283024,97,4,1,0,79.1,100,88.9998908861,79.0995406302,89,100,79.1,70.19,89,79.1,89,79.0997623784
1786,0.35537128094,98,3,1,0,79.1,100,88.9998908861,79.0995406302,89,100,79.1,70.19,89,79.1,89,79.0997623784
1787,0.355346278857,94,7,1,0,79.1,100,88.9998908861,79.0995406302,89,100,79.1,70.19,89,79.1,89,79.0997623784
1788,0.355321276773,98,3,1,0,79.1,100,88.9998908861,79.0995406302,89,100,79.1,70.19,89,79.1,89,79.0997623784
1789,0.35529627469,91,10,1,4.75243209195e-05,79.1,100,88.9998908861,79.0995406302,89,100,79.1,70.19,89,79.1,89,79.0998099027
1790,0.355271272606,98,3,1,0,79.1,100,88.9998908861,79.0995406302,89,100,79.1,70.19,89,79.1,89,79.0998099027
1791,0.355246270523,89,12,1,9.18739577429e-05,79.1,100,88.9999301671,79.0996325042,89,100,79.1,70.19,89,79.1,89,79.0998099027
1792,0.355221268439,96,5,1,0,79.1,100,88.9999301671,79.0996325042,89,100,79.1,70.19,89,79.1,89,79.0998099027
1793,0.355196266356,96,5,1,0,79.1,100,88.9999301671,79.0996325042,89,100,79.1,70.19,89,79.1,89,79.0998099027
1794,0.355171264272,98,3,1,0,79.1,100,88.9999301671,79.0996325042,89,100,79.1,70.19,89,79.1,89,79.0998099027
1795,0.355146262189,97,4,1,0,79.1,100,88.9999301671,79.0996325042,89,100,79.1,70.19,89,79.1,89,79.0998099027
1796,0.355121260105,95,6,1,0,79.1,100,88.9999301671,79.0996325042,89,100,79.1,70.19,89,79.1,89,79.0998099027
1797,0.355096258022,98,3,1,0,79.1,100,88.9999301671,79.0996325042,89,100,79.1,70.19,89,79.1,89,79.0998099027
1798,0.355071255938,96,5,1,1.39665772423e-05,79.1,100,88.9999441337,79.0996325042,89,100,79.1,70.19,89,79.1,89,79.0998099027
1799,0.355046253854,98,3,1,0,79.1,100,88.9999441337,79.0996325042,89,100,79.1,70.19,89,79.1,89,79.0998099027
1800,0.355021251771,98,3,1,0,79.1,100,88.9999441337,79.0996325042,89,100,79.1,70.19,89,79.1,89,79.0998099027
1801,0.354996249687,98,3,1,0,79.1,100,88.9999441337,79.0996325042,89,100,79.1,70.19,89,79.1,89,79.0998099027
1802,0.354971247604,96,5,1,1.11732617967e-05,79.1,100,88.999955307,79.0996325042,89,100,79.1,70.19,89,79.1,89,79.0998099027
1803,0.35494624552,98,3,1,0,79.1,100,88.999955307,79.0996325042,89,100,79.1,70.19,89,79.1,89,79.0998099027
1804,0.354921243437,98,3,1,0,79.1,100,88.999955307,79.0996325042,89,100,79.1,70.19,89,79.1,89,79.0998099027
1805,0.354896241353,98,3,1,0,79.1,100,88.999955307,79.0996325042,89,100,79.1,70.19,89,79.1,89,79.0998099027
1806,0.35487123927,97,4,1,0,79.1,100,88.999955307,79.0996325042,89,100,79.1,70.19,89,79.1,89,79.0998099027
1807,0.354846237186,98,3,1,0,79.1,100,88.999955307,79.0996325042,89,100,79.1,70.19,89,79.1,89,79.0998099027
1808,0.354821235103,97,4,1,0,79.1,100,88.999955307,79.0996325042,89,100,79.1,70.19,89,79.1,89,79.0998099027
1809,0.354796233019,96,5,1,0,79.1,100,88.999955307,79.0996325042,89,100,79.1,70.19,89,79.1,89,79.0998099027
1810,0.354771230936,98,3,1,0,79.1,100,88.999955307,79.0996325042,89,100,79.1,70.19,89,79.1,89,79.0998099027
1811,0.354746228852,97,4,1,0,79.1,100,88.999955307,79.0996325042,89,100,79.1,70.19,89,79.1,89,79.0998099027
1812,0.354721226769,97,4,1,0,79.1,100,88.999955307,79.0996325042,89,100,79.1,70.19,89,79.1,89,79.0998099027
1813,0.354696224685,96,5,1,0,79.1,100,88.999955307,79.0996325042,89,100,79.1,70.19,89,79.1,89,79.0998099027
1814,0.354671222602,98,3,1,0,79.1,100,88.999955307,79.0996325042,89,100,79.1,70.19,89,79.1,89,79.0998099027
1815,0.354646220518,96,5,1,8.93860942597e-06,79.1,100,88.9999642456,79.0996325042,89,100,79.1,70.19,89,79.1,89,79.0998099027
1816,0.354621218435,98,3,1,0,79.1,100,88.9999642456,79.0996325042,89,100,79.1,70.19,89,79.1,89,79.0998099027
1817,0.354596216351,97,4,1,0,79.1,100,88.9999642456,79.0996325042,89,100,79.1,70.19,89,79.1,89,79.0998099027
1818,0.354571214268,96,5,1,0,79.1,100,88.9999642456,79.0996325042,89,100,79.1,70.19,89,79.1,89,79.0998099027
1819,0.354546212184,98,3,1,0,79.1,100,88.9999642456,79.0996325042,89,100,79.1,70.19,89,79.1,89,79.0998099027
1820,0.354521210101,98,3,1,0,79.1,100,88.9999642456,79.0996325042,89,100,79.1,70.19,89,79.1,89,79.0998099027
1821,0.354496208017,98,3,1,0,79.1,100,88.9999642456,79.0996325042,89,100,79.1,70.19,89,79.1,89,79.0998099027
1822,0.354471205934,98,3,1,0,79.1,100,88.9999642456,79.0996325042,89,100,79.1,70.19,89,79.1,89,79.0998099027
1823,0.35444620385,98,3,1,0,79.1,100,88.9999642456,79.0996325042,89,100,79.1,70.19,89,79.1,89,79.0998099027
1824,0.354421201767,98,3,1,0,79.1,100,88.9999642456,79.0996325042,89,100,79.1,70.19,89,79.1,89,79.0998099027
1825,0.354396199683,98,3,1,0,79.1,100,88.9999642456,79.0996325042,89,100,79.1,70.19,89,79.1,89,79.0998099027
1826,0.3543711976,96,5,1,0,79.1,100,88.9999642456,79.0996325042,89,100,79.1,70.19,89,79.1,89,79.0998099027
1827,0.354346195516,98,3,1,0,79.1,100,88.9999642456,79.0996325042,89,100,79.1,70.19,89,79.1,89,79.0998099027
1828,0.354321193433,98,3,1,0,79.1,100,88.9999642456,79.0996325042,89,100,79.1,70.19,89,79.1,89,79.0998099027
1829,0.354296191349,92,9,1,6.84350221292e-05,79.1,100,88.9999642456,79.0996325042,89,100,79.1,70.19,89,79.1,89,79.0998783377
1830,0.354271189266,95,6,1,0,79.1,100,88.9999642456,79.0996325042,89,100,79.1,70.19,89,79.1,89,79.0998783377
1831,0.354246187182,98,3,1,0,79.1,100,88.9999642456,79.0996325042,89,100,79.1,70.19,89,79.1,89,79.0998783377
1832,0.354221185099,96,5,1,0,79.1,100,88.9999642456,79.0996325042,89,100,79.1,70.19,89,79.1,89,79.0998783377
1833,0.354196183015,97,4,1,0,79.1,100,88.9999642456,79.0996325042,89,100,79.1,70.19,89,79.1,89,79.0998783377
1834,0.354171180932,97,4,1,0,79.1,100,88.9999642456,79.0996325042,89,100,79.1,70.19,89,79.1,89,79.0998783377
1835,0.354146178848,98,3,1,0,79.1,100,88.9999642456,79.0996325042,89,100,79.1,70.19,89,79.1,89,79.0998783377
1836,0.354121176765,96,5,1,0,79.1,100,88.9999642456,79.0996325042,89,100,79.1,70.19,89,79.1,89,79.0998783377
1837,0.354096174681,98,3,1,0,79.1,100,88.9999642456,79.0996325042,89,100,79.1,70.19,89,79.1,89,79.0998783377
1838,0.354071172598,95,6,1,0,79.1,100,88.9999642456,79.0996325042,89,100,79.1,70.19,89,79.1,89,79.0998783377
1839,0.354046170514,96,5,1,0,79.1,100,88.9999642456,79.0996325042,89,100,79.1,70.19,89,79.1,89,79.0998783377
1840,0.354021168431,94,7,1,7.15088754077e-06,79.1,100,88.9999713964,79.0996325042,89,100,79.1,70.19,89,79.1,89,79.0998783377
1841,0.353996166347,98,3,1,0,79.1,100,88.9999713964,79.0996325042,89,100,79.1,70.19,89,79.1,89,79.0998783377
1842,0.353971164264,98,3,1,0,79.1,100,88.9999713964,79.0996325042,89,100,79.1,70.19,89,79.1,89,79.0998783377
1843,0.35394616218,97,4,1,0,79.1,100,88.9999713964,79.0996325042,89,100,79.1,70.19,89,79.1,89,79.0998783377
1844,0.353921160097,97,4,1,0,79.1,100,88.9999713964,79.0996325042,89,100,79.1,70.19,89,79.1,89,79.0998783377
1845,0.353896158013,96,5,1,0,79.1,100,88.9999713964,79.0996325042,89,100,79.1,70.19,89,79.1,89,79.0998783377
1846,0.35387115593,98,3,1,0,79.1,100,88.9999713964,79.0996325042,89,100,79.1,70.19,89,79.1,89,79.0998783377
1847,0.353846153846,97,4,1,0,79.1,100,88.9999713964,79.0996325042,89,100,79.1,70.19,89,79.1,89,79.0998783377
1848,0.353821151763,98,3,1,0,79.1,100,88.9999713964,79.0996325042,89,100,79.1,70.19,89,79.1,89,79.0998783377
1849,0.353796149679,97,4,1,0,79.1,100,88.9999713964,79.0996325042,89,100,79.1,70.19,89,79.1,89,79.0998783377
1850,0.353771147596,98,3,1,0,79.1,100,88.9999713964,79.0996325042,89,100,79.1,70.19,89,79.1,89,79.0998783377
1851,0.353746145512,98,3,1,0,79.1,100,88.9999713964,79.0996325042,89,100,79.1,70.19,89,79.1,89,79.0998783377
1852,0.353721143429,97,4,1,0,79.1,100,88.9999713964,79.0996325042,89,100,79.1,70.19,89,79.1,89,79.0998783377
1853,0.353696141345,98,3,1,0,79.1,100,88.9999713964,79.0996325042,89,100,79.1,70.19,89,79.1,89,79.0998783377
1854,0.353671139262,97,4,1,0,79.1,100,88.9999713964,79.0996325042,89,100,79.1,70.19,89,79.1,89,79.0998783377
1855,0.353646137178,96,5,1,0,79.1,100,88.9999713964,79.0996325042,89,100,79.1,70.19,89,79.1,89,79.0998783377
1856,0.353621135095,96,5,1,0,79.1,100,88.9999713964,79.0996325042,89,100,79.1,70.19,89,79.1,89,79.0998783377
1857,0.353596133011,98,3,1,0,79.1,100,88.9999713964,79.0996325042,89,100,79.1,70.19,89,79.1,89,79.0998783377
1858,0.353571130928,94,7,1,7.34991661915e-05,79.1,100,88.9999771172,79.0997060033,89,100,79.1,70.19,89,79.1,89,79.0998783377
1859,0.353546128844,98,3,1,0,79.1,100,88.9999771172,79.0997060033,89,100,79.1,70.19,89,79.1,89,79.0998783377
1860,0.353521126761,98,3,1,0,79.1,100,88.9999771172,79.0997060033,89,100,79.1,70.19,89,79.1,89,79.0998783377
1861,0.353496124677,92,9,1,0,79.1,100,88.9999771172,79.0997060033,89,100,79.1,70.19,89,79.1,89,79.0998783377
1862,0.353471122594,98,3,1,0,79.1,100,88.9999771172,79.0997060033,89,100,79.1,70.19,89,79.1,89,79.0998783377
1863,0.35344612051,92,9,1,0,79.1,100,88.9999771172,79.0997060033,89,100,79.1,70.19,89,79.1,89,79.0998783377
1864,0.353421118427,95,6,1,4.57656803121e-06,79.1,100,88.9999816937,79.0997060033,89,100,79.1,70.19,89,79.1,89,79.0998783377
1865,0.353396116343,96,5,1,0,79.1,100,88.9999816937,79.0997060033,89,100,79.1,70.19,89,79.1,89,79.0998783377
1866,0.35337111426,98,3,1,0,79.1,100,88.9999816937,79.0997060033,89,100,79.1,70.19,89,79.1,89,79.0998783377
1867,0.353346112176,98,3,1,0,79.1,100,88.9999816937,79.0997060033,89,100,79.1,70.19,89,79.1,89,79.0998783377
1868,0.353321110093,98,3,1,0,79.1,100,88.9999816937,79.0997060033,89,100,79.1,70.19,89,79.1,89,79.0998783377
1869,0.353296108009,97,4,1,0,79.1,100,88.9999816937,79.0997060033,89,100,79.1,70.19,89,79.1,89,79.0998783377
1870,0.353271105925,98,3,1,0,79.1,100,88.9999816937,79.0997060033,89,100,79.1,70.19,89,79.1,89,79.0998783377
1871,0.353246103842,98,3,1,0,79.1,100,88.9999816937,79.0997060033,89,100,79.1,70.19,89,79.1,89,79.0998783377
1872,0.353221101758,97,4,1,0,79.1,100,88.9999816937,79.0997060033,89,100,79.1,70.19,89,79.1,89,79.0998783377
1873,0.353196099675,92,9,1,0,79.1,100,88.9999816937,79.0997060033,89,100,79.1,70.19,89,79.1,89,79.0998783377
1874,0.353171097591,93,8,1,5.87993329617e-05,79.1,100,88.9999816937,79.0997648027,89,100,79.1,70.19,89,79.1,89,79.0999026702
1875,0.353146095508,96,5,1,0,79.1,100,88.9999816937,79.0997648027,89,100,79.1,70.19,89,79.1,89,79.0999026702
1876,0.353121093424,95,6,1,4.70394663665e-05,79.1,100,88.9999816937,79.0998118421,89,100,79.1,70.19,89,79.1,89,79.0999026702
1877,0.353096091341,95,6,1,0,79.1,100,88.9999816937,79.0998118421,89,100,79.1,70.19,89,79.1,89,79.0999026702
1878,0.353071089257,94,7,1,0,79.1,100,88.9999816937,79.0998118421,89,100,79.1,70.19,89,79.1,89,79.0999026702
1879,0.353046087174,98,3,1,0,79.1,100,88.9999816937,79.0998118421,89,100,79.1,70.19,89,79.1,89,79.0999026702
1880,0.35302108509,98,3,1,0,79.1,100,88.9999816937,79.0998118421,89,100,79.1,70.19,89,79.1,89,79.0999026702
1881,0.352996083007,98,3,1,0,79.1,100,88.9999816937,79.0998118421,89,100,79.1,70.19,89,79.1,89,79.0999026702
1882,0.352971080923,98,3,1,0,79.1,100,88.9999816937,79.0998118421,89,100,79.1,70.19,89,79.1,89,79.0999026702
1883,0.35294607884,98,3,1,0,79.1,100,88.9999816937,79.0998118421,89,100,79.1,70.19,89,79.1,89,79.0999026702
1884,0.352921076756,96,5,1,3.66125442497e-06,79.1,100,88.999985355,79.0998118421,89,100,79.1,70.19,89,79.1,89,79.0999026702
1885,0.352896074673,97,4,1,0,79.1,100,88.999985355,79.0998118421,89,100,79.1,70.19,89,79.1,89,79.0999026702
1886,0.352871072589,97,4,1,0,79.1,100,88.999985355,79.0998118421,89,100,79.1,70.19,89,79.1,89,79.0999026702
1887,0.352846070506,97,4,1,0,79.1,100,88.999985355,79.0998118421,89,100,79.1,70.19,89,79.1,89,79.0999026702
1888,0.352821068422,92,9,1,0,79.1,100,88.999985355,79.0998118421,89,100,79.1,70.19,89,79.1,89,79.0999026702
1889,0.352796066339,98,3,1,0,79.1,100,88.999985355,79.0998118421,89,100,79.1,70.19,89,79.1,89,79.0999026702
1890,0.352771064255,96,5,1,0,79.1,100,88.999985355,79.0998118421,89,100,79.1,70.19,89,79.1,89,79.0999026702
1891,0.352746062172,98,3,1,0,79.1,100,88.999985355,79.0998118421,89,100,79.1,70.19,89,79.1,89,79.0999026702
1892,0.352721060088,98,3,1,0,79.1,100,88.999985355,79.0998118421,89,100,79.1,70.19,89,79.1,89,79.0999026702
1893,0.352696058005,97,4,1,0,79.1,100,88.999985355,79.0998118421,89,100,79.1,70.19,89,79.1,89,79.0999026702
1894,0.352671055921,98,3,1,0,79.1,100,88.999985355,79.0998118421,89,100,79.1,70.19,89,79.1,89,79.0999026702
1895,0.352646053838,96,5,1,0,79.1,100,88.999985355,79.0998118421,89,100,79.1,70.19,89,79.1,89,79.0999026702
1896,0.352621051754,98,3,1,0,79.1,100,88.999985355,79.0998118421,89,100,79.1,70.19,89,79.1,89,79.0999026702
1897,0.352596049671,91,10,1,3.76315730932e-05,79.1,100,88.999985355,79.0998494737,89,100,79.1,70.19,89,79.1,89,79.0999026702
1898,0.352571047587,98,3,1,0,79.1,100,88.999985355,79.0998494737,89,100,79.1,70.19,89,79.1,89,79.0999026702
1899,0.352546045504,96,5,1,2.92900354282e-06,79.1,100,88.999988284,79.0998494737,89,100,79.1,70.19,89,79.1,89,79.0999026702
1900,0.35252104342,98,3,1,0,79.1,100,88.999988284,79.0998494737,89,100,79.1,70.19,89,79.1,89,79.0999026702
1901,0.352496041337,98,3,1,0,79.1,100,88.999988284,79.0998494737,89,100,79.1,70.19,89,79.1,89,79.0999026702
1902,0.352471039253,96,5,1,0,79.1,100,88.999988284,79.0998494737,89,100,79.1,70.19,89,79.1,89,79.0999026702
1903,0.35244603717,95,6,1,0,79.1,100,88.999988284,79.0998494737,89,100,79.1,70.19,89,79.1,89,79.0999026702
1904,0.352421035086,98,3,1,0,79.1,100,88.999988284,79.0998494737,89,100,79.1,70.19,89,79.1,89,79.0999026702
1905,0.352396033003,98,3,1,0,79.1,100,88.999988284,79.0998494737,89,100,79.1,70.19,89,79.1,89,79.0999026702
1906,0.352371030919,90,11,1,2.3432028371e-06,79.1,100,88.9999906272,79.0998494737,89,100,79.1,70.19,89,79.1,89,79.0999026702
1907,0.352346028836,96,5,1,0,79.1,100,88.9999906272,79.0998494737,89,100,79.1,70.19,89,79.1,89,79.0999026702
1908,0.352321026752,96,5,1,0,79.1,100,88.9999906272,79.0998494737,89,100,79.1,70.19,89,79.1,89,79.0999026702
1909,0.352296024669,98,3,1,0,79.1,100,88.9999906272,79.0998494737,89,100,79.1,70.19,89,79.1,89,79.0999026702
1910,0.352271022585,98,3,1,0,79.1,100,88.9999906272,79.0998494737,89,100,79.1,70.19,89,79.1,89,79.0999026702
1911,0.352246020502,97,4,1,0,79.1,100,88.9999906272,79.0998494737,89,100,79.1,70.19,89,79.1,89,79.0999026702
1912,0.352221018418,98,3,1,0,79.1,100,88.9999906272,79.0998494737,89,100,79.1,70.19,89,79.1,89,79.0999026702
1913,0.352196016335,96,5,1,0,79.1,100,88.9999906272,79.0998494737,89,100,79.1,70.19,89,79.1,89,79.0999026702
1914,0.352171014251,98,3,1,0,79.1,100,88.9999906272,79.0998494737,89,100,79.1,70.19,89,79.1,89,79.0999026702
1915,0.352146012168,97,4,1,0,79.1,100,88.9999906272,79.0998494737,89,100,79.1,70.19,89,79.1,89,79.0999026702
1916,0.352121010084,98,3,1,0,79.1,100,88.9999906272,79.0998494737,89,100,79.1,70.19,89,79.1,89,79.0999026702
1917,0.352096008001,94,7,1,0,79.1,100,88.9999906272,79.0998494737,89,100,79.1,70.19,89,79.1,89,79.0999026702
1918,0.352071005917,95,6,1,0,79.1,100,88.9999906272,79.0998494737,89,100,79.1,70.19,89,79.1,89,79.0999026702
1919,0.352046003834,98,3,1,0,79.1,100,88.9999906272,79.0998494737,89,100,79.1,70.19,89,79.1,89,79.0999026702
1920,0.35202100175,96,5,1,0,79.1,100,88.9999906272,79.0998494737,89,100,79.1,70.19,89,79.1,89,79.0999026702
1921,0.351995999667,98,3,1,0,79.1,100,88.9999906272,79.0998494737,89,100,79.1,70.19,89,79.1,89,79.0999026702
1922,0.351970997583,94,7,1,0,79.1,100,88.9999906272,79.0998494737,89,100,79.1,70.19,89,79.1,89,79.0999026702
1923,0.3519459955,98,3,1,0,79.1,100,88.9999906272,79.0998494737,89,100,79.1,70.19,89,79.1,89,79.0999026702
1924,0.351920993416,96,5,1,1.87456225831e-06,79.1,100,88.9999925018,79.0998494737,89,100,79.1,70.19,89,79.1,89,79.0999026702
1925,0.351895991333,98,3,1,0,79.1,100,88.9999925018,79.0998494737,89,100,79.1,70.19,89,79.1,89,79.0999026702
1926,0.351870989249,98,3,1,0,79.1,100,88.9999925018,79.0998494737,89,100,79.1,70.19,89,79.1,89,79.0999026702
1927,0.351845987166,97,4,1,0,79.1,100,88.9999925018,79.0998494737,89,100,79.1,70.19,89,79.1,89,79.0999026702
1928,0.351820985082,98,3,1,0,79.1,100,88.9999925018,79.0998494737,89,100,79.1,70.19,89,79.1,89,79.0999026702
1929,0.351795982999,98,3,1,0,79.1,100,88.9999925018,79.0998494737,89,100,79.1,70.19,89,79.1,89,79.0999026702
1930,0.351770980915,98,3,1,0,79.1,100,88.9999925018,79.0998494737,89,100,79.1,70.19,89,79.1,89,79.0999026702
1931,0.351745978832,98,3,1,0,79.1,100,88.9999925018,79.0998494737,89,100,79.1,70.19,89,79.1,89,79.0999026702
1932,0.351720976748,97,4,1,0,79.1,100,88.9999925018,79.0998494737,89,100,79.1,70.19,89,79.1,89,79.0999026702
1933,0.351695974665,96,5,1,0,79.1,100,88.9999925018,79.0998494737,89,100,79.1,70.19,89,79.1,89,79.0999026702
1934,0.351670972581,96,5,1,1.94659618558e-05,79.1,100,88.9999925018,79.0998494737,89,100,79.1,70.19,89,79.1,89,79.0999221362
1935,0.351645970498,98,3,1,0,79.1,100,88.9999925018,79.0998494737,89,100,79.1,70.19,89,79.1,89,79.0999221362
1936,0.351620968414,98,3,1,0,79.1,100,88.9999925018,79.0998494737,89,100,79.1,70.19,89,79.1,89,79.0999221362
1937,0.351595966331,98,3,1,0,79.1,100,88.9999925018,79.0998494737,89,100,79.1,70.19,89,79.1,89,79.0999221362
1938,0.351570964247,97,4,1,0,79.1,100,88.9999925018,79.0998494737,89,100,79.1,70.19,89,79.1,89,79.0999221362
1939,0.351545962164,92,9,1,0,79.1,100,88.9999925018,79.0998494737,89,100,79.1,70.19,89,79.1,89,79.0999221362
1940,0.35152096008,97,4,1,0,79.1,100,88.9999925018,79.0998494737,89,100,79.1,70.19,89,79.1,89,79.0999221362
1941,0.351495957996,98,3,1,0,79.1,100,88.9999925018,79.0998494737,89,100,79.1,70.19,89,79.1,89,79.0999221362
1942,0.351470955913,98,3,1,0,79.1,100,88.9999925018,79.0998494737,89,100,79.1,70.19,89,79.1,89,79.0999221362
1943,0.351445953829,96,5,1,1.49964981233e-06,79.1,100,88.9999940014,79.0998494737,89,100,79.1,70.19,89,79.1,89,79.0999221362
1944,0.351420951746,98,3,1,0,79.1,100,88.9999940014,79.0998494737,89,100,79.1,70.19,89,79.1,89,79.0999221362
1945,0.351395949662,98,3,1,0,79.1,100,88.9999940014,79.0998494737,89,100,79.1,70.19,89,79.1,89,79.0999221362
1946,0.351370947579,98,3,1,0,79.1,100,88.9999940014,79.0998494737,89,100,79.1,70.19,89,79.1,89,79.0999221362
1947,0.351345945495,98,3,1,0,79.1,100,88.9999940014,79.0998494737,89,100,79.1,70.19,89,79.1,89,79.0999221362
1948,0.351320943412,98,3,1,0,79.1,100,88.9999940014,79.0998494737,89,100,79.1,70.19,89,79.1,89,79.0999221362
1949,0.351295941328,98,3,1,0,79.1,100,88.9999940014,79.0998494737,89,100,79.1,70.19,89,79.1,89,79.0999221362
1950,0.351270939245,98,3,1,0,79.1,100,88.9999940014,79.0998494737,89,100,79.1,70.19,89,79.1,89,79.0999221362
1951,0.351245937161,98,3,1,0,79.1,100,88.9999940014,79.0998494737,89,100,79.1,70.19,89,79.1,89,79.0999221362
1952,0.351220935078,98,3,1,0,79.1,100,88.9999940014,79.0998494737,89,100,79.1,70.19,89,79.1,89,79.0999221362
1953,0.351195932994,94,7,1,0,79.1,100,88.9999940014,79.0998494737,89,100,79.1,70.19,89,79.1,89,79.0999221362
1954,0.351170930911,98,3,1,0,79.1,100,88.9999940014,79.0998494737,89,100,79.1,70.19,89,79.1,89,79.0999221362
1955,0.351145928827,98,3,1,0,79.1,100,88.9999940014,79.0998494737,89,100,79.1,70.19,89,79.1,89,79.0999221362
1956,0.351120926744,98,3,1,0,79.1,100,88.9999940014,79.0998494737,89,100,79.1,70.19,89,79.1,89,79.0999221362
1957,0.35109592466,97,4,1,0,79.1,100,88.9999940014,79.0998494737,89,100,79.1,70.19,89,79.1,89,79.0999221362
1958,0.351070922577,98,3,1,0,79.1,100,88.9999940014,79.0998494737,89,100,79.1,70.19,89,79.1,89,79.0999221362
1959,0.351045920493,96,5,1,0,79.1,100,88.9999940014,79.0998494737,89,100,79.1,70.19,89,79.1,89,79.0999221362
1960,0.35102091841,98,3,1,0,79.1,100,88.9999940014,79.0998494737,89,100,79.1,70.19,89,79.1,89,79.0999221362
1961,0.350995916326,98,3,1,0,79.1,100,88.9999940014,79.0998494737,89,100,79.1,70.19,89,79.1,89,79.0999221362
1962,0.350970914243,92,9,1,1.19971984702e-06,79.1,100,88.9999952011,79.0998494737,89,100,79.1,70.19,89,79.1,89,79.0999221362
1963,0.350945912159,98,3,1,0,79.1,100,88.9999952011,79.0998494737,89,100,79.1,70.19,89,79.1,89,79.0999221362
1964,0.350920910076,98,3,1,0,79.1,100,88.9999952011,79.0998494737,89,100,79.1,70.19,89,79.1,89,79.0999221362
1965,0.350895907992,98,3,1,0,79.1,100,88.9999952011,79.0998494737,89,100,79.1,70.19,89,79.1,89,79.0999221362
1966,0.350870905909,98,3,1,0,79.1,100,88.9999952011,79.0998494737,89,100,79.1,70.19,89,79.1,89,79.0999221362
1967,0.350845903825,98,3,1,0,79.1,100,88.9999952011,79.0998494737,89,100,79.1,70.19,89,79.1,89,79.0999221362
1968,0.350820901742,94,7,1,3.01052584746e-05,79.1,100,88.9999961609,79.099879579,89,100,79.1,70.19,89,79.1,89,79.0999221362
1969,0.350795899658,98,3,1,0,79.1,100,88.9999961609,79.099879579,89,100,79.1,70.19,89,79.1,89,79.0999221362
1970,0.350770897575,95,6,1,0,79.1,100,88.9999961609,79.099879579,89,100,79.1,70.19,89,79.1,89,79.0999221362
1971,0.350745895491,97,4,1,0,79.1,100,88.9999961609,79.099879579,89,100,79.1,70.19,89,79.1,89,79.0999221362
1972,0.350720893408,98,3,1,0,79.1,100,88.9999961609,79.099879579,89,100,79.1,70.19,89,79.1,89,79.0999221362
1973,0.350695891324,98,3,1,0,79.1,100,88.9999961609,79.099879579,89,100,79.1,70.19,89,79.1,89,79.0999221362
1974,0.350670889241,98,3,1,0,79.1,100,88.9999961609,79.099879579,89,100,79.1,70.19,89,79.1,89,79.0999221362
1975,0.350645887157,96,5,1,0,79.1,100,88.9999961609,79.099879579,89,100,79.1,70.19,89,79.1,89,79.0999221362
1976,0.350620885074,93,8,1,0,79.1,100,88.9999961609,79.099879579,89,100,79.1,70.19,89,79.1,89,79.0999221362
1977,0.35059588299,98,3,1,0,79.1,100,88.9999961609,79.099879579,89,100,79.1,70.19,89,79.1,89,79.0999221362
1978,0.350570880907,98,3,1,0,79.1,100,88.9999961609,79.099879579,89,100,79.1,70.19,89,79.1,89,79.0999221362
1979,0.350545878823,98,3,1,0,79.1,100,88.9999961609,79.099879579,89,100,79.1,70.19,89,79.1,89,79.0999221362
1980,0.35052087674,98,3,1,0,79.1,100,88.9999961609,79.099879579,89,100,79.1,70.19,89,79.1,89,79.0999221362
1981,0.350495874656,98,3,1,0,79.1,100,88.9999961609,79.099879579,89,100,79.1,70.19,89,79.1,89,79.0999221362
1982,0.350470872573,92,9,1,2.40842067711e-05,79.1,100,88.9999961609,79.0999036632,89,100,79.1,70.19,89,79.1,89,79.0999377089
1983,0.350445870489,96,5,1,0,79.1,100,88.9999961609,79.0999036632,89,100,79.1,70.19,89,79.1,89,79.0999377089
1984,0.350420868406,94,7,1,1.92673654169e-05,79.1,100,88.9999969287,79.0999229305,89,100,79.1,70.19,89,79.1,89,79.0999377089
1985,0.350395866322,98,3,1,0,79.1,100,88.9999969287,79.0999229305,89,100,79.1,70.19,89,79.1,89,79.0999377089
1986,0.350370864239,94,7,1,1.54138923421e-05,79.1,100,88.9999969287,79.0999383444,89,100,79.1,70.19,89,79.1,89,79.0999501671
1987,0.350345862155,98,3,1,0,79.1,100,88.9999969287,79.0999383444,89,100,79.1,70.19,89,79.1,89,79.0999501671
1988,0.350320860072,98,3,1,0,79.1,100,88.9999969287,79.0999383444,89,100,79.1,70.19,89,79.1,89,79.0999501671
1989,0.350295857988,98,3,1,0,79.1,100,88.9999969287,79.0999383444,89,100,79.1,70.19,89,79.1,89,79.0999501671
1990,0.350270855905,96,5,1,0,79.1,100,88.9999969287,79.0999383444,89,100,79.1,70.19,89,79.1,89,79.0999501671
1991,0.350245853821,98,3,1,0,79.1,100,88.9999969287,79.0999383444,89,100,79.1,70.19,89,79.1,89,79.0999501671
1992,0.350220851738,96,5,1,0,79.1,100,88.9999969287,79.0999383444,89,100,79.1,70.19,89,79.1,89,79.0999501671
1993,0.350195849654,98,3,1,0,79.1,100,88.9999969287,79.0999383444,89,100,79.1,70.19,89,79.1,89,79.0999501671
1994,0.350170847571,98,3,1,0,79.1,100,88.9999969287,79.0999383444,89,100,79.1,70.19,89,79.1,89,79.0999501671
1995,0.350145845487,98,3,1,0,79.1,100,88.9999969287,79.0999383444,89,100,79.1,70.19,89,79.1,89,79.0999501671
1996,0.350120843404,98,3,1,0,79.1,100,88.9999969287,79.0999383444,89,100,79.1,70.19,89,79.1,89,79.0999501671
1997,0.35009584132,96,5,1,0,79.1,100,88.9999969287,79.0999383444,89,100,79.1,70.19,89,79.1,89,79.0999501671
1998,0.350070839237,98,3,1,0,79.1,100,88.9999969287,79.0999383444,89,100,79.1,70.19,89,79.1,89,79.0999501671
1999,0.350045837153,96,5,1,0,79.1,100,88.9999969287,79.0999383444,89,100,79.1,70.19,89,79.1,89,79.0999501671
2000,0.35002083507,98,3,1,0,79.1,100,88.9999969287,79.0999383444,89,100,79.1,70.19,89,79.1,89,79.0999501671
2001,0.349995832986,97,4,1,0,79.1,100,88.9999969287,79.0999383444,89,100,79.1,70.19,89,79.1,89,79.0999501671
2002,0.349970830903,96,5,1,0,79.1,100,88.9999969287,79.0999383444,89,100,79.1,70.19,89,79.1,89,79.0999501671
2003,0.349945828819,93,8,1,6.14256563836e-07,79.1,100,88.999997543,79.0999383444,89,100,79.1,70.19,89,79.1,89,79.0999501671
2004,0.349920826736,96,5,1,0,79.1,100,88.999997543,79.0999383444,89,100,79.1,70.19,89,79.1,89,79.0999501671
2005,0.349895824652,98,3,1,0,79.1,100,88.999997543,79.0999383444,89,100,79.1,70.19,89,79.1,89,79.0999501671
2006,0.349870822569,98,3,1,0,79.1,100,88.999997543,79.0999383444,89,100,79.1,70.19,89,79.1,89,79.0999501671
2007,0.349845820485,96,5,1,0,79.1,100,88.999997543,79.0999383444,89,100,79.1,70.19,89,79.1,89,79.0999501671
2008,0.349820818402,88,13,1,9.96657246333e-06,79.1,100,88.999997543,79.0999383444,89,100,79.1,70.19,89,79.1,89,79.0999601337
2009,0.349795816318,98,3,1,0,79.1,100,88.999997543,79.0999383444,89,100,79.1,70.19,89,79.1,89,79.0999601337
2010,0.349770814235,95,6,1,0,79.1,100,88.999997543,79.0999383444,89,100,79.1,70.19,89,79.1,89,79.0999601337
2011,0.349745812151,97,4,1,0,79.1,100,88.999997543,79.0999383444,89,100,79.1,70.19,89,79.1,89,79.0999601337
2012,0.349720810068,96,5,1,7.97325797919e-06,79.1,100,88.999997543,79.0999383444,89,100,79.1,70.19,89,79.1,89,79.099968107
2013,0.349695807984,96,5,1,0,79.1,100,88.999997543,79.0999383444,89,100,79.1,70.19,89,79.1,89,79.099968107
2014,0.3496708059,98,3,1,0,79.1,100,88.999997543,79.0999383444,89,100,79.1,70.19,89,79.1,89,79.099968107
2015,0.349645803817,98,3,1,0,79.1,100,88.999997543,79.0999383444,89,100,79.1,70.19,89,79.1,89,79.099968107
2016,0.349620801733,97,4,1,0,79.1,100,88.999997543,79.0999383444,89,100,79.1,70.19,89,79.1,89,79.099968107
2017,0.34959579965,97,4,1,0,79.1,100,88.999997543,79.0999383444,89,100,79.1,70.19,89,79.1,89,79.099968107
2018,0.349570797566,98,3,1,0,79.1,100,88.999997543,79.0999383444,89,100,79.1,70.19,89,79.1,89,79.099968107
2019,0.349545795483,94,7,1,4.91405245384e-07,79.1,100,88.9999980344,79.0999383444,89,100,79.1,70.19,89,79.1,89,79.099968107
2020,0.349520793399,97,4,1,0,79.1,100,88.9999980344,79.0999383444,89,100,79.1,70.19,89,79.1,89,79.099968107
2021,0.349495791316,98,3,1,0,79.1,100,88.9999980344,79.0999383444,89,100,79.1,70.19,89,79.1,89,79.099968107
2022,0.349470789232,96,5,1,0,79.1,100,88.9999980344,79.0999383444,89,100,79.1,70.19,89,79.1,89,79.099968107
2023,0.349445787149,98,3,1,0,79.1,100,88.9999980344,79.0999383444,89,100,79.1,70.19,89,79.1,89,79.099968107
2024,0.349420785065,98,3,1,0,79.1,100,88.9999980344,79.0999383444,89,100,79.1,70.19,89,79.1,89,79.099968107
2025,0.349395782982,98,3,1,0,79.1,100,88.9999980344,79.0999383444,89,100,79.1,70.19,89,79.1,89,79.099968107
2026,0.349370780898,94,7,1,0,79.1,100,88.9999980344,79.0999383444,89,100,79.1,70.19,89,79.1,89,79.099968107
2027,0.349345778815,97,4,1,0,79.1,100,88.9999980344,79.0999383444,89,100,79.1,70.19,89,79.1,89,79.099968107
2028,0.349320776731,95,6,1,0,79.1,100,88.9999980344,79.0999383444,89,100,79.1,70.19,89,79.1,89,79.099968107
2029,0.349295774648,97,4,1,0,79.1,100,88.9999980344,79.0999383444,89,100,79.1,70.19,89,79.1,89,79.099968107
2030,0.349270772564,98,3,1,0,79.1,100,88.9999980344,79.0999383444,89,100,79.1,70.19,89,79.1,89,79.099968107
2031,0.349245770481,97,4,1,0,79.1,100,88.9999980344,79.0999383444,89,100,79.1,70.19,89,79.1,89,79.099968107
2032,0.349220768397,92,9,1,0,79.1,100,88.9999980344,79.0999383444,89,100,79.1,70.19,89,79.1,89,79.099968107
2033,0.349195766314,97,4,1,0,79.1,100,88.9999980344,79.0999383444,89,100,79.1,70.19,89,79.1,89,79.099968107
2034,0.34917076423,98,3,1,0,79.1,100,88.9999980344,79.0999383444,89,100,79.1,70.19,89,79.1,89,79.099968107
2035,0.349145762147,98,3,1,0,79.1,100,88.9999980344,79.0999383444,89,100,79.1,70.19,89,79.1,89,79.099968107
2036,0.349120760063,98,3,1,0,79.1,100,88.9999980344,79.0999383444,89,100,79.1,70.19,89,79.1,89,79.099968107
2037,0.34909575798,97,4,1,0,79.1,100,88.9999980344,79.0999383444,89,100,79.1,70.19,89,79.1,89,79.099968107
2038,0.349070755896,96,5,1,0,79.1,100,88.9999980344,79.0999383444,89,100,79.1,70.19,89,79.1,89,79.099968107
2039,0.349045753813,96,5,1,0,79.1,100,88.9999980344,79.0999383444,89,100,79.1,70.19,89,79.1,89,79.099968107
2040,0.349020751729,97,4,1,0,79.1,100,88.9999980344,79.0999383444,89,100,79.1,70.19,89,79.1,89,79.099968107
2041,0.348995749646,98,3,1,0,79.1,100,88.9999980344,79.0999383444,89,100,79.1,70.19,89,79.1,89,79.099968107
2042,0.348970747562,98,3,1,0,79.1,100,88.9999980344,79.0999383444,89,100,79.1,70.19,89,79.1,89,79.099968107
2043,0.348945745479,94,7,1,3.93124196307e-07,79.1,100,88.9999984275,79.0999383444,89,100,79.1,70.19,89,79.1,89,79.099968107
2044,0.348920743395,98,3,1,0,79.1,100,88.9999984275,79.0999383444,89,100,79.1,70.19,89,79.1,89,79.099968107
2045,0.348895741312,98,3,1,0,79.1,100,88.9999984275,79.0999383444,89,100,79.1,70.19,89,79.1,89,79.099968107
2046,0.348870739228,98,3,1,0,79.1,100,88.9999984275,79.0999383444,89,100,79.1,70.19,89,79.1,89,79.099968107
2047,0.348845737145,97,4,1,0,79.1,100,88.9999984275,79.0999383444,89,100,79.1,70.19,89,79.1,89,79.099968107
2048,0.348820735061,98,3,1,0,79.1,100,88.9999984275,79.0999383444,89,100,79.1,70.19,89,79.1,89,79.099968107
2049,0.348795732978,98,3,1,0,79.1,100,88.9999984275,79.0999383444,89,100,79.1,70.19,89,79.1,89,79.099968107
2050,0.348770730894,98,3,1,0,79.1,100,88.9999984275,79.0999383444,89,100,79.1,70.19,89,79.1,89,79.099968107
2051,0.348745728811,98,3,1,0,79.1,100,88.9999984275,79.0999383444,89,100,79.1,70.19,89,79.1,89,79.099968107
2052,0.348720726727,96,5,1,0,79.1,100,88.9999984275,79.0999383444,89,100,79.1,70.19,89,79.1,89,79.099968107
2053,0.348695724644,95,6,1,0,79.1,100,88.9999984275,79.0999383444,89,100,79.1,70.19,89,79.1,89,79.099968107
2054,0.34867072256,95,6,1,0,79.1,100,88.9999984275,79.0999383444,89,100,79.1,70.19,89,79.1,89,79.099968107
2055,0.348645720477,98,3,1,0,79.1,100,88.9999984275,79.0999383444,89,100,79.1,70.19,89,79.1,89,79.099968107
2056,0.348620718393,98,3,1,0,79.1,100,88.9999984275,79.0999383444,89,100,79.1,70.19,89,79.1,89,79.099968107
2057,0.34859571631,96,5,1,0,79.1,100,88.9999984275,79.0999383444,89,100,79.1,70.19,89,79.1,89,79.099968107
2058,0.348570714226,96,5,1,0,79.1,100,88.9999984275,79.0999383444,89,100,79.1,70.19,89,79.1,89,79.099968107
2059,0.348545712143,98,3,1,0,79.1,100,88.9999984275,79.0999383444,89,100,79.1,70.19,89,79.1,89,79.099968107
2060,0.348520710059,95,6,1,1.23311138651e-05,79.1,100,88.9999984275,79.0999506755,89,100,79.1,70.19,89,79.1,89,79.099968107
2061,0.348495707976,98,3,1,0,79.1,100,88.9999984275,79.0999506755,89,100,79.1,70.19,89,79.1,89,79.099968107
2062,0.348470705892,97,4,1,0,79.1,100,88.9999984275,79.0999506755,89,100,79.1,70.19,89,79.1,89,79.099968107
2063,0.348445703809,98,3,1,0,79.1,100,88.9999984275,79.0999506755,89,100,79.1,70.19,89,79.1,89,79.099968107
2064,0.348420701725,98,3,1,0,79.1,100,88.9999984275,79.0999506755,89,100,79.1,70.19,89,79.1,89,79.099968107
2065,0.348395699642,96,5,1,0,79.1,100,88.9999984275,79.0999506755,89,100,79.1,70.19,89,79.1,89,79.099968107
2066,0.348370697558,98,3,1,0,79.1,100,88.9999984275,79.0999506755,89,100,79.1,70.19,89,79.1,89,79.099968107
2067,0.348345695475,98,3,1,0,79.1,100,88.9999984275,79.0999506755,89,100,79.1,70.19,89,79.1,89,79.099968107
2068,0.348320693391,98,3,1,0,79.1,100,88.9999984275,79.0999506755,89,100,79.1,70.19,89,79.1,89,79.099968107
2069,0.348295691308,98,3,1,0,79.1,100,88.9999984275,79.0999506755,89,100,79.1,70.19,89,79.1,89,79.099968107
2070,0.348270689224,97,4,1,0,79.1,100,88.9999984275,79.0999506755,89,100,79.1,70.19,89,79.1,89,79.099968107
2071,0.348245687141,98,3,1,0,79.1,100,88.9999984275,79.0999506755,89,100,79.1,70.19,89,79.1,89,79.099968107
2072,0.348220685057,98,3,1,0,79.1,100,88.9999984275,79.0999506755,89,100,79.1,70.19,89,79.1,89,79.099968107
2073,0.348195682974,98,3,1,0,79.1,100,88.9999984275,79.0999506755,89,100,79.1,70.19,89,79.1,89,79.099968107
2074,0.34817068089,98,3,1,0,79.1,100,88.9999984275,79.0999506755,89,100,79.1,70.19,89,79.1,89,79.099968107
2075,0.348145678807,98,3,1,0,79.1,100,88.9999984275,79.0999506755,89,100,79.1,70.19,89,79.1,89,79.099968107
2076,0.348120676723,98,3,1,0,79.1,100,88.9999984275,79.0999506755,89,100,79.1,70.19,89,79.1,89,79.099968107
2077,0.34809567464,98,3,1,0,79.1,100,88.9999984275,79.0999506755,89,100,79.1,70.19,89,79.1,89,79.099968107
2078,0.348070672556,98,3,1,0,79.1,100,88.9999984275,79.0999506755,89,100,79.1,70.19,89,79.1,89,79.099968107
2079,0.348045670473,98,3,1,0,79.1,100,88.9999984275,79.0999506755,89,100,79.1,70.19,89,79.1,89,79.099968107
2080,0.348020668389,95,6,1,0,79.1,100,88.9999984275,79.0999506755,89,100,79.1,70.19,89,79.1,89,79.099968107
2081,0.347995666306,97,4,1,0,79.1,100,88.9999984275,79.0999506755,89,100,79.1,70.19,89,79.1,89,79.099968107
2082,0.347970664222,98,3,1,0,79.1,100,88.9999984275,79.0999506755,89,100,79.1,70.19,89,79.1,89,79.099968107
2083,0.347945662139,98,3,1,0,79.1,100,88.9999984275,79.0999506755,89,100,79.1,70.19,89,79.1,89,79.099968107
2084,0.347920660055,98,3,1,0,79.1,100,88.9999984275,79.0999506755,89,100,79.1,70.19,89,79.1,89,79.099968107
2085,0.347895657971,94,7,1,5.66098847798e-07,79.1,100,88.9999989936,79.0999506755,89,100,79.1,70.19,89,79.1,89,79.099968107
2086,0.347870655888,96,5,1,2.01279590328e-07,79.1,100,88.9999991949,79.0999506755,89,100,79.1,70.19,89,79.1,89,79.099968107
2087,0.347845653804,98,3,1,0,79.1,100,88.9999991949,79.0999506755,89,100,79.1,70.19,89,79.1,89,79.099968107
2088,0.347820651721,98,3,1,0,79.1,100,88.9999991949,79.0999506755,89,100,79.1,70.19,89,79.1,89,79.099968107
2089,0.347795649637,96,5,1,0,79.1,100,88.9999991949,79.0999506755,89,100,79.1,70.19,89,79.1,89,79.099968107
2090,0.347770647554,98,3,1,0,79.1,100,88.9999991949,79.0999506755,89,100,79.1,70.19,89,79.1,89,79.099968107
2091,0.34774564547,96,5,1,0,79.1,100,88.9999991949,79.0999506755,89,100,79.1,70.19,89,79.1,89,79.099968107
2092,0.347720643387,98,3,1,0,79.1,100,88.9999991949,79.0999506755,89,100,79.1,70.19,89,79.1,89,79.099968107
2093,0.347695641303,97,4,1,0,79.1,100,88.9999991949,79.0999506755,89,100,79.1,70.19,89,79.1,89,79.099968107
2094,0.34767063922,98,3,1,0,79.1,100,88.9999991949,79.0999506755,89,100,79.1,70.19,89,79.1,89,79.099968107
2095,0.347645637136,98,3,1,0,79.1,100,88.9999991949,79.0999506755,89,100,79.1,70.19,89,79.1,89,79.099968107
2096,0.347620635053,98,3,1,0,79.1,100,88.9999991949,79.0999506755,89,100,79.1,70.19,89,79.1,89,79.099968107
2097,0.347595632969,98,3,1,0,79.1,100,88.9999991949,79.0999506755,89,100,79.1,70.19,89,79.1,89,79.099968107
2098,0.347570630886,98,3,1,0,79.1,100,88.9999991949,79.0999506755,89,100,79.1,70.19,89,79.1,89,79.099968107
2099,0.347545628802,98,3,1,0,79.1,100,88.9999991949,79.0999506755,89,100,79.1,70.19,89,79.1,89,79.099968107
2100,0.347520626719,96,5,1,0,79.1,100,88.9999991949,79.0999506755,89,100,79.1,70.19,89,79.1,89,79.099968107
2101,0.347495624635,96,5,1,0,79.1,100,88.9999991949,79.0999506755,89,100,79.1,70.19,89,79.1,89,79.099968107
2102,0.347470622552,98,3,1,0,79.1,100,88.9999991949,79.0999506755,89,100,79.1,70.19,89,79.1,89,79.099968107
2103,0.347445620468,94,7,1,1.61023677947e-07,79.1,100,88.9999993559,79.0999506755,89,100,79.1,70.19,89,79.1,89,79.099968107
2104,0.347420618385,96,5,1,0,79.1,100,88.9999993559,79.0999506755,89,100,79.1,70.19,89,79.1,89,79.099968107
2105,0.347395616301,98,3,1,0,79.1,100,88.9999993559,79.0999506755,89,100,79.1,70.19,89,79.1,89,79.099968107
2106,0.347370614218,98,3,1,0,79.1,100,88.9999993559,79.0999506755,89,100,79.1,70.19,89,79.1,89,79.099968107
2107,0.347345612134,96,5,1,0,79.1,100,88.9999993559,79.0999506755,89,100,79.1,70.19,89,79.1,89,79.099968107
2108,0.347320610051,98,3,1,0,79.1,100,88.9999993559,79.0999506755,89,100,79.1,70.19,89,79.1,89,79.099968107
2109,0.347295607967,98,3,1,0,79.1,100,88.9999993559,79.0999506755,89,100,79.1,70.19,89,79.1,89,79.099968107
2110,0.347270605884,98,3,1,0,79.1,100,88.9999993559,79.0999506755,89,100,79.1,70.19,89,79.1,89,79.099968107
2111,0.3472456038,93,8,1,9.86489109778e-06,79.1,100,88.9999993559,79.0999605404,89,100,79.1,70.19,89,79.1,89,79.099968107
2112,0.347220601717,98,3,1,0,79.1,100,88.9999993559,79.0999605404,89,100,79.1,70.19,89,79.1,89,79.099968107
2113,0.347195599633,98,3,1,0,79.1,100,88.9999993559,79.0999605404,89,100,79.1,70.19,89,79.1,89,79.099968107
2114,0.34717059755,96,5,1,0,79.1,100,88.9999993559,79.0999605404,89,100,79.1,70.19,89,79.1,89,79.099968107
2115,0.347145595466,96,5,1,0,79.1,100,88.9999993559,79.0999605404,89,100,79.1,70.19,89,79.1,89,79.099968107
2116,0.347120593383,96,5,1,0,79.1,100,88.9999993559,79.0999605404,89,100,79.1,70.19,89,79.1,89,79.099968107
2117,0.347095591299,98,3,1,0,79.1,100,88.9999993559,79.0999605404,89,100,79.1,70.19,89,79.1,89,79.099968107
2118,0.347070589216,98,3,1,0,79.1,100,88.9999993559,79.0999605404,89,100,79.1,70.19,89,79.1,89,79.099968107
2119,0.347045587132,96,5,1,0,79.1,100,88.9999993559,79.0999605404,89,100,79.1,70.19,89,79.1,89,79.099968107
2120,0.347020585049,98,3,1,0,79.1,100,88.9999993559,79.0999605404,89,100,79.1,70.19,89,79.1,89,79.099968107
2121,0.346995582965,98,3,1,0,79.1,100,88.9999993559,79.0999605404,89,100,79.1,70.19,89,79.1,89,79.099968107
2122,0.346970580882,96,5,1,1.28818939515e-07,79.1,100,88.9999994847,79.0999605404,89,100,79.1,70.19,89,79.1,89,79.099968107
2123,0.346945578798,95,6,1,7.89191287254e-06,79.1,100,88.9999994847,79.0999684323,89,100,79.1,70.19,89,79.1,89,79.099968107
2124,0.346920576715,98,3,1,0,79.1,100,88.9999994847,79.0999684323,89,100,79.1,70.19,89,79.1,89,79.099968107
2125,0.346895574631,96,5,1,0,79.1,100,88.9999994847,79.0999684323,89,100,79.1,70.19,89,79.1,89,79.099968107
2126,0.346870572548,98,3,1,0,79.1,100,88.9999994847,79.0999684323,89,100,79.1,70.19,89,79.1,89,79.099968107
2127,0.346845570464,96,5,1,0,79.1,100,88.9999994847,79.0999684323,89,100,79.1,70.19,89,79.1,89,79.099968107
2128,0.346820568381,94,7,1,0,79.1,100,88.9999994847,79.0999684323,89,100,79.1,70.19,89,79.1,89,79.099968107
2129,0.346795566297,98,3,1,0,79.1,100,88.9999994847,79.0999684323,89,100,79.1,70.19,89,79.1,89,79.099968107
2130,0.346770564214,97,4,1,0,79.1,100,88.9999994847,79.0999684323,89,100,79.1,70.19,89,79.1,89,79.099968107
2131,0.34674556213,98,3,1,0,79.1,100,88.9999994847,79.0999684323,89,100,79.1,70.19,89,79.1,89,79.099968107
2132,0.346720560047,93,8,1,0,79.1,100,88.9999994847,79.0999684323,89,100,79.1,70.19,89,79.1,89,79.099968107
2133,0.346695557963,98,3,1,0,79.1,100,88.9999994847,79.0999684323,89,100,79.1,70.19,89,79.1,89,79.099968107
2134,0.34667055588,98,3,1,0,79.1,100,88.9999994847,79.0999684323,89,100,79.1,70.19,89,79.1,89,79.099968107
2135,0.346645553796,98,3,1,0,79.1,100,88.9999994847,79.0999684323,89,100,79.1,70.19,89,79.1,89,79.099968107
2136,0.346620551713,97,4,1,0,79.1,100,88.9999994847,79.0999684323,89,100,79.1,70.19,89,79.1,89,79.099968107
2137,0.346595549629,98,3,1,0,79.1,100,88.9999994847,79.0999684323,89,100,79.1,70.19,89,79.1,89,79.099968107
2138,0.346570547546,97,4,1,0,79.1,100,88.9999994847,79.0999684323,89,100,79.1,70.19,89,79.1,89,79.099968107
2139,0.346545545462,97,4,1,0,79.1,100,88.9999994847,79.0999684323,89,100,79.1,70.19,89,79.1,89,79.099968107
2140,0.346520543379,95,6,1,0,79.1,100,88.9999994847,79.0999684323,89,100,79.1,70.19,89,79.1,89,79.099968107
2141,0.346495541295,92,9,1,6.37860637198e-06,79.1,100,88.9999994847,79.0999684323,89,100,79.1,70.19,89,79.1,89,79.0999744856
2142,0.346470539212,98,3,1,0,79.1,100,88.9999994847,79.0999684323,89,100,79.1,70.19,89,79.1,89,79.0999744856
2143,0.346445537128,97,4,1,0,79.1,100,88.9999994847,79.0999684323,89,100,79.1,70.19,89,79.1,89,79.0999744856
2144,0.346420535045,98,3,1,0,79.1,100,88.9999994847,79.0999684323,89,100,79.1,70.19,89,79.1,89,79.0999744856
2145,0.346395532961,96,5,1,0,79.1,100,88.9999994847,79.0999684323,89,100,79.1,70.19,89,79.1,89,79.0999744856
2146,0.346370530878,97,4,1,0,79.1,100,88.9999994847,79.0999684323,89,100,79.1,70.19,89,79.1,89,79.0999744856
2147,0.346345528794,98,3,1,0,79.1,100,88.9999994847,79.0999684323,89,100,79.1,70.19,89,79.1,89,79.0999744856
2148,0.346320526711,95,6,1,0,79.1,100,88.9999994847,79.0999684323,89,100,79.1,70.19,89,79.1,89,79.0999744856
2149,0.346295524627,96,5,1,0,79.1,100,88.9999994847,79.0999684323,89,100,79.1,70.19,89,79.1,89,79.0999744856
2150,0.346270522544,98,3,1,0,79.1,100,88.9999994847,79.0999684323,89,100,79.1,70.19,89,79.1,89,79.0999744856
2151,0.34624552046,98,3,1,0,79.1,100,88.9999994847,79.0999684323,89,100,79.1,70.19,89,79.1,89,79.0999744856
2152,0.346220518377,98,3,1,0,79.1,100,88.9999994847,79.0999684323,89,100,79.1,70.19,89,79.1,89,79.0999744856
2153,0.346195516293,97,4,1,0,79.1,100,88.9999994847,79.0999684323,89,100,79.1,70.19,89,79.1,89,79.0999744856
2154,0.34617051421,98,3,1,0,79.1,100,88.9999994847,79.0999684323,89,100,79.1,70.19,89,79.1,89,79.0999744856
2155,0.346145512126,98,3,1,0,79.1,100,88.9999994847,79.0999684323,89,100,79.1,70.19,89,79.1,89,79.0999744856
2156,0.346120510043,97,4,1,0,79.1,100,88.9999994847,79.0999684323,89,100,79.1,70.19,89,79.1,89,79.0999744856
2157,0.346095507959,94,7,1,0,79.1,100,88.9999994847,79.0999684323,89,100,79.1,70.19,89,79.1,89,79.0999744856
2158,0.346070505875,91,10,1,6.31353030656e-06,79.1,100,88.9999994847,79.0999747459,89,100,79.1,70.19,89,79.1,89,79.0999744856
2159,0.346045503792,96,5,1,5.10288509759e-06,79.1,100,88.9999994847,79.0999747459,89,100,79.1,70.19,89,79.1,89,79.0999795885
2160,0.346020501708,95,6,1,0,79.1,100,88.9999994847,79.0999747459,89,100,79.1,70.19,89,79.1,89,79.0999795885
2161,0.345995499625,98,3,1,0,79.1,100,88.9999994847,79.0999747459,89,100,79.1,70.19,89,79.1,89,79.0999795885
2162,0.345970497541,97,4,1,0,79.1,100,88.9999994847,79.0999747459,89,100,79.1,70.19,89,79.1,89,79.0999795885
2163,0.345945495458,98,3,1,0,79.1,100,88.9999994847,79.0999747459,89,100,79.1,70.19,89,79.1,89,79.0999795885
2164,0.345920493374,94,7,1,0,79.1,100,88.9999994847,79.0999747459,89,100,79.1,70.19,89,79.1,89,79.0999795885
2165,0.345895491291,98,3,1,0,79.1,100,88.9999994847,79.0999747459,89,100,79.1,70.19,89,79.1,89,79.0999795885
2166,0.345870489207,98,3,1,0,79.1,100,88.9999994847,79.0999747459,89,100,79.1,70.19,89,79.1,89,79.0999795885
2167,0.345845487124,96,5,1,0,79.1,100,88.9999994847,79.0999747459,89,100,79.1,70.19,89,79.1,89,79.0999795885
2168,0.34582048504,98,3,1,0,79.1,100,88.9999994847,79.0999747459,89,100,79.1,70.19,89,79.1,89,79.0999795885
2169,0.345795482957,98,3,1,0,79.1,100,88.9999994847,79.0999747459,89,100,79.1,70.19,89,79.1,89,79.0999795885
2170,0.345770480873,96,5,1,0,79.1,100,88.9999994847,79.0999747459,89,100,79.1,70.19,89,79.1,89,79.0999795885
2171,0.34574547879,98,3,1,0,79.1,100,88.9999994847,79.0999747459,89,100,79.1,70.19,89,79.1,89,79.0999795885
2172,0.345720476706,97,4,1,0,79.1,100,88.9999994847,79.0999747459,89,100,79.1,70.19,89,79.1,89,79.0999795885
2173,0.345695474623,95,6,1,0,79.1,100,88.9999994847,79.0999747459,89,100,79.1,70.19,89,79.1,89,79.0999795885
2174,0.345670472539,98,3,1,0,79.1,100,88.9999994847,79.0999747459,89,100,79.1,70.19,89,79.1,89,79.0999795885
2175,0.345645470456,98,3,1,0,79.1,100,88.9999994847,79.0999747459,89,100,79.1,70.19,89,79.1,89,79.0999795885
2176,0.345620468372,98,3,1,0,79.1,100,88.9999994847,79.0999747459,89,100,79.1,70.19,89,79.1,89,79.0999795885
2177,0.345595466289,98,3,1,0,79.1,100,88.9999994847,79.0999747459,89,100,79.1,70.19,89,79.1,89,79.0999795885
2178,0.345570464205,98,3,1,0,79.1,100,88.9999994847,79.0999747459,89,100,79.1,70.19,89,79.1,89,79.0999795885
2179,0.345545462122,98,3,1,0,79.1,100,88.9999994847,79.0999747459,89,100,79.1,70.19,89,79.1,89,79.0999795885
2180,0.345520460038,96,5,1,0,79.1,100,88.9999994847,79.0999747459,89,100,79.1,70.19,89,79.1,89,79.0999795885
2181,0.345495457955,98,3,1,0,79.1,100,88.9999994847,79.0999747459,89,100,79.1,70.19,89,79.1,89,79.0999795885
2182,0.345470455871,98,3,1,0,79.1,100,88.9999994847,79.0999747459,89,100,79.1,70.19,89,79.1,89,79.0999795885
2183,0.345445453788,98,3,1,0,79.1,100,88.9999994847,79.0999747459,89,100,79.1,70.19,89,79.1,89,79.0999795885
2184,0.345420451704,97,4,1,0,79.1,100,88.9999994847,79.0999747459,89,100,79.1,70.19,89,79.1,89,79.0999795885
2185,0.345395449621,98,3,1,0,79.1,100,88.9999994847,79.0999747459,89,100,79.1,70.19,89,79.1,89,79.0999795885
2186,0.345370447537,98,3,1,0,79.1,100,88.9999994847,79.0999747459,89,100,79.1,70.19,89,79.1,89,79.0999795885
2187,0.345345445454,98,3,1,0,79.1,100,88.9999994847,79.0999747459,89,100,79.1,70.19,89,79.1,89,79.0999795885
2188,0.34532044337,96,5,1,0,79.1,100,88.9999994847,79.0999747459,89,100,79.1,70.19,89,79.1,89,79.0999795885
2189,0.345295441287,98,3,1,0,79.1,100,88.9999994847,79.0999747459,89,100,79.1,70.19,89,79.1,89,79.0999795885
2190,0.345270439203,98,3,1,0,79.1,100,88.9999994847,79.0999747459,89,100,79.1,70.19,89,79.1,89,79.0999795885
2191,0.34524543712,98,3,1,0,79.1,100,88.9999994847,79.0999747459,89,100,79.1,70.19,89,79.1,89,79.0999795885
2192,0.345220435036,97,4,1,0,79.1,100,88.9999994847,79.0999747459,89,100,79.1,70.19,89,79.1,89,79.0999795885
2193,0.345195432953,97,4,1,0,79.1,100,88.9999994847,79.0999747459,89,100,79.1,70.19,89,79.1,89,79.0999795885
2194,0.345170430869,97,4,1,0,79.1,100,88.9999994847,79.0999747459,89,100,79.1,70.19,89,79.1,89,79.0999795885
2195,0.345145428786,98,3,1,0,79.1,100,88.9999994847,79.0999747459,89,100,79.1,70.19,89,79.1,89,79.0999795885
2196,0.345120426702,98,3,1,0,79.1,100,88.9999994847,79.0999747459,89,100,79.1,70.19,89,79.1,89,79.0999795885
2197,0.345095424619,98,3,1,0,79.1,100,88.9999994847,79.0999747459,89,100,79.1,70.19,89,79.1,89,79.0999795885
2198,0.345070422535,98,3,1,0,79.1,100,88.9999994847,79.0999747459,89,100,79.1,70.19,89,79.1,89,79.0999795885
2199,0.345045420452,98,3,1,0,79.1,100,88.9999994847,79.0999747459,89,100,79.1,70.19,89,79.1,89,79.0999795885
2200,0.345020418368,96,5,1,0,79.1,100,88.9999994847,79.0999747459,89,100,79.1,70.19,89,79.1,89,79.0999795885
2201,0.344995416285,95,6,1,5.0508242424e-06,79.1,100,88.9999994847,79.0999797967,89,100,79.1,70.19,89,79.1,89,79.0999795885
2202,0.344970414201,97,4,1,0,79.1,100,88.9999994847,79.0999797967,89,100,79.1,70.19,89,79.1,89,79.0999795885
2203,0.344945412118,97,4,1,0,79.1,100,88.9999994847,79.0999797967,89,100,79.1,70.19,89,79.1,89,79.0999795885
2204,0.344920410034,98,3,1,0,79.1,100,88.9999994847,79.0999797967,89,100,79.1,70.19,89,79.1,89,79.0999795885
2205,0.344895407951,98,3,1,0,79.1,100,88.9999994847,79.0999797967,89,100,79.1,70.19,89,79.1,89,79.0999795885
2206,0.344870405867,98,3,1,0,79.1,100,88.9999994847,79.0999797967,89,100,79.1,70.19,89,79.1,89,79.0999795885
2207,0.344845403784,89,12,1,7.27318690963e-06,79.1,100,88.9999995878,79.0999870699,89,100,79.1,70.19,89,79.1,89,79.0999836708
2208,0.3448204017,98,3,1,0,79.1,100,88.9999995878,79.0999870699,89,100,79.1,70.19,89,79.1,89,79.0999836708
2209,0.344795399617,98,3,1,0,79.1,100,88.9999995878,79.0999870699,89,100,79.1,70.19,89,79.1,89,79.0999836708
2210,0.344770397533,98,3,1,0,79.1,100,88.9999995878,79.0999870699,89,100,79.1,70.19,89,79.1,89,79.0999836708
2211,0.34474539545,94,7,1,0,79.1,100,88.9999995878,79.0999870699,89,100,79.1,70.19,89,79.1,89,79.0999836708
2212,0.344720393366,96,5,1,0,79.1,100,88.9999995878,79.0999870699,89,100,79.1,70.19,89,79.1,89,79.0999836708
2213,0.344695391283,98,3,1,0,79.1,100,88.9999995878,79.0999870699,89,100,79.1,70.19,89,79.1,89,79.0999836708
2214,0.344670389199,98,3,1,0,79.1,100,88.9999995878,79.0999870699,89,100,79.1,70.19,89,79.1,89,79.0999836708
2215,0.344645387116,98,3,1,0,79.1,100,88.9999995878,79.0999870699,89,100,79.1,70.19,89,79.1,89,79.0999836708
2216,0.344620385032,98,3,1,0,79.1,100,88.9999995878,79.0999870699,89,100,79.1,70.19,89,79.1,89,79.0999836708
2217,0.344595382949,98,3,1,0,79.1,100,88.9999995878,79.0999870699,89,100,79.1,70.19,89,79.1,89,79.0999836708
2218,0.344570380865,96,5,1,0,79.1,100,88.9999995878,79.0999870699,89,100,79.1,70.19,89,79.1,89,79.0999836708
2219,0.344545378782,96,5,1,0,79.1,100,88.9999995878,79.0999870699,89,100,79.1,70.19,89,79.1,89,79.0999836708
2220,0.344520376698,98,3,1,0,79.1,100,88.9999995878,79.0999870699,89,100,79.1,70.19,89,79.1,89,79.0999836708
2221,0.344495374615,95,6,1,2.58602200631e-06,79.1,100,88.9999995878,79.0999896559,89,100,79.1,70.19,89,79.1,89,79.0999836708
2222,0.344470372531,98,3,1,0,79.1,100,88.9999995878,79.0999896559,89,100,79.1,70.19,89,79.1,89,79.0999836708
2223,0.344445370448,90,11,1,3.26584647325e-06,79.1,100,88.9999995878,79.0999917247,89,100,79.1,70.19,89,79.1,89,79.0999869366
2224,0.344420368364,96,5,1,0,79.1,100,88.9999995878,79.0999917247,89,100,79.1,70.19,89,79.1,89,79.0999869366
2225,0.344395366281,98,3,1,0,79.1,100,88.9999995878,79.0999917247,89,100,79.1,70.19,89,79.1,89,79.0999869366
2226,0.344370364197,96,5,1,0,79.1,100,88.9999995878,79.0999917247,89,100,79.1,70.19,89,79.1,89,79.0999869366
2227,0.344345362114,98,3,1,0,79.1,100,88.9999995878,79.0999917247,89,100,79.1,70.19,89,79.1,89,79.0999869366
2228,0.34432036003,98,3,1,0,79.1,100,88.9999995878,79.0999917247,89,100,79.1,70.19,89,79.1,89,79.0999869366
2229,0.344295357946,98,3,1,0,79.1,100,88.9999995878,79.0999917247,89,100,79.1,70.19,89,79.1,89,79.0999869366
2230,0.344270355863,98,3,1,0,79.1,100,88.9999995878,79.0999917247,89,100,79.1,70.19,89,79.1,89,79.0999869366
2231,0.344245353779,96,5,1,0,79.1,100,88.9999995878,79.0999917247,89,100,79.1,70.19,89,79.1,89,79.0999869366
2232,0.344220351696,98,3,1,0,79.1,100,88.9999995878,79.0999917247,89,100,79.1,70.19,89,79.1,89,79.0999869366
2233,0.344195349612,94,7,1,8.24441173108e-08,79.1,100,88.9999996702,79.0999917247,89,100,79.1,70.19,89,79.1,89,79.0999869366
2234,0.344170347529,96,5,1,0,79.1,100,88.9999996702,79.0999917247,89,100,79.1,70.19,89,79.1,89,79.0999869366
2235,0.344145345445,95,6,1,0,79.1,100,88.9999996702,79.0999917247,89,100,79.1,70.19,89,79.1,89,79.0999869366
2236,0.344120343362,98,3,1,0,79.1,100,88.9999996702,79.0999917247,89,100,79.1,70.19,89,79.1,89,79.0999869366
2237,0.344095341278,98,3,1,0,79.1,100,88.9999996702,79.0999917247,89,100,79.1,70.19,89,79.1,89,79.0999869366
2238,0.344070339195,97,4,1,0,79.1,100,88.9999996702,79.0999917247,89,100,79.1,70.19,89,79.1,89,79.0999869366
2239,0.344045337111,98,3,1,0,79.1,100,88.9999996702,79.0999917247,89,100,79.1,70.19,89,79.1,89,79.0999869366
2240,0.344020335028,98,3,1,0,79.1,100,88.9999996702,79.0999917247,89,100,79.1,70.19,89,79.1,89,79.0999869366
2241,0.343995332944,98,3,1,0,79.1,100,88.9999996702,79.0999917247,89,100,79.1,70.19,89,79.1,89,79.0999869366
2242,0.343970330861,98,3,1,0,79.1,100,88.9999996702,79.0999917247,89,100,79.1,70.19,89,79.1,89,79.0999869366
2243,0.343945328777,94,7,1,6.59552910065e-08,79.1,100,88.9999997362,79.0999917247,89,100,79.1,70.19,89,79.1,89,79.0999869366
2244,0.343920326694,98,3,1,0,79.1,100,88.9999997362,79.0999917247,89,100,79.1,70.19,89,79.1,89,79.0999869366
2245,0.34389532461,98,3,1,0,79.1,100,88.9999997362,79.0999917247,89,100,79.1,70.19,89,79.1,89,79.0999869366
2246,0.343870322527,98,3,1,0,79.1,100,88.9999997362,79.0999917247,89,100,79.1,70.19,89,79.1,89,79.0999869366
2247,0.343845320443,98,3,1,0,79.1,100,88.9999997362,79.0999917247,89,100,79.1,70.19,89,79.1,89,79.0999869366
2248,0.34382031836,97,4,1,0,79.1,100,88.9999997362,79.0999917247,89,100,79.1,70.19,89,79.1,89,79.0999869366
2249,0.343795316276,98,3,1,0,79.1,100,88.9999997362,79.0999917247,89,100,79.1,70.19,89,79.1,89,79.0999869366
2250,0.343770314193,96,5,1,0,79.1,100,88.9999997362,79.0999917247,89,100,79.1,70.19,89,79.1,89,79.0999869366
2251,0.343745312109,98,3,1,0,79.1,100,88.9999997362,79.0999917247,89,100,79.1,70.19,89,79.1,89,79.0999869366
2252,0.343720310026,95,6,1,1.655054092e-06,79.1,100,88.9999997362,79.0999933798,89,100,79.1,70.19,89,79.1,89,79.0999869366
2253,0.343695307942,97,4,1,0,79.1,100,88.9999997362,79.0999933798,89,100,79.1,70.19,89,79.1,89,79.0999869366
2254,0.343670305859,98,3,1,0,79.1,100,88.9999997362,79.0999933798,89,100,79.1,70.19,89,79.1,89,79.0999869366
2255,0.343645303775,98,3,1,0,79.1,100,88.9999997362,79.0999933798,89,100,79.1,70.19,89,79.1,89,79.0999869366
2256,0.343620301692,98,3,1,0,79.1,100,88.9999997362,79.0999933798,89,100,79.1,70.19,89,79.1,89,79.0999869366
2257,0.343595299608,98,3,1,0,79.1,100,88.9999997362,79.0999933798,89,100,79.1,70.19,89,79.1,89,79.0999869366
2258,0.343570297525,97,4,1,0,79.1,100,88.9999997362,79.0999933798,89,100,79.1,70.19,89,79.1,89,79.0999869366
2259,0.343545295441,98,3,1,0,79.1,100,88.9999997362,79.0999933798,89,100,79.1,70.19,89,79.1,89,79.0999869366
2260,0.343520293358,96,5,1,0,79.1,100,88.9999997362,79.0999933798,89,100,79.1,70.19,89,79.1,89,79.0999869366
2261,0.343495291274,98,3,1,0,79.1,100,88.9999997362,79.0999933798,89,100,79.1,70.19,89,79.1,89,79.0999869366
2262,0.343470289191,98,3,1,0,79.1,100,88.9999997362,79.0999933798,89,100,79.1,70.19,89,79.1,89,79.0999869366
2263,0.343445287107,98,3,1,0,79.1,100,88.9999997362,79.0999933798,89,100,79.1,70.19,89,79.1,89,79.0999869366
2264,0.343420285024,98,3,1,0,79.1,100,88.9999997362,79.0999933798,89,100,79.1,70.19,89,79.1,89,79.0999869366
2265,0.34339528294,92,9,1,5.27642356474e-08,79.1,100,88.9999997889,79.0999933798,89,100,79.1,70.19,89,79.1,89,79.0999869366
2266,0.343370280857,98,3,1,0,79.1,100,88.9999997889,79.0999933798,89,100,79.1,70.19,89,79.1,89,79.0999869366
2267,0.343345278773,98,3,1,0,79.1,100,88.9999997889,79.0999933798,89,100,79.1,70.19,89,79.1,89,79.0999869366
2268,0.34332027669,98,3,1,0,79.1,100,88.9999997889,79.0999933798,89,100,79.1,70.19,89,79.1,89,79.0999869366
2269,0.343295274606,98,3,1,0,79.1,100,88.9999997889,79.0999933798,89,100,79.1,70.19,89,79.1,89,79.0999869366
2270,0.343270272523,96,5,1,0,79.1,100,88.9999997889,79.0999933798,89,100,79.1,70.19,89,79.1,89,79.0999869366
2271,0.343245270439,98,3,1,0,79.1,100,88.9999997889,79.0999933798,89,100,79.1,70.19,89,79.1,89,79.0999869366
2272,0.343220268356,98,3,1,0,79.1,100,88.9999997889,79.0999933798,89,100,79.1,70.19,89,79.1,89,79.0999869366
2273,0.343195266272,97,4,1,0,79.1,100,88.9999997889,79.0999933798,89,100,79.1,70.19,89,79.1,89,79.0999869366
2274,0.343170264189,96,5,1,0,79.1,100,88.9999997889,79.0999933798,89,100,79.1,70.19,89,79.1,89,79.0999869366
2275,0.343145262105,93,8,1,2.6126771786e-06,79.1,100,88.9999997889,79.0999947038,89,100,79.1,70.19,89,79.1,89,79.0999895493
2276,0.343120260022,98,3,1,0,79.1,100,88.9999997889,79.0999947038,89,100,79.1,70.19,89,79.1,89,79.0999895493
2277,0.343095257938,92,9,1,2.09014173436e-06,79.1,100,88.9999997889,79.0999947038,89,100,79.1,70.19,89,79.1,89,79.0999916394
2278,0.343070255855,96,5,1,0,79.1,100,88.9999997889,79.0999947038,89,100,79.1,70.19,89,79.1,89,79.0999916394
2279,0.343045253771,98,3,1,0,79.1,100,88.9999997889,79.0999947038,89,100,79.1,70.19,89,79.1,89,79.0999916394
2280,0.343020251688,93,8,1,4.22113970444e-08,79.1,100,88.9999998312,79.0999947038,89,100,79.1,70.19,89,79.1,89,79.0999916394
2281,0.342995249604,98,3,1,0,79.1,100,88.9999998312,79.0999947038,89,100,79.1,70.19,89,79.1,89,79.0999916394
2282,0.342970247521,98,3,1,0,79.1,100,88.9999998312,79.0999947038,89,100,79.1,70.19,89,79.1,89,79.0999916394
2283,0.342945245437,97,4,1,0,79.1,100,88.9999998312,79.0999947038,89,100,79.1,70.19,89,79.1,89,79.0999916394
2284,0.342920243354,98,3,1,0,79.1,100,88.9999998312,79.0999947038,89,100,79.1,70.19,89,79.1,89,79.0999916394
2285,0.34289524127,93,8,1,1.05923462002e-06,79.1,100,88.9999998312,79.0999957631,89,100,79.1,70.19,89,79.1,89,79.0999916394
2286,0.342870239187,98,3,1,0,79.1,100,88.9999998312,79.0999957631,89,100,79.1,70.19,89,79.1,89,79.0999916394
2287,0.342845237103,90,11,1,1.67211338464e-06,79.1,100,88.9999998312,79.0999957631,89,100,79.1,70.19,89,79.1,89,79.0999933115
2288,0.34282023502,98,3,1,0,79.1,100,88.9999998312,79.0999957631,89,100,79.1,70.19,89,79.1,89,79.0999933115
2289,0.342795232936,98,3,1,0,79.1,100,88.9999998312,79.0999957631,89,100,79.1,70.19,89,79.1,89,79.0999933115
2290,0.342770230853,98,3,1,0,79.1,100,88.9999998312,79.0999957631,89,100,79.1,70.19,89,79.1,89,79.0999933115
2291,0.342745228769,98,3,1,0,79.1,100,88.9999998312,79.0999957631,89,100,79.1,70.19,89,79.1,89,79.0999933115
2292,0.342720226686,98,3,1,0,79.1,100,88.9999998312,79.0999957631,89,100,79.1,70.19,89,79.1,89,79.0999933115
2293,0.342695224602,96,5,1,0,79.1,100,88.9999998312,79.0999957631,89,100,79.1,70.19,89,79.1,89,79.0999933115
2294,0.342670222519,93,8,1,1.52529784714e-06,79.1,100,88.9999998312,79.0999972884,89,100,79.1,70.19,89,79.1,89,79.0999933115
2295,0.342645220435,96,5,1,0,79.1,100,88.9999998312,79.0999972884,89,100,79.1,70.19,89,79.1,89,79.0999933115
2296,0.342620218352,98,3,1,0,79.1,100,88.9999998312,79.0999972884,89,100,79.1,70.19,89,79.1,89,79.0999933115
2297,0.342595216268,98,3,1,0,79.1,100,88.9999998312,79.0999972884,89,100,79.1,70.19,89,79.1,89,79.0999933115
2298,0.342570214185,98,3,1,0,79.1,100,88.9999998312,79.0999972884,89,100,79.1,70.19,89,79.1,89,79.0999933115
2299,0.342545212101,98,3,1,0,79.1,100,88.9999998312,79.0999972884,89,100,79.1,70.19,89,79.1,89,79.0999933115
2300,0.342520210018,93,8,1,0,79.1,100,88.9999998312,79.0999972884,89,100,79.1,70.19,89,79.1,89,79.0999933115
2301,0.342495207934,98,3,1,0,79.1,100,88.9999998312,79.0999972884,89,100,79.1,70.19,89,79.1,89,79.0999933115
2302,0.34247020585,92,9,1,1.33769071908e-06,79.1,100,88.9999998312,79.0999972884,89,100,79.1,70.19,89,79.1,89,79.0999946492
2303,0.342445203767,98,3,1,0,79.1,100,88.9999998312,79.0999972884,89,100,79.1,70.19,89,79.1,89,79.0999946492
2304,0.342420201683,98,3,1,0,79.1,100,88.9999998312,79.0999972884,89,100,79.1,70.19,89,79.1,89,79.0999946492
2305,0.3423951996,97,4,1,0,79.1,100,88.9999998312,79.0999972884,89,100,79.1,70.19,89,79.1,89,79.0999946492
2306,0.342370197516,96,5,1,0,79.1,100,88.9999998312,79.0999972884,89,100,79.1,70.19,89,79.1,89,79.0999946492
2307,0.342345195433,98,3,1,0,79.1,100,88.9999998312,79.0999972884,89,100,79.1,70.19,89,79.1,89,79.0999946492
2308,0.342320193349,98,3,1,0,79.1,100,88.9999998312,79.0999972884,89,100,79.1,70.19,89,79.1,89,79.0999946492
2309,0.342295191266,90,11,1,1.0701525639e-06,79.1,100,88.9999998312,79.0999972884,89,100,79.1,70.19,89,79.1,89,79.0999957194
2310,0.342270189182,97,4,1,0,79.1,100,88.9999998312,79.0999972884,89,100,79.1,70.19,89,79.1,89,79.0999957194
2311,0.342245187099,98,3,1,0,79.1,100,88.9999998312,79.0999972884,89,100,79.1,70.19,89,79.1,89,79.0999957194
2312,0.342220185015,98,3,1,0,79.1,100,88.9999998312,79.0999972884,89,100,79.1,70.19,89,79.1,89,79.0999957194
2313,0.342195182932,96,5,1,8.56122056803e-07,79.1,100,88.9999998312,79.0999972884,89,100,79.1,70.19,89,79.1,89,79.0999965755
2314,0.342170180848,97,4,1,0,79.1,100,88.9999998312,79.0999972884,89,100,79.1,70.19,89,79.1,89,79.0999965755
2315,0.342145178765,97,4,1,0,79.1,100,88.9999998312,79.0999972884,89,100,79.1,70.19,89,79.1,89,79.0999965755
2316,0.342120176681,97,4,1,0,79.1,100,88.9999998312,79.0999972884,89,100,79.1,70.19,89,79.1,89,79.0999965755
2317,0.342095174598,95,6,1,0,79.1,100,88.9999998312,79.0999972884,89,100,79.1,70.19,89,79.1,89,79.0999965755
2318,0.342070172514,98,3,1,0,79.1,100,88.9999998312,79.0999972884,89,100,79.1,70.19,89,79.1,89,79.0999965755
2319,0.342045170431,98,3,1,0,79.1,100,88.9999998312,79.0999972884,89,100,79.1,70.19,89,79.1,89,79.0999965755
2320,0.342020168347,98,3,1,0,79.1,100,88.9999998312,79.0999972884,89,100,79.1,70.19,89,79.1,89,79.0999965755
2321,0.341995166264,95,6,1,6.848976426e-07,79.1,100,88.9999998312,79.0999972884,89,100,79.1,70.19,89,79.1,89,79.0999972604
2322,0.34197016418,95,6,1,0,79.1,100,88.9999998312,79.0999972884,89,100,79.1,70.19,89,79.1,89,79.0999972604
2323,0.341945162097,98,3,1,0,79.1,100,88.9999998312,79.0999972884,89,100,79.1,70.19,89,79.1,89,79.0999972604
2324,0.341920160013,98,3,1,0,79.1,100,88.9999998312,79.0999972884,89,100,79.1,70.19,89,79.1,89,79.0999972604
2325,0.34189515793,98,3,1,0,79.1,100,88.9999998312,79.0999972884,89,100,79.1,70.19,89,79.1,89,79.0999972604
2326,0.341870155846,98,3,1,0,79.1,100,88.9999998312,79.0999972884,89,100,79.1,70.19,89,79.1,89,79.0999972604
2327,0.341845153763,94,7,1,3.37691119512e-08,79.1,100,88.9999998649,79.0999972884,89,100,79.1,70.19,89,79.1,89,79.0999972604
2328,0.341820151679,98,3,1,0,79.1,100,88.9999998649,79.0999972884,89,100,79.1,70.19,89,79.1,89,79.0999972604
2329,0.341795149596,98,3,1,0,79.1,100,88.9999998649,79.0999972884,89,100,79.1,70.19,89,79.1,89,79.0999972604
2330,0.341770147512,98,3,1,0,79.1,100,88.9999998649,79.0999972884,89,100,79.1,70.19,89,79.1,89,79.0999972604
2331,0.341745145429,98,3,1,0,79.1,100,88.9999998649,79.0999972884,89,100,79.1,70.19,89,79.1,89,79.0999972604
2332,0.341720143345,98,3,1,0,79.1,100,88.9999998649,79.0999972884,89,100,79.1,70.19,89,79.1,89,79.0999972604
2333,0.341695141262,98,3,1,0,79.1,100,88.9999998649,79.0999972884,89,100,79.1,70.19,89,79.1,89,79.0999972604
2334,0.341670139178,98,3,1,0,79.1,100,88.9999998649,79.0999972884,89,100,79.1,70.19,89,79.1,89,79.0999972604
2335,0.341645137095,98,3,1,0,79.1,100,88.9999998649,79.0999972884,89,100,79.1,70.19,89,79.1,89,79.0999972604
2336,0.341620135011,94,7,1,0,79.1,100,88.9999998649,79.0999972884,89,100,79.1,70.19,89,79.1,89,79.0999972604
2337,0.341595132928,98,3,1,0,79.1,100,88.9999998649,79.0999972884,89,100,79.1,70.19,89,79.1,89,79.0999972604
2338,0.341570130844,98,3,1,0,79.1,100,88.9999998649,79.0999972884,89,100,79.1,70.19,89,79.1,89,79.0999972604
2339,0.341545128761,98,3,1,0,79.1,100,88.9999998649,79.0999972884,89,100,79.1,70.19,89,79.1,89,79.0999972604
2340,0.341520126677,98,3,1,0,79.1,100,88.9999998649,79.0999972884,89,100,79.1,70.19,89,79.1,89,79.0999972604
2341,0.341495124594,96,5,1,0,79.1,100,88.9999998649,79.0999972884,89,100,79.1,70.19,89,79.1,89,79.0999972604
2342,0.34147012251,97,4,1,0,79.1,100,88.9999998649,79.0999972884,89,100,79.1,70.19,89,79.1,89,79.0999972604
2343,0.341445120427,98,3,1,0,79.1,100,88.9999998649,79.0999972884,89,100,79.1,70.19,89,79.1,89,79.0999972604
2344,0.341420118343,98,3,1,0,79.1,100,88.9999998649,79.0999972884,89,100,79.1,70.19,89,79.1,89,79.0999972604
2345,0.34139511626,98,3,1,0,79.1,100,88.9999998649,79.0999972884,89,100,79.1,70.19,89,79.1,89,79.0999972604
2346,0.341370114176,98,3,1,0,79.1,100,88.9999998649,79.0999972884,89,100,79.1,70.19,89,79.1,89,79.0999972604
2347,0.341345112093,98,3,1,0,79.1,100,88.9999998649,79.0999972884,89,100,79.1,70.19,89,79.1,89,79.0999972604
2348,0.341320110009,98,3,1,0,79.1,100,88.9999998649,79.0999972884,89,100,79.1,70.19,89,79.1,89,79.0999972604
2349,0.341295107926,98,3,1,0,79.1,100,88.9999998649,79.0999972884,89,100,79.1,70.19,89,79.1,89,79.0999972604
2350,0.341270105842,98,3,1,0,79.1,100,88.9999998649,79.0999972884,89,100,79.1,70.19,89,79.1,89,79.0999972604
2351,0.341245103759,98,3,1,0,79.1,100,88.9999998649,79.0999972884,89,100,79.1,70.19,89,79.1,89,79.0999972604
2352,0.341220101675,94,7,1,0,79.1,100,88.9999998649,79.0999972884,89,100,79.1,70.19,89,79.1,89,79.0999972604
2353,0.341195099592,98,3,1,0,79.1,100,88.9999998649,79.0999972884,89,100,79.1,70.19,89,79.1,89,79.0999972604
2354,0.341170097508,94,7,1,9.86252615576e-07,79.1,100,88.9999998649,79.0999972884,89,100,79.1,70.19,89,79.1,89,79.0999982467
2355,0.341145095425,97,4,1,0,79.1,100,88.9999998649,79.0999972884,89,100,79.1,70.19,89,79.1,89,79.0999982467
2356,0.341120093341,98,3,1,0,79.1,100,88.9999998649,79.0999972884,89,100,79.1,70.19,89,79.1,89,79.0999982467
2357,0.341095091258,98,3,1,0,79.1,100,88.9999998649,79.0999972884,89,100,79.1,70.19,89,79.1,89,79.0999982467
2358,0.341070089174,92,9,1,5.42328123743e-07,79.1,100,88.9999998649,79.0999978307,89,100,79.1,70.19,89,79.1,89,79.0999985973
2359,0.341045087091,96,5,1,0,79.1,100,88.9999998649,79.0999978307,89,100,79.1,70.19,89,79.1,89,79.0999985973
2360,0.341020085007,94,7,1,0,79.1,100,88.9999998649,79.0999978307,89,100,79.1,70.19,89,79.1,89,79.0999985973
2361,0.340995082924,98,3,1,0,79.1,100,88.9999998649,79.0999978307,89,100,79.1,70.19,89,79.1,89,79.0999985973
2362,0.34097008084,95,6,1,4.33862496152e-07,79.1,100,88.9999998649,79.0999982645,89,100,79.1,70.19,89,79.1,89,79.0999985973
2363,0.340945078757,98,3,1,0,79.1,100,88.9999998649,79.0999982645,89,100,79.1,70.19,89,79.1,89,79.0999985973
2364,0.340920076673,98,3,1,0,79.1,100,88.9999998649,79.0999982645,89,100,79.1,70.19,89,79.1,89,79.0999985973
2365,0.34089507459,98,3,1,0,79.1,100,88.9999998649,79.0999982645,89,100,79.1,70.19,89,79.1,89,79.0999985973
2366,0.340870072506,98,3,1,0,79.1,100,88.9999998649,79.0999982645,89,100,79.1,70.19,89,79.1,89,79.0999985973
2367,0.340845070423,98,3,1,0,79.1,100,88.9999998649,79.0999982645,89,100,79.1,70.19,89,79.1,89,79.0999985973
2368,0.340820068339,95,6,1,3.47089994079e-07,79.1,100,88.9999998649,79.0999986116,89,100,79.1,70.19,89,79.1,89,79.0999985973
2369,0.340795066256,97,4,1,0,79.1,100,88.9999998649,79.0999986116,89,100,79.1,70.19,89,79.1,89,79.0999985973
2370,0.340770064172,98,3,1,0,79.1,100,88.9999998649,79.0999986116,89,100,79.1,70.19,89,79.1,89,79.0999985973
2371,0.340745062089,98,3,1,0,79.1,100,88.9999998649,79.0999986116,89,100,79.1,70.19,89,79.1,89,79.0999985973
2372,0.340720060005,95,6,1,0,79.1,100,88.9999998649,79.0999986116,89,100,79.1,70.19,89,79.1,89,79.0999985973
2373,0.340695057921,97,4,1,0,79.1,100,88.9999998649,79.0999986116,89,100,79.1,70.19,89,79.1,89,79.0999985973
2374,0.340670055838,98,3,1,0,79.1,100,88.9999998649,79.0999986116,89,100,79.1,70.19,89,79.1,89,79.0999985973
2375,0.340645053754,98,3,1,0,79.1,100,88.9999998649,79.0999986116,89,100,79.1,70.19,89,79.1,89,79.0999985973
2376,0.340620051671,98,3,1,0,79.1,100,88.9999998649,79.0999986116,89,100,79.1,70.19,89,79.1,89,79.0999985973
2377,0.340595049587,96,5,1,0,79.1,100,88.9999998649,79.0999986116,89,100,79.1,70.19,89,79.1,89,79.0999985973
2378,0.340570047504,98,3,1,0,79.1,100,88.9999998649,79.0999986116,89,100,79.1,70.19,89,79.1,89,79.0999985973
2379,0.34054504542,96,5,1,0,79.1,100,88.9999998649,79.0999986116,89,100,79.1,70.19,89,79.1,89,79.0999985973
2380,0.340520043337,98,3,1,0,79.1,100,88.9999998649,79.0999986116,89,100,79.1,70.19,89,79.1,89,79.0999985973
2381,0.340495041253,98,3,1,0,79.1,100,88.9999998649,79.0999986116,89,100,79.1,70.19,89,79.1,89,79.0999985973
2382,0.34047003917,98,3,1,0,79.1,100,88.9999998649,79.0999986116,89,100,79.1,70.19,89,79.1,89,79.0999985973
2383,0.340445037086,98,3,1,0,79.1,100,88.9999998649,79.0999986116,89,100,79.1,70.19,89,79.1,89,79.0999985973
2384,0.340420035003,98,3,1,0,79.1,100,88.9999998649,79.0999986116,89,100,79.1,70.19,89,79.1,89,79.0999985973
2385,0.340395032919,96,5,1,2.80534081298e-07,79.1,100,88.9999998649,79.0999986116,89,100,79.1,70.19,89,79.1,89,79.0999988779
2386,0.340370030836,96,5,1,0,79.1,100,88.9999998649,79.0999986116,89,100,79.1,70.19,89,79.1,89,79.0999988779
2387,0.340345028752,98,3,1,0,79.1,100,88.9999998649,79.0999986116,89,100,79.1,70.19,89,79.1,89,79.0999988779
2388,0.340320026669,98,3,1,0,79.1,100,88.9999998649,79.0999986116,89,100,79.1,70.19,89,79.1,89,79.0999988779
2389,0.340295024585,98,3,1,0,79.1,100,88.9999998649,79.0999986116,89,100,79.1,70.19,89,79.1,89,79.0999988779
2390,0.340270022502,98,3,1,0,79.1,100,88.9999998649,79.0999986116,89,100,79.1,70.19,89,79.1,89,79.0999988779
2391,0.340245020418,96,5,1,2.70152895609e-08,79.1,100,88.9999998919,79.0999986116,89,100,79.1,70.19,89,79.1,89,79.0999988779
2392,0.340220018335,98,3,1,0,79.1,100,88.9999998919,79.0999986116,89,100,79.1,70.19,89,79.1,89,79.0999988779
2393,0.340195016251,98,3,1,0,79.1,100,88.9999998919,79.0999986116,89,100,79.1,70.19,89,79.1,89,79.0999988779
2394,0.340170014168,98,3,1,0,79.1,100,88.9999998919,79.0999986116,89,100,79.1,70.19,89,79.1,89,79.0999988779
2395,0.340145012084,97,4,1,0,79.1,100,88.9999998919,79.0999986116,89,100,79.1,70.19,89,79.1,89,79.0999988779
2396,0.340120010001,98,3,1,0,79.1,100,88.9999998919,79.0999986116,89,100,79.1,70.19,89,79.1,89,79.0999988779
2397,0.340095007917,97,4,1,0,79.1,100,88.9999998919,79.0999986116,89,100,79.1,70.19,89,79.1,89,79.0999988779
2398,0.340070005834,97,4,1,0,79.1,100,88.9999998919,79.0999986116,89,100,79.1,70.19,89,79.1,89,79.0999988779
2399,0.34004500375,98,3,1,0,79.1,100,88.9999998919,79.0999986116,89,100,79.1,70.19,89,79.1,89,79.0999988779
2400,0.340020001667,98,3,1,0,79.1,100,88.9999998919,79.0999986116,89,100,79.1,70.19,89,79.1,89,79.0999988779
2401,0.339994999583,96,5,1,0,79.1,100,88.9999998919,79.0999986116,89,100,79.1,70.19,89,79.1,89,79.0999988779
2402,0.3399699975,98,3,1,0,79.1,100,88.9999998919,79.0999986116,89,100,79.1,70.19,89,79.1,89,79.0999988779
2403,0.339944995416,97,4,1,0,79.1,100,88.9999998919,79.0999986116,89,100,79.1,70.19,89,79.1,89,79.0999988779
2404,0.339919993333,98,3,1,0,79.1,100,88.9999998919,79.0999986116,89,100,79.1,70.19,89,79.1,89,79.0999988779
2405,0.339894991249,97,4,1,0,79.1,100,88.9999998919,79.0999986116,89,100,79.1,70.19,89,79.1,89,79.0999988779
2406,0.339869989166,96,5,1,0,79.1,100,88.9999998919,79.0999986116,89,100,79.1,70.19,89,79.1,89,79.0999988779
2407,0.339844987082,98,3,1,0,79.1,100,88.9999998919,79.0999986116,89,100,79.1,70.19,89,79.1,89,79.0999988779
2408,0.339819984999,95,6,1,2.2442725367e-07,79.1,100,88.9999998919,79.0999986116,89,100,79.1,70.19,89,79.1,89,79.0999991023
2409,0.339794982915,97,4,1,0,79.1,100,88.9999998919,79.0999986116,89,100,79.1,70.19,89,79.1,89,79.0999991023
2410,0.339769980832,98,3,1,0,79.1,100,88.9999998919,79.0999986116,89,100,79.1,70.19,89,79.1,89,79.0999991023
2411,0.339744978748,98,3,1,0,79.1,100,88.9999998919,79.0999986116,89,100,79.1,70.19,89,79.1,89,79.0999991023
2412,0.339719976665,89,12,1,4.99809601706e-07,79.1,100,88.9999998919,79.0999991114,89,100,79.1,70.19,89,79.1,89,79.0999992818
2413,0.339694974581,98,3,1,0,79.1,100,88.9999998919,79.0999991114,89,100,79.1,70.19,89,79.1,89,79.0999992818
2414,0.339669972498,98,3,1,0,79.1,100,88.9999998919,79.0999991114,89,100,79.1,70.19,89,79.1,89,79.0999992818
2415,0.339644970414,98,3,1,0,79.1,100,88.9999998919,79.0999991114,89,100,79.1,70.19,89,79.1,89,79.0999992818
2416,0.339619968331,96,5,1,0,79.1,100,88.9999998919,79.0999991114,89,100,79.1,70.19,89,79.1,89,79.0999992818
2417,0.339594966247,97,4,1,0,79.1,100,88.9999998919,79.0999991114,89,100,79.1,70.19,89,79.1,89,79.0999992818
2418,0.339569964164,98,3,1,0,79.1,100,88.9999998919,79.0999991114,89,100,79.1,70.19,89,79.1,89,79.0999992818
2419,0.33954496208,98,3,1,0,79.1,100,88.9999998919,79.0999991114,89,100,79.1,70.19,89,79.1,89,79.0999992818
2420,0.339519959997,96,5,1,0,79.1,100,88.9999998919,79.0999991114,89,100,79.1,70.19,89,79.1,89,79.0999992818
2421,0.339494957913,97,4,1,0,79.1,100,88.9999998919,79.0999991114,89,100,79.1,70.19,89,79.1,89,79.0999992818
2422,0.33946995583,98,3,1,0,79.1,100,88.9999998919,79.0999991114,89,100,79.1,70.19,89,79.1,89,79.0999992818
2423,0.339444953746,96,5,1,1.43633442917e-07,79.1,100,88.9999998919,79.0999991114,89,100,79.1,70.19,89,79.1,89,79.0999994255
2424,0.339419951663,97,4,1,0,79.1,100,88.9999998919,79.0999991114,89,100,79.1,70.19,89,79.1,89,79.0999994255
2425,0.339394949579,98,3,1,0,79.1,100,88.9999998919,79.0999991114,89,100,79.1,70.19,89,79.1,89,79.0999994255
2426,0.339369947496,98,3,1,0,79.1,100,88.9999998919,79.0999991114,89,100,79.1,70.19,89,79.1,89,79.0999994255
2427,0.339344945412,96,5,1,0,79.1,100,88.9999998919,79.0999991114,89,100,79.1,70.19,89,79.1,89,79.0999994255
2428,0.339319943329,98,3,1,0,79.1,100,88.9999998919,79.0999991114,89,100,79.1,70.19,89,79.1,89,79.0999994255
2429,0.339294941245,98,3,1,0,79.1,100,88.9999998919,79.0999991114,89,100,79.1,70.19,89,79.1,89,79.0999994255
2430,0.339269939162,98,3,1,0,79.1,100,88.9999998919,79.0999991114,89,100,79.1,70.19,89,79.1,89,79.0999994255
2431,0.339244937078,94,7,1,0,79.1,100,88.9999998919,79.0999991114,89,100,79.1,70.19,89,79.1,89,79.0999994255
2432,0.339219934995,98,3,1,0,79.1,100,88.9999998919,79.0999991114,89,100,79.1,70.19,89,79.1,89,79.0999994255
2433,0.339194932911,98,3,1,0,79.1,100,88.9999998919,79.0999991114,89,100,79.1,70.19,89,79.1,89,79.0999994255
2434,0.339169930828,98,3,1,0,79.1,100,88.9999998919,79.0999991114,89,100,79.1,70.19,89,79.1,89,79.0999994255
2435,0.339144928744,95,6,1,0,79.1,100,88.9999998919,79.0999991114,89,100,79.1,70.19,89,79.1,89,79.0999994255
2436,0.339119926661,95,6,1,0,79.1,100,88.9999998919,79.0999991114,89,100,79.1,70.19,89,79.1,89,79.0999994255
2437,0.339094924577,94,7,1,0,79.1,100,88.9999998919,79.0999991114,89,100,79.1,70.19,89,79.1,89,79.0999994255
2438,0.339069922494,98,3,1,0,79.1,100,88.9999998919,79.0999991114,89,100,79.1,70.19,89,79.1,89,79.0999994255
2439,0.33904492041,96,5,1,2.16122373331e-08,79.1,100,88.9999999136,79.0999991114,89,100,79.1,70.19,89,79.1,89,79.0999994255
2440,0.339019918327,96,5,1,0,79.1,100,88.9999999136,79.0999991114,89,100,79.1,70.19,89,79.1,89,79.0999994255
2441,0.338994916243,98,3,1,0,79.1,100,88.9999999136,79.0999991114,89,100,79.1,70.19,89,79.1,89,79.0999994255
2442,0.33896991416,98,3,1,0,79.1,100,88.9999999136,79.0999991114,89,100,79.1,70.19,89,79.1,89,79.0999994255
2443,0.338944912076,98,3,1,0,79.1,100,88.9999999136,79.0999991114,89,100,79.1,70.19,89,79.1,89,79.0999994255
2444,0.338919909992,96,5,1,0,79.1,100,88.9999999136,79.0999991114,89,100,79.1,70.19,89,79.1,89,79.0999994255
2445,0.338894907909,98,3,1,0,79.1,100,88.9999999136,79.0999991114,89,100,79.1,70.19,89,79.1,89,79.0999994255
2446,0.338869905825,98,3,1,0,79.1,100,88.9999999136,79.0999991114,89,100,79.1,70.19,89,79.1,89,79.0999994255
2447,0.338844903742,95,6,1,0,79.1,100,88.9999999136,79.0999991114,89,100,79.1,70.19,89,79.1,89,79.0999994255
2448,0.338819901658,96,5,1,0,79.1,100,88.9999999136,79.0999991114,89,100,79.1,70.19,89,79.1,89,79.0999994255
2449,0.338794899575,97,4,1,0,79.1,100,88.9999999136,79.0999991114,89,100,79.1,70.19,89,79.1,89,79.0999994255
2450,0.338769897491,98,3,1,0,79.1,100,88.9999999136,79.0999991114,89,100,79.1,70.19,89,79.1,89,79.0999994255
2451,0.338744895408,96,5,1,0,79.1,100,88.9999999136,79.0999991114,89,100,79.1,70.19,89,79.1,89,79.0999994255
2452,0.338719893324,96,5,1,0,79.1,100,88.9999999136,79.0999991114,89,100,79.1,70.19,89,79.1,89,79.0999994255
2453,0.338694891241,98,3,1,0,79.1,100,88.9999999136,79.0999991114,89,100,79.1,70.19,89,79.1,89,79.0999994255
2454,0.338669889157,96,5,1,1.14906754334e-07,79.1,100,88.9999999136,79.0999991114,89,100,79.1,70.19,89,79.1,89,79.0999995404
2455,0.338644887074,98,3,1,0,79.1,100,88.9999999136,79.0999991114,89,100,79.1,70.19,89,79.1,89,79.0999995404
2456,0.33861988499,98,3,1,0,79.1,100,88.9999999136,79.0999991114,89,100,79.1,70.19,89,79.1,89,79.0999995404
2457,0.338594882907,96,5,1,0,79.1,100,88.9999999136,79.0999991114,89,100,79.1,70.19,89,79.1,89,79.0999995404
2458,0.338569880823,98,3,1,0,79.1,100,88.9999999136,79.0999991114,89,100,79.1,70.19,89,79.1,89,79.0999995404
2459,0.33854487874,91,10,1,0,79.1,100,88.9999999136,79.0999991114,89,100,79.1,70.19,89,79.1,89,79.0999995404
2460,0.338519876656,97,4,1,0,79.1,100,88.9999999136,79.0999991114,89,100,79.1,70.19,89,79.1,89,79.0999995404
2461,0.338494874573,98,3,1,0,79.1,100,88.9999999136,79.0999991114,89,100,79.1,70.19,89,79.1,89,79.0999995404
2462,0.338469872489,94,7,1,1.72897784978e-08,79.1,100,88.9999999308,79.0999991114,89,100,79.1,70.19,89,79.1,89,79.0999995404
2463,0.338444870406,98,3,1,0,79.1,100,88.9999999308,79.0999991114,89,100,79.1,70.19,89,79.1,89,79.0999995404
2464,0.338419868322,98,3,1,0,79.1,100,88.9999999308,79.0999991114,89,100,79.1,70.19,89,79.1,89,79.0999995404
2465,0.338394866239,98,3,1,0,79.1,100,88.9999999308,79.0999991114,89,100,79.1,70.19,89,79.1,89,79.0999995404
2466,0.338369864155,98,3,1,0,79.1,100,88.9999999308,79.0999991114,89,100,79.1,70.19,89,79.1,89,79.0999995404
2467,0.338344862072,97,4,1,0,79.1,100,88.9999999308,79.0999991114,89,100,79.1,70.19,89,79.1,89,79.0999995404
2468,0.338319859988,98,3,1,0,79.1,100,88.9999999308,79.0999991114,89,100,79.1,70.19,89,79.1,89,79.0999995404
2469,0.338294857905,95,6,1,0,79.1,100,88.9999999308,79.0999991114,89,100,79.1,70.19,89,79.1,89,79.0999995404
2470,0.338269855821,98,3,1,0,79.1,100,88.9999999308,79.0999991114,89,100,79.1,70.19,89,79.1,89,79.0999995404
2471,0.338244853738,98,3,1,0,79.1,100,88.9999999308,79.0999991114,89,100,79.1,70.19,89,79.1,89,79.0999995404
2472,0.338219851654,95,6,1,0,79.1,100,88.9999999308,79.0999991114,89,100,79.1,70.19,89,79.1,89,79.0999995404
2473,0.338194849571,94,7,1,0,79.1,100,88.9999999308,79.0999991114,89,100,79.1,70.19,89,79.1,89,79.0999995404
2474,0.338169847487,96,5,1,0,79.1,100,88.9999999308,79.0999991114,89,100,79.1,70.19,89,79.1,89,79.0999995404
2475,0.338144845404,98,3,1,0,79.1,100,88.9999999308,79.0999991114,89,100,79.1,70.19,89,79.1,89,79.0999995404
2476,0.33811984332,95,6,1,0,79.1,100,88.9999999308,79.0999991114,89,100,79.1,70.19,89,79.1,89,79.0999995404
2477,0.338094841237,94,7,1,0,79.1,100,88.9999999308,79.0999991114,89,100,79.1,70.19,89,79.1,89,79.0999995404
2478,0.338069839153,98,3,1,0,79.1,100,88.9999999308,79.0999991114,89,100,79.1,70.19,89,79.1,89,79.0999995404
2479,0.33804483707,97,4,1,0,79.1,100,88.9999999308,79.0999991114,89,100,79.1,70.19,89,79.1,89,79.0999995404
2480,0.338019834986,98,3,1,0,79.1,100,88.9999999308,79.0999991114,89,100,79.1,70.19,89,79.1,89,79.0999995404
2481,0.337994832903,98,3,1,0,79.1,100,88.9999999308,79.0999991114,89,100,79.1,70.19,89,79.1,89,79.0999995404
2482,0.337969830819,94,7,1,0,79.1,100,88.9999999308,79.0999991114,89,100,79.1,70.19,89,79.1,89,79.0999995404
2483,0.337944828736,98,3,1,0,79.1,100,88.9999999308,79.0999991114,89,100,79.1,70.19,89,79.1,89,79.0999995404
2484,0.337919826652,98,3,1,0,79.1,100,88.9999999308,79.0999991114,89,100,79.1,70.19,89,79.1,89,79.0999995404
2485,0.337894824569,98,3,1,0,79.1,100,88.9999999308,79.0999991114,89,100,79.1,70.19,89,79.1,89,79.0999995404
2486,0.337869822485,98,3,1,0,79.1,100,88.9999999308,79.0999991114,89,100,79.1,70.19,89,79.1,89,79.0999995404
2487,0.337844820402,94,7,1,9.19254006249e-08,79.1,100,88.9999999308,79.0999991114,89,100,79.1,70.19,89,79.1,89,79.0999996323
2488,0.337819818318,97,4,1,0,79.1,100,88.9999999308,79.0999991114,89,100,79.1,70.19,89,79.1,89,79.0999996323
2489,0.337794816235,93,8,1,1.77710077764e-07,79.1,100,88.9999999308,79.0999992892,89,100,79.1,70.19,89,79.1,89,79.0999996323
2490,0.337769814151,95,6,1,1.42168062212e-07,79.1,100,88.9999999308,79.0999994313,89,100,79.1,70.19,89,79.1,89,79.0999996323
2491,0.337744812068,98,3,1,0,79.1,100,88.9999999308,79.0999994313,89,100,79.1,70.19,89,79.1,89,79.0999996323
2492,0.337719809984,97,4,1,0,79.1,100,88.9999999308,79.0999994313,89,100,79.1,70.19,89,79.1,89,79.0999996323
2493,0.337694807901,98,3,1,0,79.1,100,88.9999999308,79.0999994313,89,100,79.1,70.19,89,79.1,89,79.0999996323
2494,0.337669805817,97,4,1,0,79.1,100,88.9999999308,79.0999994313,89,100,79.1,70.19,89,79.1,89,79.0999996323
2495,0.337644803734,96,5,1,0,79.1,100,88.9999999308,79.0999994313,89,100,79.1,70.19,89,79.1,89,79.0999996323
2496,0.33761980165,98,3,1,0,79.1,100,88.9999999308,79.0999994313,89,100,79.1,70.19,89,79.1,89,79.0999996323
2497,0.337594799567,97,4,1,0,79.1,100,88.9999999308,79.0999994313,89,100,79.1,70.19,89,79.1,89,79.0999996323
2498,0.337569797483,95,6,1,0,79.1,100,88.9999999308,79.0999994313,89,100,79.1,70.19,89,79.1,89,79.0999996323
2499,0.3375447954,98,3,1,0,79.1,100,88.9999999308,79.0999994313,89,100,79.1,70.19,89,79.1,89,79.0999996323
2500,0.337519793316,98,3,1,0,79.1,100,88.9999999308,79.0999994313,89,100,79.1,70.19,89,79.1,89,79.0999996323
2501,0.337494791233,97,4,1,0,79.1,100,88.9999999308,79.0999994313,89,100,79.1,70.19,89,79.1,89,79.0999996323
2502,0.337469789149,98,3,1,0,79.1,100,88.9999999308,79.0999994313,89,100,79.1,70.19,89,79.1,89,79.0999996323
2503,0.337444787066,96,5,1,0,79.1,100,88.9999999308,79.0999994313,89,100,79.1,70.19,89,79.1,89,79.0999996323
2504,0.337419784982,98,3,1,0,79.1,100,88.9999999308,79.0999994313,89,100,79.1,70.19,89,79.1,89,79.0999996323
2505,0.337394782899,98,3,1,0,79.1,100,88.9999999308,79.0999994313,89,100,79.1,70.19,89,79.1,89,79.0999996323
2506,0.337369780815,97,4,1,0,79.1,100,88.9999999308,79.0999994313,89,100,79.1,70.19,89,79.1,89,79.0999996323
2507,0.337344778732,98,3,1,0,79.1,100,88.9999999308,79.0999994313,89,100,79.1,70.19,89,79.1,89,79.0999996323
2508,0.337319776648,93,8,1,1.13734458296e-07,79.1,100,88.9999999447,79.0999995451,89,100,79.1,70.19,89,79.1,89,79.0999996323
2509,0.337294774565,86,15,1,0,79.1,100,88.9999999447,79.0999995451,89,100,79.1,70.19,89,79.1,89,79.0999996323
2510,0.337269772481,98,3,1,0,79.1,100,88.9999999447,79.0999995451,89,100,79.1,70.19,89,79.1,89,79.0999996323
2511,0.337244770398,96,5,1,0,79.1,100,88.9999999447,79.0999995451,89,100,79.1,70.19,89,79.1,89,79.0999996323
2512,0.337219768314,98,3,1,0,79.1,100,88.9999999447,79.0999995451,89,100,79.1,70.19,89,79.1,89,79.0999996323
2513,0.337194766231,98,3,1,0,79.1,100,88.9999999447,79.0999995451,89,100,79.1,70.19,89,79.1,89,79.0999996323
2514,0.337169764147,98,3,1,0,79.1,100,88.9999999447,79.0999995451,89,100,79.1,70.19,89,79.1,89,79.0999996323
2515,0.337144762064,98,3,1,0,79.1,100,88.9999999447,79.0999995451,89,100,79.1,70.19,89,79.1,89,79.0999996323
2516,0.33711975998,98,3,1,0,79.1,100,88.9999999447,79.0999995451,89,100,79.1,70.19,89,79.1,89,79.0999996323
2517,0.337094757896,98,3,1,0,79.1,100,88.9999999447,79.0999995451,89,100,79.1,70.19,89,79.1,89,79.0999996323
2518,0.337069755813,98,3,1,0,79.1,100,88.9999999447,79.0999995451,89,100,79.1,70.19,89,79.1,89,79.0999996323
2519,0.337044753729,98,3,1,0,79.1,100,88.9999999447,79.0999995451,89,100,79.1,70.19,89,79.1,89,79.0999996323
2520,0.337019751646,98,3,1,0,79.1,100,88.9999999447,79.0999995451,89,100,79.1,70.19,89,79.1,89,79.0999996323
2521,0.336994749562,98,3,1,0,79.1,100,88.9999999447,79.0999995451,89,100,79.1,70.19,89,79.1,89,79.0999996323
2522,0.336969747479,98,3,1,0,79.1,100,88.9999999447,79.0999995451,89,100,79.1,70.19,89,79.1,89,79.0999996323
2523,0.336944745395,98,3,1,0,79.1,100,88.9999999447,79.0999995451,89,100,79.1,70.19,89,79.1,89,79.0999996323
2524,0.336919743312,98,3,1,0,79.1,100,88.9999999447,79.0999995451,89,100,79.1,70.19,89,79.1,89,79.0999996323
2525,0.336894741228,98,3,1,0,79.1,100,88.9999999447,79.0999995451,89,100,79.1,70.19,89,79.1,89,79.0999996323
2526,0.336869739145,95,6,1,9.09875552679e-08,79.1,100,88.9999999447,79.099999636,89,100,79.1,70.19,89,79.1,89,79.0999996323
2527,0.336844737061,98,3,1,0,79.1,100,88.9999999447,79.099999636,89,100,79.1,70.19,89,79.1,89,79.0999996323
2528,0.336819734978,98,3,1,0,79.1,100,88.9999999447,79.099999636,89,100,79.1,70.19,89,79.1,89,79.0999996323
2529,0.336794732894,96,5,1,0,79.1,100,88.9999999447,79.099999636,89,100,79.1,70.19,89,79.1,89,79.0999996323
2530,0.336769730811,95,6,1,0,79.1,100,88.9999999447,79.099999636,89,100,79.1,70.19,89,79.1,89,79.0999996323
2531,0.336744728727,96,5,1,0,79.1,100,88.9999999447,79.099999636,89,100,79.1,70.19,89,79.1,89,79.0999996323
2532,0.336719726644,96,5,1,1.10654667651e-08,79.1,100,88.9999999557,79.099999636,89,100,79.1,70.19,89,79.1,89,79.0999996323
2533,0.33669472456,98,3,1,0,79.1,100,88.9999999557,79.099999636,89,100,79.1,70.19,89,79.1,89,79.0999996323
2534,0.336669722477,98,3,1,0,79.1,100,88.9999999557,79.099999636,89,100,79.1,70.19,89,79.1,89,79.0999996323
2535,0.336644720393,98,3,1,0,79.1,100,88.9999999557,79.099999636,89,100,79.1,70.19,89,79.1,89,79.0999996323
2536,0.33661971831,98,3,1,0,79.1,100,88.9999999557,79.099999636,89,100,79.1,70.19,89,79.1,89,79.0999996323
2537,0.336594716226,98,3,1,0,79.1,100,88.9999999557,79.099999636,89,100,79.1,70.19,89,79.1,89,79.0999996323
2538,0.336569714143,97,4,1,0,79.1,100,88.9999999557,79.099999636,89,100,79.1,70.19,89,79.1,89,79.0999996323
2539,0.336544712059,98,3,1,0,79.1,100,88.9999999557,79.099999636,89,100,79.1,70.19,89,79.1,89,79.0999996323
2540,0.336519709976,97,4,1,0,79.1,100,88.9999999557,79.099999636,89,100,79.1,70.19,89,79.1,89,79.0999996323
2541,0.336494707892,97,4,1,0,79.1,100,88.9999999557,79.099999636,89,100,79.1,70.19,89,79.1,89,79.0999996323
2542,0.336469705809,98,3,1,0,79.1,100,88.9999999557,79.099999636,89,100,79.1,70.19,89,79.1,89,79.0999996323
2543,0.336444703725,98,3,1,0,79.1,100,88.9999999557,79.099999636,89,100,79.1,70.19,89,79.1,89,79.0999996323
2544,0.336419701642,98,3,1,0,79.1,100,88.9999999557,79.099999636,89,100,79.1,70.19,89,79.1,89,79.0999996323
2545,0.336394699558,94,7,1,7.35403204999e-08,79.1,100,88.9999999557,79.099999636,89,100,79.1,70.19,89,79.1,89,79.0999997058
2546,0.336369697475,98,3,1,0,79.1,100,88.9999999557,79.099999636,89,100,79.1,70.19,89,79.1,89,79.0999997058
2547,0.336344695391,97,4,1,0,79.1,100,88.9999999557,79.099999636,89,100,79.1,70.19,89,79.1,89,79.0999997058
2548,0.336319693308,98,3,1,0,79.1,100,88.9999999557,79.099999636,89,100,79.1,70.19,89,79.1,89,79.0999997058
2549,0.336294691224,98,3,1,0,79.1,100,88.9999999557,79.099999636,89,100,79.1,70.19,89,79.1,89,79.0999997058
2550,0.336269689141,98,3,1,0,79.1,100,88.9999999557,79.099999636,89,100,79.1,70.19,89,79.1,89,79.0999997058
2551,0.336244687057,97,4,1,0,79.1,100,88.9999999557,79.099999636,89,100,79.1,70.19,89,79.1,89,79.0999997058
2552,0.336219684974,98,3,1,0,79.1,100,88.9999999557,79.099999636,89,100,79.1,70.19,89,79.1,89,79.0999997058
2553,0.33619468289,98,3,1,0,79.1,100,88.9999999557,79.099999636,89,100,79.1,70.19,89,79.1,89,79.0999997058
2554,0.336169680807,98,3,1,0,79.1,100,88.9999999557,79.099999636,89,100,79.1,70.19,89,79.1,89,79.0999997058
2555,0.336144678723,98,3,1,0,79.1,100,88.9999999557,79.099999636,89,100,79.1,70.19,89,79.1,89,79.0999997058
2556,0.33611967664,98,3,1,0,79.1,100,88.9999999557,79.099999636,89,100,79.1,70.19,89,79.1,89,79.0999997058
2557,0.336094674556,97,4,1,0,79.1,100,88.9999999557,79.099999636,89,100,79.1,70.19,89,79.1,89,79.0999997058
2558,0.336069672473,97,4,1,0,79.1,100,88.9999999557,79.099999636,89,100,79.1,70.19,89,79.1,89,79.0999997058
2559,0.336044670389,95,6,1,0,79.1,100,88.9999999557,79.099999636,89,100,79.1,70.19,89,79.1,89,79.0999997058
2560,0.336019668306,97,4,1,0,79.1,100,88.9999999557,79.099999636,89,100,79.1,70.19,89,79.1,89,79.0999997058
2561,0.335994666222,98,3,1,0,79.1,100,88.9999999557,79.099999636,89,100,79.1,70.19,89,79.1,89,79.0999997058
2562,0.335969664139,98,3,1,0,79.1,100,88.9999999557,79.099999636,89,100,79.1,70.19,89,79.1,89,79.0999997058
2563,0.335944662055,98,3,1,0,79.1,100,88.9999999557,79.099999636,89,100,79.1,70.19,89,79.1,89,79.0999997058
2564,0.335919659972,95,6,1,0,79.1,100,88.9999999557,79.099999636,89,100,79.1,70.19,89,79.1,89,79.0999997058
2565,0.335894657888,98,3,1,0,79.1,100,88.9999999557,79.099999636,89,100,79.1,70.19,89,79.1,89,79.0999997058
2566,0.335869655805,96,5,1,0,79.1,100,88.9999999557,79.099999636,89,100,79.1,70.19,89,79.1,89,79.0999997058
2567,0.335844653721,98,3,1,0,79.1,100,88.9999999557,79.099999636,89,100,79.1,70.19,89,79.1,89,79.0999997058
2568,0.335819651638,98,3,1,0,79.1,100,88.9999999557,79.099999636,89,100,79.1,70.19,89,79.1,89,79.0999997058
2569,0.335794649554,97,4,1,0,79.1,100,88.9999999557,79.099999636,89,100,79.1,70.19,89,79.1,89,79.0999997058
2570,0.335769647471,98,3,1,0,79.1,100,88.9999999557,79.099999636,89,100,79.1,70.19,89,79.1,89,79.0999997058
2571,0.335744645387,98,3,1,0,79.1,100,88.9999999557,79.099999636,89,100,79.1,70.19,89,79.1,89,79.0999997058
2572,0.335719643304,98,3,1,0,79.1,100,88.9999999557,79.099999636,89,100,79.1,70.19,89,79.1,89,79.0999997058
2573,0.33569464122,98,3,1,0,79.1,100,88.9999999557,79.099999636,89,100,79.1,70.19,89,79.1,89,79.0999997058
2574,0.335669639137,98,3,1,0,79.1,100,88.9999999557,79.099999636,89,100,79.1,70.19,89,79.1,89,79.0999997058
2575,0.335644637053,98,3,1,0,79.1,100,88.9999999557,79.099999636,89,100,79.1,70.19,89,79.1,89,79.0999997058
2576,0.33561963497,98,3,1,0,79.1,100,88.9999999557,79.099999636,89,100,79.1,70.19,89,79.1,89,79.0999997058
2577,0.335594632886,98,3,1,0,79.1,100,88.9999999557,79.099999636,89,100,79.1,70.19,89,79.1,89,79.0999997058
2578,0.335569630803,98,3,1,0,79.1,100,88.9999999557,79.099999636,89,100,79.1,70.19,89,79.1,89,79.0999997058
2579,0.335544628719,98,3,1,0,79.1,100,88.9999999557,79.099999636,89,100,79.1,70.19,89,79.1,89,79.0999997058
2580,0.335519626636,97,4,1,0,79.1,100,88.9999999557,79.099999636,89,100,79.1,70.19,89,79.1,89,79.0999997058
2581,0.335494624552,95,6,1,0,79.1,100,88.9999999557,79.099999636,89,100,79.1,70.19,89,79.1,89,79.0999997058
2582,0.335469622469,98,3,1,0,79.1,100,88.9999999557,79.099999636,89,100,79.1,70.19,89,79.1,89,79.0999997058
2583,0.335444620385,98,3,1,0,79.1,100,88.9999999557,79.099999636,89,100,79.1,70.19,89,79.1,89,79.0999997058
2584,0.335419618302,98,3,1,0,79.1,100,88.9999999557,79.099999636,89,100,79.1,70.19,89,79.1,89,79.0999997058
2585,0.335394616218,95,6,1,0,79.1,100,88.9999999557,79.099999636,89,100,79.1,70.19,89,79.1,89,79.0999997058
2586,0.335369614135,98,3,1,0,79.1,100,88.9999999557,79.099999636,89,100,79.1,70.19,89,79.1,89,79.0999997058
2587,0.335344612051,97,4,1,0,79.1,100,88.9999999557,79.099999636,89,100,79.1,70.19,89,79.1,89,79.0999997058
2588,0.335319609967,98,3,1,0,79.1,100,88.9999999557,79.099999636,89,100,79.1,70.19,89,79.1,89,79.0999997058
2589,0.335294607884,98,3,1,0,79.1,100,88.9999999557,79.099999636,89,100,79.1,70.19,89,79.1,89,79.0999997058
2590,0.3352696058,98,3,1,0,79.1,100,88.9999999557,79.099999636,89,100,79.1,70.19,89,79.1,89,79.0999997058
2591,0.335244603717,98,3,1,0,79.1,100,88.9999999557,79.099999636,89,100,79.1,70.19,89,79.1,89,79.0999997058
2592,0.335219601633,98,3,1,0,79.1,100,88.9999999557,79.099999636,89,100,79.1,70.19,89,79.1,89,79.0999997058
2593,0.33519459955,88,13,1,1.43550721532e-07,79.1,100,88.9999999557,79.0999997088,89,100,79.1,70.19,89,79.1,89,79.0999998494
2594,0.335169597466,98,3,1,0,79.1,100,88.9999999557,79.0999997088,89,100,79.1,70.19,89,79.1,89,79.0999998494
2595,0.335144595383,98,3,1,0,79.1,100,88.9999999557,79.0999997088,89,100,79.1,70.19,89,79.1,89,79.0999998494
2596,0.335119593299,97,4,1,0,79.1,100,88.9999999557,79.0999997088,89,100,79.1,70.19,89,79.1,89,79.0999998494
2597,0.335094591216,95,6,1,0,79.1,100,88.9999999557,79.0999997088,89,100,79.1,70.19,89,79.1,89,79.0999998494
2598,0.335069589132,98,3,1,0,79.1,100,88.9999999557,79.0999997088,89,100,79.1,70.19,89,79.1,89,79.0999998494
2599,0.335044587049,97,4,1,0,79.1,100,88.9999999557,79.0999997088,89,100,79.1,70.19,89,79.1,89,79.0999998494
2600,0.335019584965,94,7,1,0,79.1,100,88.9999999557,79.0999997088,89,100,79.1,70.19,89,79.1,89,79.0999998494
2601,0.334994582882,96,5,1,0,79.1,100,88.9999999557,79.0999997088,89,100,79.1,70.19,89,79.1,89,79.0999998494
2602,0.334969580798,98,3,1,0,79.1,100,88.9999999557,79.0999997088,89,100,79.1,70.19,89,79.1,89,79.0999998494
2603,0.334944578715,92,9,1,8.85236772774e-09,79.1,100,88.9999999646,79.0999997088,89,100,79.1,70.19,89,79.1,89,79.0999998494
2604,0.334919576631,98,3,1,0,79.1,100,88.9999999646,79.0999997088,89,100,79.1,70.19,89,79.1,89,79.0999998494
2605,0.334894574548,98,3,1,0,79.1,100,88.9999999646,79.0999997088,89,100,79.1,70.19,89,79.1,89,79.0999998494
2606,0.334869572464,98,3,1,0,79.1,100,88.9999999646,79.0999997088,89,100,79.1,70.19,89,79.1,89,79.0999998494
2607,0.334844570381,98,3,1,0,79.1,100,88.9999999646,79.0999997088,89,100,79.1,70.19,89,79.1,89,79.0999998494
2608,0.334819568297,98,3,1,0,79.1,100,88.9999999646,79.0999997088,89,100,79.1,70.19,89,79.1,89,79.0999998494
2609,0.334794566214,98,3,1,0,79.1,100,88.9999999646,79.0999997088,89,100,79.1,70.19,89,79.1,89,79.0999998494
2610,0.33476956413,98,3,1,0,79.1,100,88.9999999646,79.0999997088,89,100,79.1,70.19,89,79.1,89,79.0999998494
2611,0.334744562047,93,8,1,5.82320467402e-08,79.1,100,88.9999999646,79.0999997671,89,100,79.1,70.19,89,79.1,89,79.0999998494
2612,0.334719559963,93,8,1,4.65856260234e-08,79.1,100,88.9999999646,79.0999998137,89,100,79.1,70.19,89,79.1,89,79.0999998494
2613,0.33469455788,98,3,1,0,79.1,100,88.9999999646,79.0999998137,89,100,79.1,70.19,89,79.1,89,79.0999998494
2614,0.334669555796,98,3,1,0,79.1,100,88.9999999646,79.0999998137,89,100,79.1,70.19,89,79.1,89,79.0999998494
2615,0.334644553713,98,3,1,0,79.1,100,88.9999999646,79.0999998137,89,100,79.1,70.19,89,79.1,89,79.0999998494
2616,0.334619551629,98,3,1,0,79.1,100,88.9999999646,79.0999998137,89,100,79.1,70.19,89,79.1,89,79.0999998494
2617,0.334594549546,98,3,1,0,79.1,100,88.9999999646,79.0999998137,89,100,79.1,70.19,89,79.1,89,79.0999998494
2618,0.334569547462,98,3,1,0,79.1,100,88.9999999646,79.0999998137,89,100,79.1,70.19,89,79.1,89,79.0999998494
2619,0.334544545379,98,3,1,0,79.1,100,88.9999999646,79.0999998137,89,100,79.1,70.19,89,79.1,89,79.0999998494
2620,0.334519543295,95,6,1,0,79.1,100,88.9999999646,79.0999998137,89,100,79.1,70.19,89,79.1,89,79.0999998494
2621,0.334494541212,98,3,1,0,79.1,100,88.9999999646,79.0999998137,89,100,79.1,70.19,89,79.1,89,79.0999998494
2622,0.334469539128,95,6,1,3.01221234622e-08,79.1,100,88.9999999646,79.0999998137,89,100,79.1,70.19,89,79.1,89,79.0999998795
2623,0.334444537045,98,3,1,0,79.1,100,88.9999999646,79.0999998137,89,100,79.1,70.19,89,79.1,89,79.0999998795
2624,0.334419534961,97,4,1,0,79.1,100,88.9999999646,79.0999998137,89,100,79.1,70.19,89,79.1,89,79.0999998795
2625,0.334394532878,98,3,1,0,79.1,100,88.9999999646,79.0999998137,89,100,79.1,70.19,89,79.1,89,79.0999998795
2626,0.334369530794,97,4,1,0,79.1,100,88.9999999646,79.0999998137,89,100,79.1,70.19,89,79.1,89,79.0999998795
2627,0.334344528711,97,4,1,0,79.1,100,88.9999999646,79.0999998137,89,100,79.1,70.19,89,79.1,89,79.0999998795
2628,0.334319526627,98,3,1,0,79.1,100,88.9999999646,79.0999998137,89,100,79.1,70.19,89,79.1,89,79.0999998795
2629,0.334294524544,98,3,1,0,79.1,100,88.9999999646,79.0999998137,89,100,79.1,70.19,89,79.1,89,79.0999998795
2630,0.33426952246,98,3,1,0,79.1,100,88.9999999646,79.0999998137,89,100,79.1,70.19,89,79.1,89,79.0999998795
2631,0.334244520377,96,5,1,0,79.1,100,88.9999999646,79.0999998137,89,100,79.1,70.19,89,79.1,89,79.0999998795
2632,0.334219518293,94,7,1,0,79.1,100,88.9999999646,79.0999998137,89,100,79.1,70.19,89,79.1,89,79.0999998795
2633,0.33419451621,98,3,1,0,79.1,100,88.9999999646,79.0999998137,89,100,79.1,70.19,89,79.1,89,79.0999998795
2634,0.334169514126,94,7,1,0,79.1,100,88.9999999646,79.0999998137,89,100,79.1,70.19,89,79.1,89,79.0999998795
2635,0.334144512043,98,3,1,0,79.1,100,88.9999999646,79.0999998137,89,100,79.1,70.19,89,79.1,89,79.0999998795
2636,0.334119509959,88,13,1,2.40976874011e-08,79.1,100,88.9999999646,79.0999998137,89,100,79.1,70.19,89,79.1,89,79.0999999036
2637,0.334094507876,97,4,1,0,79.1,100,88.9999999646,79.0999998137,89,100,79.1,70.19,89,79.1,89,79.0999999036
2638,0.334069505792,96,5,1,0,79.1,100,88.9999999646,79.0999998137,89,100,79.1,70.19,89,79.1,89,79.0999999036
2639,0.334044503709,97,4,1,0,79.1,100,88.9999999646,79.0999998137,89,100,79.1,70.19,89,79.1,89,79.0999999036
2640,0.334019501625,98,3,1,0,79.1,100,88.9999999646,79.0999998137,89,100,79.1,70.19,89,79.1,89,79.0999999036
2641,0.333994499542,98,3,1,0,79.1,100,88.9999999646,79.0999998137,89,100,79.1,70.19,89,79.1,89,79.0999999036
2642,0.333969497458,98,3,1,0,79.1,100,88.9999999646,79.0999998137,89,100,79.1,70.19,89,79.1,89,79.0999999036
2643,0.333944495375,98,3,1,0,79.1,100,88.9999999646,79.0999998137,89,100,79.1,70.19,89,79.1,89,79.0999999036
2644,0.333919493291,95,6,1,0,79.1,100,88.9999999646,79.0999998137,89,100,79.1,70.19,89,79.1,89,79.0999999036
2645,0.333894491208,98,3,1,0,79.1,100,88.9999999646,79.0999998137,89,100,79.1,70.19,89,79.1,89,79.0999999036
2646,0.333869489124,98,3,1,0,79.1,100,88.9999999646,79.0999998137,89,100,79.1,70.19,89,79.1,89,79.0999999036
2647,0.333844487041,98,3,1,0,79.1,100,88.9999999646,79.0999998137,89,100,79.1,70.19,89,79.1,89,79.0999999036
2648,0.333819484957,98,3,1,0,79.1,100,88.9999999646,79.0999998137,89,100,79.1,70.19,89,79.1,89,79.0999999036
2649,0.333794482874,96,5,1,0,79.1,100,88.9999999646,79.0999998137,89,100,79.1,70.19,89,79.1,89,79.0999999036
2650,0.33376948079,98,3,1,0,79.1,100,88.9999999646,79.0999998137,89,100,79.1,70.19,89,79.1,89,79.0999999036
2651,0.333744478707,98,3,1,0,79.1,100,88.9999999646,79.0999998137,89,100,79.1,70.19,89,79.1,89,79.0999999036
2652,0.333719476623,98,3,1,0,79.1,100,88.9999999646,79.0999998137,89,100,79.1,70.19,89,79.1,89,79.0999999036
2653,0.33369447454,98,3,1,0,79.1,100,88.9999999646,79.0999998137,89,100,79.1,70.19,89,79.1,89,79.0999999036
2654,0.333669472456,90,11,1,0,79.1,100,88.9999999646,79.0999998137,89,100,79.1,70.19,89,79.1,89,79.0999999036
2655,0.333644470373,98,3,1,0,79.1,100,88.9999999646,79.0999998137,89,100,79.1,70.19,89,79.1,89,79.0999999036
2656,0.333619468289,98,3,1,0,79.1,100,88.9999999646,79.0999998137,89,100,79.1,70.19,89,79.1,89,79.0999999036
2657,0.333594466206,98,3,1,0,79.1,100,88.9999999646,79.0999998137,89,100,79.1,70.19,89,79.1,89,79.0999999036
2658,0.333569464122,98,3,1,0,79.1,100,88.9999999646,79.0999998137,89,100,79.1,70.19,89,79.1,89,79.0999999036
2659,0.333544462039,98,3,1,0,79.1,100,88.9999999646,79.0999998137,89,100,79.1,70.19,89,79.1,89,79.0999999036
2660,0.333519459955,96,5,1,0,79.1,100,88.9999999646,79.0999998137,89,100,79.1,70.19,89,79.1,89,79.0999999036
2661,0.333494457871,98,3,1,0,79.1,100,88.9999999646,79.0999998137,89,100,79.1,70.19,89,79.1,89,79.0999999036
2662,0.333469455788,97,4,1,0,79.1,100,88.9999999646,79.0999998137,89,100,79.1,70.19,89,79.1,89,79.0999999036
2663,0.333444453704,98,3,1,0,79.1,100,88.9999999646,79.0999998137,89,100,79.1,70.19,89,79.1,89,79.0999999036
2664,0.333419451621,98,3,1,0,79.1,100,88.9999999646,79.0999998137,89,100,79.1,70.19,89,79.1,89,79.0999999036
2665,0.333394449537,98,3,1,0,79.1,100,88.9999999646,79.0999998137,89,100,79.1,70.19,89,79.1,89,79.0999999036
2666,0.333369447454,98,3,1,0,79.1,100,88.9999999646,79.0999998137,89,100,79.1,70.19,89,79.1,89,79.0999999036
2667,0.33334444537,98,3,1,0,79.1,100,88.9999999646,79.0999998137,89,100,79.1,70.19,89,79.1,89,79.0999999036
2668,0.333319443287,98,3,1,0,79.1,100,88.9999999646,79.0999998137,89,100,79.1,70.19,89,79.1,89,79.0999999036
2669,0.333294441203,98,3,1,0,79.1,100,88.9999999646,79.0999998137,89,100,79.1,70.19,89,79.1,89,79.0999999036
2670,0.33326943912,98,3,1,0,79.1,100,88.9999999646,79.0999998137,89,100,79.1,70.19,89,79.1,89,79.0999999036
2671,0.333244437036,98,3,1,0,79.1,100,88.9999999646,79.0999998137,89,100,79.1,70.19,89,79.1,89,79.0999999036
2672,0.333219434953,98,3,1,0,79.1,100,88.9999999646,79.0999998137,89,100,79.1,70.19,89,79.1,89,79.0999999036
2673,0.333194432869,96,5,1,0,79.1,100,88.9999999646,79.0999998137,89,100,79.1,70.19,89,79.1,89,79.0999999036
2674,0.333169430786,98,3,1,0,79.1,100,88.9999999646,79.0999998137,89,100,79.1,70.19,89,79.1,89,79.0999999036
2675,0.333144428702,98,3,1,0,79.1,100,88.9999999646,79.0999998137,89,100,79.1,70.19,89,79.1,89,79.0999999036
2676,0.333119426619,96,5,1,0,79.1,100,88.9999999646,79.0999998137,89,100,79.1,70.19,89,79.1,89,79.0999999036
2677,0.333094424535,97,4,1,0,79.1,100,88.9999999646,79.0999998137,89,100,79.1,70.19,89,79.1,89,79.0999999036
2678,0.333069422452,96,5,1,0,79.1,100,88.9999999646,79.0999998137,89,100,79.1,70.19,89,79.1,89,79.0999999036
2679,0.333044420368,98,3,1,0,79.1,100,88.9999999646,79.0999998137,89,100,79.1,70.19,89,79.1,89,79.0999999036
2680,0.333019418285,98,3,1,0,79.1,100,88.9999999646,79.0999998137,89,100,79.1,70.19,89,79.1,89,79.0999999036
2681,0.332994416201,98,3,1,0,79.1,100,88.9999999646,79.0999998137,89,100,79.1,70.19,89,79.1,89,79.0999999036
2682,0.332969414118,97,4,1,0,79.1,100,88.9999999646,79.0999998137,89,100,79.1,70.19,89,79.1,89,79.0999999036
2683,0.332944412034,98,3,1,0,79.1,100,88.9999999646,79.0999998137,89,100,79.1,70.19,89,79.1,89,79.0999999036
2684,0.332919409951,98,3,1,0,79.1,100,88.9999999646,79.0999998137,89,100,79.1,70.19,89,79.1,89,79.0999999036
2685,0.332894407867,98,3,1,0,79.1,100,88.9999999646,79.0999998137,89,100,79.1,70.19,89,79.1,89,79.0999999036
2686,0.332869405784,97,4,1,0,79.1,100,88.9999999646,79.0999998137,89,100,79.1,70.19,89,79.1,89,79.0999999036
2687,0.3328444037,94,7,1,0,79.1,100,88.9999999646,79.0999998137,89,100,79.1,70.19,89,79.1,89,79.0999999036
2688,0.332819401617,98,3,1,0,79.1,100,88.9999999646,79.0999998137,89,100,79.1,70.19,89,79.1,89,79.0999999036
2689,0.332794399533,98,3,1,0,79.1,100,88.9999999646,79.0999998137,89,100,79.1,70.19,89,79.1,89,79.0999999036
2690,0.33276939745,98,3,1,0,79.1,100,88.9999999646,79.0999998137,89,100,79.1,70.19,89,79.1,89,79.0999999036
2691,0.332744395366,95,6,1,1.92781612895e-08,79.1,100,88.9999999646,79.0999998137,89,100,79.1,70.19,89,79.1,89,79.0999999229
2692,0.332719393283,98,3,1,0,79.1,100,88.9999999646,79.0999998137,89,100,79.1,70.19,89,79.1,89,79.0999999229
2693,0.332694391199,94,7,1,7.08189418219e-09,79.1,100,88.9999999717,79.0999998137,89,100,79.1,70.19,89,79.1,89,79.0999999229
2694,0.332669389116,98,3,1,0,79.1,100,88.9999999717,79.0999998137,89,100,79.1,70.19,89,79.1,89,79.0999999229
2695,0.332644387032,95,6,1,1.54225290316e-08,79.1,100,88.9999999717,79.0999998137,89,100,79.1,70.19,89,79.1,89,79.0999999383
2696,0.332619384949,98,3,1,0,79.1,100,88.9999999717,79.0999998137,89,100,79.1,70.19,89,79.1,89,79.0999999383
2697,0.332594382865,98,3,1,0,79.1,100,88.9999999717,79.0999998137,89,100,79.1,70.19,89,79.1,89,79.0999999383
2698,0.332569380782,98,3,1,0,79.1,100,88.9999999717,79.0999998137,89,100,79.1,70.19,89,79.1,89,79.0999999383
2699,0.332544378698,98,3,1,0,79.1,100,88.9999999717,79.0999998137,89,100,79.1,70.19,89,79.1,89,79.0999999383
2700,0.332519376615,98,3,1,0,79.1,100,88.9999999717,79.0999998137,89,100,79.1,70.19,89,79.1,89,79.0999999383
2701,0.332494374531,95,6,1,1.23380203831e-08,79.1,100,88.9999999717,79.0999998137,89,100,79.1,70.19,89,79.1,89,79.0999999506
2702,0.332469372448,94,7,1,0,79.1,100,88.9999999717,79.0999998137,89,100,79.1,70.19,89,79.1,89,79.0999999506
2703,0.332444370364,98,3,1,0,79.1,100,88.9999999717,79.0999998137,89,100,79.1,70.19,89,79.1,89,79.0999999506
2704,0.332419368281,91,10,1,9.09351456357e-08,79.1,100,88.9999999717,79.0999999046,89,100,79.1,70.19,89,79.1,89,79.0999999506
2705,0.332394366197,94,7,1,0,79.1,100,88.9999999717,79.0999999046,89,100,79.1,70.19,89,79.1,89,79.0999999506
2706,0.332369364114,98,3,1,0,79.1,100,88.9999999717,79.0999999046,89,100,79.1,70.19,89,79.1,89,79.0999999506
2707,0.33234436203,98,3,1,0,79.1,100,88.9999999717,79.0999999046,89,100,79.1,70.19,89,79.1,89,79.0999999506
2708,0.332319359947,97,4,1,0,79.1,100,88.9999999717,79.0999999046,89,100,79.1,70.19,89,79.1,89,79.0999999506
2709,0.332294357863,96,5,1,0,79.1,100,88.9999999717,79.0999999046,89,100,79.1,70.19,89,79.1,89,79.0999999506
2710,0.33226935578,98,3,1,0,79.1,100,88.9999999717,79.0999999046,89,100,79.1,70.19,89,79.1,89,79.0999999506
2711,0.332244353696,98,3,1,0,79.1,100,88.9999999717,79.0999999046,89,100,79.1,70.19,89,79.1,89,79.0999999506
2712,0.332219351613,98,3,1,0,79.1,100,88.9999999717,79.0999999046,89,100,79.1,70.19,89,79.1,89,79.0999999506
2713,0.332194349529,98,3,1,0,79.1,100,88.9999999717,79.0999999046,89,100,79.1,70.19,89,79.1,89,79.0999999506
2714,0.332169347446,98,3,1,0,79.1,100,88.9999999717,79.0999999046,89,100,79.1,70.19,89,79.1,89,79.0999999506
2715,0.332144345362,98,3,1,0,79.1,100,88.9999999717,79.0999999046,89,100,79.1,70.19,89,79.1,89,79.0999999506
2716,0.332119343279,98,3,1,0,79.1,100,88.9999999717,79.0999999046,89,100,79.1,70.19,89,79.1,89,79.0999999506
2717,0.332094341195,98,3,1,0,79.1,100,88.9999999717,79.0999999046,89,100,79.1,70.19,89,79.1,89,79.0999999506
2718,0.332069339112,97,4,1,0,79.1,100,88.9999999717,79.0999999046,89,100,79.1,70.19,89,79.1,89,79.0999999506
2719,0.332044337028,98,3,1,0,79.1,100,88.9999999717,79.0999999046,89,100,79.1,70.19,89,79.1,89,79.0999999506
2720,0.332019334945,94,7,1,9.87041914868e-09,79.1,100,88.9999999717,79.0999999046,89,100,79.1,70.19,89,79.1,89,79.0999999605
2721,0.331994332861,98,3,1,0,79.1,100,88.9999999717,79.0999999046,89,100,79.1,70.19,89,79.1,89,79.0999999605
2722,0.331969330778,98,3,1,0,79.1,100,88.9999999717,79.0999999046,89,100,79.1,70.19,89,79.1,89,79.0999999605
2723,0.331944328694,98,3,1,0,79.1,100,88.9999999717,79.0999999046,89,100,79.1,70.19,89,79.1,89,79.0999999605
2724,0.331919326611,98,3,1,0,79.1,100,88.9999999717,79.0999999046,89,100,79.1,70.19,89,79.1,89,79.0999999605
2725,0.331894324527,98,3,1,0,79.1,100,88.9999999717,79.0999999046,89,100,79.1,70.19,89,79.1,89,79.0999999605
2726,0.331869322444,98,3,1,0,79.1,100,88.9999999717,79.0999999046,89,100,79.1,70.19,89,79.1,89,79.0999999605
2727,0.33184432036,97,4,1,0,79.1,100,88.9999999717,79.0999999046,89,100,79.1,70.19,89,79.1,89,79.0999999605
2728,0.331819318277,98,3,1,0,79.1,100,88.9999999717,79.0999999046,89,100,79.1,70.19,89,79.1,89,79.0999999605
2729,0.331794316193,98,3,1,0,79.1,100,88.9999999717,79.0999999046,89,100,79.1,70.19,89,79.1,89,79.0999999605
2730,0.33176931411,96,5,1,5.66551250358e-09,79.1,100,88.9999999773,79.0999999046,89,100,79.1,70.19,89,79.1,89,79.0999999605
2731,0.331744312026,97,4,1,0,79.1,100,88.9999999773,79.0999999046,89,100,79.1,70.19,89,79.1,89,79.0999999605
2732,0.331719309942,98,3,1,0,79.1,100,88.9999999773,79.0999999046,89,100,79.1,70.19,89,79.1,89,79.0999999605
2733,0.331694307859,98,3,1,0,79.1,100,88.9999999773,79.0999999046,89,100,79.1,70.19,89,79.1,89,79.0999999605
2734,0.331669305775,98,3,1,0,79.1,100,88.9999999773,79.0999999046,89,100,79.1,70.19,89,79.1,89,79.0999999605
2735,0.331644303692,97,4,1,0,79.1,100,88.9999999773,79.0999999046,89,100,79.1,70.19,89,79.1,89,79.0999999605
2736,0.331619301608,98,3,1,0,79.1,100,88.9999999773,79.0999999046,89,100,79.1,70.19,89,79.1,89,79.0999999605
2737,0.331594299525,96,5,1,7.89633247678e-09,79.1,100,88.9999999773,79.0999999046,89,100,79.1,70.19,89,79.1,89,79.0999999684
2738,0.331569297441,98,3,1,0,79.1,100,88.9999999773,79.0999999046,89,100,79.1,70.19,89,79.1,89,79.0999999684
2739,0.331544295358,96,5,1,0,79.1,100,88.9999999773,79.0999999046,89,100,79.1,70.19,89,79.1,89,79.0999999684
2740,0.331519293274,96,5,1,0,79.1,100,88.9999999773,79.0999999046,89,100,79.1,70.19,89,79.1,89,79.0999999684
2741,0.331494291191,98,3,1,0,79.1,100,88.9999999773,79.0999999046,89,100,79.1,70.19,89,79.1,89,79.0999999684
2742,0.331469289107,98,3,1,0,79.1,100,88.9999999773,79.0999999046,89,100,79.1,70.19,89,79.1,89,79.0999999684
2743,0.331444287024,94,7,1,0,79.1,100,88.9999999773,79.0999999046,89,100,79.1,70.19,89,79.1,89,79.0999999684
2744,0.33141928494,98,3,1,0,79.1,100,88.9999999773,79.0999999046,89,100,79.1,70.19,89,79.1,89,79.0999999684
2745,0.331394282857,98,3,1,0,79.1,100,88.9999999773,79.0999999046,89,100,79.1,70.19,89,79.1,89,79.0999999684
2746,0.331369280773,94,7,1,0,79.1,100,88.9999999773,79.0999999046,89,100,79.1,70.19,89,79.1,89,79.0999999684
2747,0.33134427869,98,3,1,0,79.1,100,88.9999999773,79.0999999046,89,100,79.1,70.19,89,79.1,89,79.0999999684
2748,0.331319276606,98,3,1,0,79.1,100,88.9999999773,79.0999999046,89,100,79.1,70.19,89,79.1,89,79.0999999684
2749,0.331294274523,94,7,1,0,79.1,100,88.9999999773,79.0999999046,89,100,79.1,70.19,89,79.1,89,79.0999999684
2750,0.331269272439,98,3,1,0,79.1,100,88.9999999773,79.0999999046,89,100,79.1,70.19,89,79.1,89,79.0999999684
2751,0.331244270356,98,3,1,0,79.1,100,88.9999999773,79.0999999046,89,100,79.1,70.19,89,79.1,89,79.0999999684
2752,0.331219268272,96,5,1,0,79.1,100,88.9999999773,79.0999999046,89,100,79.1,70.19,89,79.1,89,79.0999999684
2753,0.331194266189,98,3,1,0,79.1,100,88.9999999773,79.0999999046,89,100,79.1,70.19,89,79.1,89,79.0999999684
2754,0.331169264105,98,3,1,0,79.1,100,88.9999999773,79.0999999046,89,100,79.1,70.19,89,79.1,89,79.0999999684
2755,0.331144262022,98,3,1,0,79.1,100,88.9999999773,79.0999999046,89,100,79.1,70.19,89,79.1,89,79.0999999684
2756,0.331119259938,98,3,1,0,79.1,100,88.9999999773,79.0999999046,89,100,79.1,70.19,89,79.1,89,79.0999999684
2757,0.331094257855,98,3,1,0,79.1,100,88.9999999773,79.0999999046,89,100,79.1,70.19,89,79.1,89,79.0999999684
2758,0.331069255771,97,4,1,0,79.1,100,88.9999999773,79.0999999046,89,100,79.1,70.19,89,79.1,89,79.0999999684
2759,0.331044253688,98,3,1,0,79.1,100,88.9999999773,79.0999999046,89,100,79.1,70.19,89,79.1,89,79.0999999684
2760,0.331019251604,98,3,1,0,79.1,100,88.9999999773,79.0999999046,89,100,79.1,70.19,89,79.1,89,79.0999999684
2761,0.330994249521,98,3,1,0,79.1,100,88.9999999773,79.0999999046,89,100,79.1,70.19,89,79.1,89,79.0999999684
2762,0.330969247437,92,9,1,6.31706598142e-09,79.1,100,88.9999999773,79.0999999046,89,100,79.1,70.19,89,79.1,89,79.0999999747
2763,0.330944245354,98,3,1,0,79.1,100,88.9999999773,79.0999999046,89,100,79.1,70.19,89,79.1,89,79.0999999747
2764,0.33091924327,98,3,1,0,79.1,100,88.9999999773,79.0999999046,89,100,79.1,70.19,89,79.1,89,79.0999999747
2765,0.330894241187,98,3,1,0,79.1,100,88.9999999773,79.0999999046,89,100,79.1,70.19,89,79.1,89,79.0999999747
2766,0.330869239103,98,3,1,0,79.1,100,88.9999999773,79.0999999046,89,100,79.1,70.19,89,79.1,89,79.0999999747
2767,0.33084423702,98,3,1,0,79.1,100,88.9999999773,79.0999999046,89,100,79.1,70.19,89,79.1,89,79.0999999747
2768,0.330819234936,98,3,1,0,79.1,100,88.9999999773,79.0999999046,89,100,79.1,70.19,89,79.1,89,79.0999999747
2769,0.330794232853,97,4,1,0,79.1,100,88.9999999773,79.0999999046,89,100,79.1,70.19,89,79.1,89,79.0999999747
2770,0.330769230769,95,6,1,1.90814830603e-08,79.1,100,88.9999999773,79.0999999237,89,100,79.1,70.19,89,79.1,89,79.0999999747
2771,0.330744228686,98,3,1,0,79.1,100,88.9999999773,79.0999999237,89,100,79.1,70.19,89,79.1,89,79.0999999747
2772,0.330719226602,95,6,1,0,79.1,100,88.9999999773,79.0999999237,89,100,79.1,70.19,89,79.1,89,79.0999999747
2773,0.330694224519,94,7,1,0,79.1,100,88.9999999773,79.0999999237,89,100,79.1,70.19,89,79.1,89,79.0999999747
2774,0.330669222435,98,3,1,0,79.1,100,88.9999999773,79.0999999237,89,100,79.1,70.19,89,79.1,89,79.0999999747
2775,0.330644220352,98,3,1,0,79.1,100,88.9999999773,79.0999999237,89,100,79.1,70.19,89,79.1,89,79.0999999747
2776,0.330619218268,95,6,1,0,79.1,100,88.9999999773,79.0999999237,89,100,79.1,70.19,89,79.1,89,79.0999999747
2777,0.330594216185,96,5,1,4.53241000287e-09,79.1,100,88.9999999819,79.0999999237,89,100,79.1,70.19,89,79.1,89,79.0999999747
2778,0.330569214101,97,4,1,0,79.1,100,88.9999999819,79.0999999237,89,100,79.1,70.19,89,79.1,89,79.0999999747
2779,0.330544212018,98,3,1,0,79.1,100,88.9999999819,79.0999999237,89,100,79.1,70.19,89,79.1,89,79.0999999747
2780,0.330519209934,98,3,1,0,79.1,100,88.9999999819,79.0999999237,89,100,79.1,70.19,89,79.1,89,79.0999999747
2781,0.330494207851,98,3,1,0,79.1,100,88.9999999819,79.0999999237,89,100,79.1,70.19,89,79.1,89,79.0999999747
2782,0.330469205767,98,3,1,0,79.1,100,88.9999999819,79.0999999237,89,100,79.1,70.19,89,79.1,89,79.0999999747
2783,0.330444203684,97,4,1,0,79.1,100,88.9999999819,79.0999999237,89,100,79.1,70.19,89,79.1,89,79.0999999747
2784,0.3304192016,98,3,1,0,79.1,100,88.9999999819,79.0999999237,89,100,79.1,70.19,89,79.1,89,79.0999999747
2785,0.330394199517,98,3,1,0,79.1,100,88.9999999819,79.0999999237,89,100,79.1,70.19,89,79.1,89,79.0999999747
2786,0.330369197433,98,3,1,0,79.1,100,88.9999999819,79.0999999237,89,100,79.1,70.19,89,79.1,89,79.0999999747
2787,0.33034419535,98,3,1,0,79.1,100,88.9999999819,79.0999999237,89,100,79.1,70.19,89,79.1,89,79.0999999747
2788,0.330319193266,97,4,1,0,79.1,100,88.9999999819,79.0999999237,89,100,79.1,70.19,89,79.1,89,79.0999999747
2789,0.330294191183,96,5,1,0,79.1,100,88.9999999819,79.0999999237,89,100,79.1,70.19,89,79.1,89,79.0999999747
2790,0.330269189099,98,3,1,0,79.1,100,88.9999999819,79.0999999237,89,100,79.1,70.19,89,79.1,89,79.0999999747
2791,0.330244187016,96,5,1,0,79.1,100,88.9999999819,79.0999999237,89,100,79.1,70.19,89,79.1,89,79.0999999747
2792,0.330219184932,98,3,1,0,79.1,100,88.9999999819,79.0999999237,89,100,79.1,70.19,89,79.1,89,79.0999999747
2793,0.330194182849,97,4,1,0,79.1,100,88.9999999819,79.0999999237,89,100,79.1,70.19,89,79.1,89,79.0999999747
2794,0.330169180765,97,4,1,0,79.1,100,88.9999999819,79.0999999237,89,100,79.1,70.19,89,79.1,89,79.0999999747
2795,0.330144178682,94,7,1,5.05364994297e-09,79.1,100,88.9999999819,79.0999999237,89,100,79.1,70.19,89,79.1,89,79.0999999798
2796,0.330119176598,95,6,1,1.52651864482e-08,79.1,100,88.9999999819,79.0999999389,89,100,79.1,70.19,89,79.1,89,79.0999999798
2797,0.330094174515,98,3,1,0,79.1,100,88.9999999819,79.0999999389,89,100,79.1,70.19,89,79.1,89,79.0999999798
2798,0.330069172431,98,3,1,0,79.1,100,88.9999999819,79.0999999389,89,100,79.1,70.19,89,79.1,89,79.0999999798
2799,0.330044170348,97,4,1,0,79.1,100,88.9999999819,79.0999999389,89,100,79.1,70.19,89,79.1,89,79.0999999798
2800,0.330019168264,98,3,1,0,79.1,100,88.9999999819,79.0999999389,89,100,79.1,70.19,89,79.1,89,79.0999999798
2801,0.329994166181,98,3,1,0,79.1,100,88.9999999819,79.0999999389,89,100,79.1,70.19,89,79.1,89,79.0999999798
2802,0.329969164097,98,3,1,0,79.1,100,88.9999999819,79.0999999389,89,100,79.1,70.19,89,79.1,89,79.0999999798
2803,0.329944162014,98,3,1,0,79.1,100,88.9999999819,79.0999999389,89,100,79.1,70.19,89,79.1,89,79.0999999798
2804,0.32991915993,94,7,1,0,79.1,100,88.9999999819,79.0999999389,89,100,79.1,70.19,89,79.1,89,79.0999999798
2805,0.329894157846,98,3,1,0,79.1,100,88.9999999819,79.0999999389,89,100,79.1,70.19,89,79.1,89,79.0999999798
2806,0.329869155763,98,3,1,0,79.1,100,88.9999999819,79.0999999389,89,100,79.1,70.19,89,79.1,89,79.0999999798
2807,0.329844153679,96,5,1,3.62592800229e-09,79.1,100,88.9999999855,79.0999999389,89,100,79.1,70.19,89,79.1,89,79.0999999798
2808,0.329819151596,98,3,1,0,79.1,100,88.9999999855,79.0999999389,89,100,79.1,70.19,89,79.1,89,79.0999999798
2809,0.329794149512,98,3,1,0,79.1,100,88.9999999855,79.0999999389,89,100,79.1,70.19,89,79.1,89,79.0999999798
2810,0.329769147429,92,9,1,0,79.1,100,88.9999999855,79.0999999389,89,100,79.1,70.19,89,79.1,89,79.0999999798
2811,0.329744145345,98,3,1,0,79.1,100,88.9999999855,79.0999999389,89,100,79.1,70.19,89,79.1,89,79.0999999798
2812,0.329719143262,98,3,1,0,79.1,100,88.9999999855,79.0999999389,89,100,79.1,70.19,89,79.1,89,79.0999999798
2813,0.329694141178,98,3,1,0,79.1,100,88.9999999855,79.0999999389,89,100,79.1,70.19,89,79.1,89,79.0999999798
2814,0.329669139095,98,3,1,0,79.1,100,88.9999999855,79.0999999389,89,100,79.1,70.19,89,79.1,89,79.0999999798
2815,0.329644137011,97,4,1,0,79.1,100,88.9999999855,79.0999999389,89,100,79.1,70.19,89,79.1,89,79.0999999798
2816,0.329619134928,98,3,1,0,79.1,100,88.9999999855,79.0999999389,89,100,79.1,70.19,89,79.1,89,79.0999999798
2817,0.329594132844,97,4,1,0,79.1,100,88.9999999855,79.0999999389,89,100,79.1,70.19,89,79.1,89,79.0999999798
2818,0.329569130761,98,3,1,0,79.1,100,88.9999999855,79.0999999389,89,100,79.1,70.19,89,79.1,89,79.0999999798
2819,0.329544128677,95,6,1,1.22121406321e-08,79.1,100,88.9999999855,79.0999999512,89,100,79.1,70.19,89,79.1,89,79.0999999798
2820,0.329519126594,98,3,1,0,79.1,100,88.9999999855,79.0999999512,89,100,79.1,70.19,89,79.1,89,79.0999999798
2821,0.32949412451,96,5,1,0,79.1,100,88.9999999855,79.0999999512,89,100,79.1,70.19,89,79.1,89,79.0999999798
2822,0.329469122427,98,3,1,0,79.1,100,88.9999999855,79.0999999512,89,100,79.1,70.19,89,79.1,89,79.0999999798
2823,0.329444120343,96,5,1,0,79.1,100,88.9999999855,79.0999999512,89,100,79.1,70.19,89,79.1,89,79.0999999798
2824,0.32941911826,98,3,1,0,79.1,100,88.9999999855,79.0999999512,89,100,79.1,70.19,89,79.1,89,79.0999999798
2825,0.329394116176,96,5,1,0,79.1,100,88.9999999855,79.0999999512,89,100,79.1,70.19,89,79.1,89,79.0999999798
2826,0.329369114093,97,4,1,0,79.1,100,88.9999999855,79.0999999512,89,100,79.1,70.19,89,79.1,89,79.0999999798
2827,0.329344112009,98,3,1,0,79.1,100,88.9999999855,79.0999999512,89,100,79.1,70.19,89,79.1,89,79.0999999798
2828,0.329319109926,98,3,1,0,79.1,100,88.9999999855,79.0999999512,89,100,79.1,70.19,89,79.1,89,79.0999999798
2829,0.329294107842,96,5,1,0,79.1,100,88.9999999855,79.0999999512,89,100,79.1,70.19,89,79.1,89,79.0999999798
2830,0.329269105759,96,5,1,0,79.1,100,88.9999999855,79.0999999512,89,100,79.1,70.19,89,79.1,89,79.0999999798
2831,0.329244103675,98,3,1,0,79.1,100,88.9999999855,79.0999999512,89,100,79.1,70.19,89,79.1,89,79.0999999798
2832,0.329219101592,98,3,1,0,79.1,100,88.9999999855,79.0999999512,89,100,79.1,70.19,89,79.1,89,79.0999999798
2833,0.329194099508,92,9,1,7.27725080196e-09,79.1,100,88.9999999855,79.0999999512,89,100,79.1,70.19,89,79.1,89,79.0999999871
2834,0.329169097425,97,4,1,0,79.1,100,88.9999999855,79.0999999512,89,100,79.1,70.19,89,79.1,89,79.0999999871
2835,0.329144095341,98,3,1,0,79.1,100,88.9999999855,79.0999999512,89,100,79.1,70.19,89,79.1,89,79.0999999871
2836,0.329119093258,98,3,1,0,79.1,100,88.9999999855,79.0999999512,89,100,79.1,70.19,89,79.1,89,79.0999999871
2837,0.329094091174,98,3,1,0,79.1,100,88.9999999855,79.0999999512,89,100,79.1,70.19,89,79.1,89,79.0999999871
2838,0.329069089091,98,3,1,0,79.1,100,88.9999999855,79.0999999512,89,100,79.1,70.19,89,79.1,89,79.0999999871
2839,0.329044087007,98,3,1,0,79.1,100,88.9999999855,79.0999999512,89,100,79.1,70.19,89,79.1,89,79.0999999871
2840,0.329019084924,98,3,1,0,79.1,100,88.9999999855,79.0999999512,89,100,79.1,70.19,89,79.1,89,79.0999999871
2841,0.32899408284,98,3,1,0,79.1,100,88.9999999855,79.0999999512,89,100,79.1,70.19,89,79.1,89,79.0999999871
2842,0.328969080757,98,3,1,0,79.1,100,88.9999999855,79.0999999512,89,100,79.1,70.19,89,79.1,89,79.0999999871
2843,0.328944078673,98,3,1,0,79.1,100,88.9999999855,79.0999999512,89,100,79.1,70.19,89,79.1,89,79.0999999871
2844,0.32891907659,98,3,1,0,79.1,100,88.9999999855,79.0999999512,89,100,79.1,70.19,89,79.1,89,79.0999999871
2845,0.328894074506,98,3,1,0,79.1,100,88.9999999855,79.0999999512,89,100,79.1,70.19,89,79.1,89,79.0999999871
2846,0.328869072423,98,3,1,0,79.1,100,88.9999999855,79.0999999512,89,100,79.1,70.19,89,79.1,89,79.0999999871
2847,0.328844070339,98,3,1,0,79.1,100,88.9999999855,79.0999999512,89,100,79.1,70.19,89,79.1,89,79.0999999871
2848,0.328819068256,98,3,1,0,79.1,100,88.9999999855,79.0999999512,89,100,79.1,70.19,89,79.1,89,79.0999999871
2849,0.328794066172,96,5,1,0,79.1,100,88.9999999855,79.0999999512,89,100,79.1,70.19,89,79.1,89,79.0999999871
2850,0.328769064089,98,3,1,0,79.1,100,88.9999999855,79.0999999512,89,100,79.1,70.19,89,79.1,89,79.0999999871
2851,0.328744062005,98,3,1,0,79.1,100,88.9999999855,79.0999999512,89,100,79.1,70.19,89,79.1,89,79.0999999871
2852,0.328719059922,97,4,1,0,79.1,100,88.9999999855,79.0999999512,89,100,79.1,70.19,89,79.1,89,79.0999999871
2853,0.328694057838,97,4,1,0,79.1,100,88.9999999855,79.0999999512,89,100,79.1,70.19,89,79.1,89,79.0999999871
2854,0.328669055755,98,3,1,0,79.1,100,88.9999999855,79.0999999512,89,100,79.1,70.19,89,79.1,89,79.0999999871
2855,0.328644053671,98,3,1,0,79.1,100,88.9999999855,79.0999999512,89,100,79.1,70.19,89,79.1,89,79.0999999871
2856,0.328619051588,98,3,1,0,79.1,100,88.9999999855,79.0999999512,89,100,79.1,70.19,89,79.1,89,79.0999999871
2857,0.328594049504,98,3,1,0,79.1,100,88.9999999855,79.0999999512,89,100,79.1,70.19,89,79.1,89,79.0999999871
2858,0.328569047421,98,3,1,0,79.1,100,88.9999999855,79.0999999512,89,100,79.1,70.19,89,79.1,89,79.0999999871
2859,0.328544045337,98,3,1,0,79.1,100,88.9999999855,79.0999999512,89,100,79.1,70.19,89,79.1,89,79.0999999871
2860,0.328519043254,98,3,1,0,79.1,100,88.9999999855,79.0999999512,89,100,79.1,70.19,89,79.1,89,79.0999999871
2861,0.32849404117,98,3,1,0,79.1,100,88.9999999855,79.0999999512,89,100,79.1,70.19,89,79.1,89,79.0999999871
2862,0.328469039087,98,3,1,0,79.1,100,88.9999999855,79.0999999512,89,100,79.1,70.19,89,79.1,89,79.0999999871
2863,0.328444037003,97,4,1,0,79.1,100,88.9999999855,79.0999999512,89,100,79.1,70.19,89,79.1,89,79.0999999871
2864,0.32841903492,98,3,1,0,79.1,100,88.9999999855,79.0999999512,89,100,79.1,70.19,89,79.1,89,79.0999999871
2865,0.328394032836,98,3,1,0,79.1,100,88.9999999855,79.0999999512,89,100,79.1,70.19,89,79.1,89,79.0999999871
2866,0.328369030753,98,3,1,0,79.1,100,88.9999999855,79.0999999512,89,100,79.1,70.19,89,79.1,89,79.0999999871
2867,0.328344028669,97,4,1,0,79.1,100,88.9999999855,79.0999999512,89,100,79.1,70.19,89,79.1,89,79.0999999871
2868,0.328319026586,98,3,1,0,79.1,100,88.9999999855,79.0999999512,89,100,79.1,70.19,89,79.1,89,79.0999999871
2869,0.328294024502,98,3,1,0,79.1,100,88.9999999855,79.0999999512,89,100,79.1,70.19,89,79.1,89,79.0999999871
2870,0.328269022419,96,5,1,0,79.1,100,88.9999999855,79.0999999512,89,100,79.1,70.19,89,79.1,89,79.0999999871
2871,0.328244020335,98,3,1,0,79.1,100,88.9999999855,79.0999999512,89,100,79.1,70.19,89,79.1,89,79.0999999871
2872,0.328219018252,95,6,1,0,79.1,100,88.9999999855,79.0999999512,89,100,79.1,70.19,89,79.1,89,79.0999999871
2873,0.328194016168,98,3,1,0,79.1,100,88.9999999855,79.0999999512,89,100,79.1,70.19,89,79.1,89,79.0999999871
2874,0.328169014085,98,3,1,0,79.1,100,88.9999999855,79.0999999512,89,100,79.1,70.19,89,79.1,89,79.0999999871
2875,0.328144012001,96,5,1,2.90074808618e-09,79.1,100,88.9999999884,79.0999999512,89,100,79.1,70.19,89,79.1,89,79.0999999871
2876,0.328119009917,98,3,1,0,79.1,100,88.9999999884,79.0999999512,89,100,79.1,70.19,89,79.1,89,79.0999999871
2877,0.328094007834,98,3,1,0,79.1,100,88.9999999884,79.0999999512,89,100,79.1,70.19,89,79.1,89,79.0999999871
2878,0.32806900575,98,3,1,0,79.1,100,88.9999999884,79.0999999512,89,100,79.1,70.19,89,79.1,89,79.0999999871
2879,0.328044003667,98,3,1,0,79.1,100,88.9999999884,79.0999999512,89,100,79.1,70.19,89,79.1,89,79.0999999871
2880,0.328019001583,98,3,1,0,79.1,100,88.9999999884,79.0999999512,89,100,79.1,70.19,89,79.1,89,79.0999999871
2881,0.3279939995,97,4,1,0,79.1,100,88.9999999884,79.0999999512,89,100,79.1,70.19,89,79.1,89,79.0999999871
2882,0.327968997416,98,3,1,0,79.1,100,88.9999999884,79.0999999512,89,100,79.1,70.19,89,79.1,89,79.0999999871
2883,0.327943995333,98,3,1,0,79.1,100,88.9999999884,79.0999999512,89,100,79.1,70.19,89,79.1,89,79.0999999871
2884,0.327918993249,98,3,1,0,79.1,100,88.9999999884,79.0999999512,89,100,79.1,70.19,89,79.1,89,79.0999999871
2885,0.327893991166,97,4,1,0,79.1,100,88.9999999884,79.0999999512,89,100,79.1,70.19,89,79.1,89,79.0999999871
2886,0.327868989082,96,5,1,0,79.1,100,88.9999999884,79.0999999512,89,100,79.1,70.19,89,79.1,89,79.0999999871
2887,0.327843986999,90,11,1,0,79.1,100,88.9999999884,79.0999999512,89,100,79.1,70.19,89,79.1,89,79.0999999871
2888,0.327818984915,95,6,1,0,79.1,100,88.9999999884,79.0999999512,89,100,79.1,70.19,89,79.1,89,79.0999999871
2889,0.327793982832,96,5,1,0,79.1,100,88.9999999884,79.0999999512,89,100,79.1,70.19,89,79.1,89,79.0999999871
2890,0.327768980748,98,3,1,0,79.1,100,88.9999999884,79.0999999512,89,100,79.1,70.19,89,79.1,89,79.0999999871
2891,0.327743978665,93,8,1,0,79.1,100,88.9999999884,79.0999999512,89,100,79.1,70.19,89,79.1,89,79.0999999871
2892,0.327718976581,98,3,1,0,79.1,100,88.9999999884,79.0999999512,89,100,79.1,70.19,89,79.1,89,79.0999999871
2893,0.327693974498,96,5,1,2.58746979398e-09,79.1,100,88.9999999884,79.0999999512,89,100,79.1,70.19,89,79.1,89,79.0999999897
2894,0.327668972414,98,3,1,0,79.1,100,88.9999999884,79.0999999512,89,100,79.1,70.19,89,79.1,89,79.0999999897
2895,0.327643970331,95,6,1,0,79.1,100,88.9999999884,79.0999999512,89,100,79.1,70.19,89,79.1,89,79.0999999897
2896,0.327618968247,93,8,1,9.76972103217e-09,79.1,100,88.9999999907,79.0999999609,89,100,79.1,70.19,89,79.1,89,79.0999999897
2897,0.327593966164,95,6,1,7.8157711414e-09,79.1,100,88.9999999907,79.0999999687,89,100,79.1,70.19,89,79.1,89,79.0999999897
2898,0.32756896408,96,5,1,2.06998151953e-09,79.1,100,88.9999999907,79.0999999687,89,100,79.1,70.19,89,79.1,89,79.0999999917
2899,0.327543961997,98,3,1,0,79.1,100,88.9999999907,79.0999999687,89,100,79.1,70.19,89,79.1,89,79.0999999917
2900,0.327518959913,94,7,1,6.25261975529e-09,79.1,100,88.9999999907,79.099999975,89,100,79.1,70.19,89,79.1,89,79.0999999934
2901,0.32749395783,96,5,1,1.85647763828e-09,79.1,100,88.9999999926,79.099999975,89,100,79.1,70.19,89,79.1,89,79.0999999934
2902,0.327468955746,98,3,1,0,79.1,100,88.9999999926,79.099999975,89,100,79.1,70.19,89,79.1,89,79.0999999934
2903,0.327443953663,98,3,1,0,79.1,100,88.9999999926,79.099999975,89,100,79.1,70.19,89,79.1,89,79.0999999934
2904,0.327418951579,98,3,1,0,79.1,100,88.9999999926,79.099999975,89,100,79.1,70.19,89,79.1,89,79.0999999934
2905,0.327393949496,98,3,1,0,79.1,100,88.9999999926,79.099999975,89,100,79.1,70.19,89,79.1,89,79.0999999934
2906,0.327368947412,98,3,1,0,79.1,100,88.9999999926,79.099999975,89,100,79.1,70.19,89,79.1,89,79.0999999934
2907,0.327343945329,98,3,1,0,79.1,100,88.9999999926,79.099999975,89,100,79.1,70.19,89,79.1,89,79.0999999934
2908,0.327318943245,97,4,1,0,79.1,100,88.9999999926,79.099999975,89,100,79.1,70.19,89,79.1,89,79.0999999934
2909,0.327293941162,98,3,1,0,79.1,100,88.9999999926,79.099999975,89,100,79.1,70.19,89,79.1,89,79.0999999934
2910,0.327268939078,98,3,1,0,79.1,100,88.9999999926,79.099999975,89,100,79.1,70.19,89,79.1,89,79.0999999934
2911,0.327243936995,98,3,1,0,79.1,100,88.9999999926,79.099999975,89,100,79.1,70.19,89,79.1,89,79.0999999934
2912,0.327218934911,97,4,1,0,79.1,100,88.9999999926,79.099999975,89,100,79.1,70.19,89,79.1,89,79.0999999934
2913,0.327193932828,98,3,1,0,79.1,100,88.9999999926,79.099999975,89,100,79.1,70.19,89,79.1,89,79.0999999934
2914,0.327168930744,95,6,1,0,79.1,100,88.9999999926,79.099999975,89,100,79.1,70.19,89,79.1,89,79.0999999934
2915,0.327143928661,97,4,1,0,79.1,100,88.9999999926,79.099999975,89,100,79.1,70.19,89,79.1,89,79.0999999934
2916,0.327118926577,98,3,1,0,79.1,100,88.9999999926,79.099999975,89,100,79.1,70.19,89,79.1,89,79.0999999934
2917,0.327093924494,97,4,1,0,79.1,100,88.9999999926,79.099999975,89,100,79.1,70.19,89,79.1,89,79.0999999934
2918,0.32706892241,98,3,1,0,79.1,100,88.9999999926,79.099999975,89,100,79.1,70.19,89,79.1,89,79.0999999934
2919,0.327043920327,98,3,1,0,79.1,100,88.9999999926,79.099999975,89,100,79.1,70.19,89,79.1,89,79.0999999934
2920,0.327018918243,94,7,1,1.48517642629e-09,79.1,100,88.9999999941,79.099999975,89,100,79.1,70.19,89,79.1,89,79.0999999934
2921,0.32699391616,98,3,1,0,79.1,100,88.9999999941,79.099999975,89,100,79.1,70.19,89,79.1,89,79.0999999934
2922,0.326968914076,98,3,1,0,79.1,100,88.9999999941,79.099999975,89,100,79.1,70.19,89,79.1,89,79.0999999934
2923,0.326943911993,97,4,1,0,79.1,100,88.9999999941,79.099999975,89,100,79.1,70.19,89,79.1,89,79.0999999934
2924,0.326918909909,98,3,1,0,79.1,100,88.9999999941,79.099999975,89,100,79.1,70.19,89,79.1,89,79.0999999934
2925,0.326893907826,98,3,1,0,79.1,100,88.9999999941,79.099999975,89,100,79.1,70.19,89,79.1,89,79.0999999934
2926,0.326868905742,95,6,1,0,79.1,100,88.9999999941,79.099999975,89,100,79.1,70.19,89,79.1,89,79.0999999934
2927,0.326843903659,95,6,1,0,79.1,100,88.9999999941,79.099999975,89,100,79.1,70.19,89,79.1,89,79.0999999934
2928,0.326818901575,98,3,1,0,79.1,100,88.9999999941,79.099999975,89,100,79.1,70.19,89,79.1,89,79.0999999934
2929,0.326793899492,98,3,1,0,79.1,100,88.9999999941,79.099999975,89,100,79.1,70.19,89,79.1,89,79.0999999934
2930,0.326768897408,96,5,1,0,79.1,100,88.9999999941,79.099999975,89,100,79.1,70.19,89,79.1,89,79.0999999934
2931,0.326743895325,98,3,1,0,79.1,100,88.9999999941,79.099999975,89,100,79.1,70.19,89,79.1,89,79.0999999934
2932,0.326718893241,96,5,1,0,79.1,100,88.9999999941,79.099999975,89,100,79.1,70.19,89,79.1,89,79.0999999934
2933,0.326693891158,94,7,1,0,79.1,100,88.9999999941,79.099999975,89,100,79.1,70.19,89,79.1,89,79.0999999934
2934,0.326668889074,97,4,1,0,79.1,100,88.9999999941,79.099999975,89,100,79.1,70.19,89,79.1,89,79.0999999934
2935,0.326643886991,98,3,1,0,79.1,100,88.9999999941,79.099999975,89,100,79.1,70.19,89,79.1,89,79.0999999934
2936,0.326618884907,97,4,1,0,79.1,100,88.9999999941,79.099999975,89,100,79.1,70.19,89,79.1,89,79.0999999934
2937,0.326593882824,98,3,1,0,79.1,100,88.9999999941,79.099999975,89,100,79.1,70.19,89,79.1,89,79.0999999934
2938,0.32656888074,98,3,1,0,79.1,100,88.9999999941,79.099999975,89,100,79.1,70.19,89,79.1,89,79.0999999934
2939,0.326543878657,98,3,1,0,79.1,100,88.9999999941,79.099999975,89,100,79.1,70.19,89,79.1,89,79.0999999934
2940,0.326518876573,96,5,1,0,79.1,100,88.9999999941,79.099999975,89,100,79.1,70.19,89,79.1,89,79.0999999934
2941,0.32649387449,93,8,1,1.32477850912e-09,79.1,100,88.9999999941,79.099999975,89,100,79.1,70.19,89,79.1,89,79.0999999947
2942,0.326468872406,98,3,1,0,79.1,100,88.9999999941,79.099999975,89,100,79.1,70.19,89,79.1,89,79.0999999947
2943,0.326443870323,97,4,1,0,79.1,100,88.9999999941,79.099999975,89,100,79.1,70.19,89,79.1,89,79.0999999947
2944,0.326418868239,97,4,1,0,79.1,100,88.9999999941,79.099999975,89,100,79.1,70.19,89,79.1,89,79.0999999947
2945,0.326393866156,98,3,1,0,79.1,100,88.9999999941,79.099999975,89,100,79.1,70.19,89,79.1,89,79.0999999947
2946,0.326368864072,98,3,1,0,79.1,100,88.9999999941,79.099999975,89,100,79.1,70.19,89,79.1,89,79.0999999947
2947,0.326343861988,98,3,1,0,79.1,100,88.9999999941,79.099999975,89,100,79.1,70.19,89,79.1,89,79.0999999947
2948,0.326318859905,98,3,1,0,79.1,100,88.9999999941,79.099999975,89,100,79.1,70.19,89,79.1,89,79.0999999947
2949,0.326293857821,97,4,1,0,79.1,100,88.9999999941,79.099999975,89,100,79.1,70.19,89,79.1,89,79.0999999947
2950,0.326268855738,96,5,1,0,79.1,100,88.9999999941,79.099999975,89,100,79.1,70.19,89,79.1,89,79.0999999947
2951,0.326243853654,98,3,1,0,79.1,100,88.9999999941,79.099999975,89,100,79.1,70.19,89,79.1,89,79.0999999947
2952,0.326218851571,98,3,1,0,79.1,100,88.9999999941,79.099999975,89,100,79.1,70.19,89,79.1,89,79.0999999947
2953,0.326193849487,96,5,1,0,79.1,100,88.9999999941,79.099999975,89,100,79.1,70.19,89,79.1,89,79.0999999947
2954,0.326168847404,94,7,1,5.00209296206e-09,79.1,100,88.9999999941,79.09999998,89,100,79.1,70.19,89,79.1,89,79.0999999958
2955,0.32614384532,97,4,1,0,79.1,100,88.9999999941,79.09999998,89,100,79.1,70.19,89,79.1,89,79.0999999958
2956,0.326118843237,98,3,1,0,79.1,100,88.9999999941,79.09999998,89,100,79.1,70.19,89,79.1,89,79.0999999958
2957,0.326093841153,98,3,1,0,79.1,100,88.9999999941,79.09999998,89,100,79.1,70.19,89,79.1,89,79.0999999958
2958,0.32606883907,98,3,1,0,79.1,100,88.9999999941,79.09999998,89,100,79.1,70.19,89,79.1,89,79.0999999958
2959,0.326043836986,98,3,1,0,79.1,100,88.9999999941,79.09999998,89,100,79.1,70.19,89,79.1,89,79.0999999958
2960,0.326018834903,96,5,1,1.18814114103e-09,79.1,100,88.9999999952,79.09999998,89,100,79.1,70.19,89,79.1,89,79.0999999958
2961,0.325993832819,96,5,1,0,79.1,100,88.9999999952,79.09999998,89,100,79.1,70.19,89,79.1,89,79.0999999958
2962,0.325968830736,98,3,1,0,79.1,100,88.9999999952,79.09999998,89,100,79.1,70.19,89,79.1,89,79.0999999958
2963,0.325943828652,97,4,1,0,79.1,100,88.9999999952,79.09999998,89,100,79.1,70.19,89,79.1,89,79.0999999958
2964,0.325918826569,98,3,1,0,79.1,100,88.9999999952,79.09999998,89,100,79.1,70.19,89,79.1,89,79.0999999958
2965,0.325893824485,95,6,1,0,79.1,100,88.9999999952,79.09999998,89,100,79.1,70.19,89,79.1,89,79.0999999958
2966,0.325868822402,98,3,1,0,79.1,100,88.9999999952,79.09999998,89,100,79.1,70.19,89,79.1,89,79.0999999958
2967,0.325843820318,98,3,1,0,79.1,100,88.9999999952,79.09999998,89,100,79.1,70.19,89,79.1,89,79.0999999958
2968,0.325818818235,96,5,1,8.47862224873e-10,79.1,100,88.9999999952,79.09999998,89,100,79.1,70.19,89,79.1,89,79.0999999966
2969,0.325793816151,97,4,1,0,79.1,100,88.9999999952,79.09999998,89,100,79.1,70.19,89,79.1,89,79.0999999966
2970,0.325768814068,98,3,1,0,79.1,100,88.9999999952,79.09999998,89,100,79.1,70.19,89,79.1,89,79.0999999966
2971,0.325743811984,98,3,1,0,79.1,100,88.9999999952,79.09999998,89,100,79.1,70.19,89,79.1,89,79.0999999966
2972,0.325718809901,95,6,1,0,79.1,100,88.9999999952,79.09999998,89,100,79.1,70.19,89,79.1,89,79.0999999966
2973,0.325693807817,98,3,1,0,79.1,100,88.9999999952,79.09999998,89,100,79.1,70.19,89,79.1,89,79.0999999966
2974,0.325668805734,98,3,1,0,79.1,100,88.9999999952,79.09999998,89,100,79.1,70.19,89,79.1,89,79.0999999966
2975,0.32564380365,97,4,1,0,79.1,100,88.9999999952,79.09999998,89,100,79.1,70.19,89,79.1,89,79.0999999966
2976,0.325618801567,94,7,1,0,79.1,100,88.9999999952,79.09999998,89,100,79.1,70.19,89,79.1,89,79.0999999966
2977,0.325593799483,98,3,1,0,79.1,100,88.9999999952,79.09999998,89,100,79.1,70.19,89,79.1,89,79.0999999966
2978,0.3255687974,98,3,1,0,79.1,100,88.9999999952,79.09999998,89,100,79.1,70.19,89,79.1,89,79.0999999966
2979,0.325543795316,96,5,1,0,79.1,100,88.9999999952,79.09999998,89,100,79.1,70.19,89,79.1,89,79.0999999966
2980,0.325518793233,98,3,1,0,79.1,100,88.9999999952,79.09999998,89,100,79.1,70.19,89,79.1,89,79.0999999966
2981,0.325493791149,98,3,1,0,79.1,100,88.9999999952,79.09999998,89,100,79.1,70.19,89,79.1,89,79.0999999966
2982,0.325468789066,98,3,1,0,79.1,100,88.9999999952,79.09999998,89,100,79.1,70.19,89,79.1,89,79.0999999966
2983,0.325443786982,96,5,1,0,79.1,100,88.9999999952,79.09999998,89,100,79.1,70.19,89,79.1,89,79.0999999966
2984,0.325418784899,98,3,1,0,79.1,100,88.9999999952,79.09999998,89,100,79.1,70.19,89,79.1,89,79.0999999966
2985,0.325393782815,98,3,1,0,79.1,100,88.9999999952,79.09999998,89,100,79.1,70.19,89,79.1,89,79.0999999966
2986,0.325368780732,98,3,1,0,79.1,100,88.9999999952,79.09999998,89,100,79.1,70.19,89,79.1,89,79.0999999966
2987,0.325343778648,94,7,1,0,79.1,100,88.9999999952,79.09999998,89,100,79.1,70.19,89,79.1,89,79.0999999966
2988,0.325318776565,96,5,1,6.78284095557e-10,79.1,100,88.9999999952,79.09999998,89,100,79.1,70.19,89,79.1,89,79.0999999973
2989,0.325293774481,98,3,1,0,79.1,100,88.9999999952,79.09999998,89,100,79.1,70.19,89,79.1,89,79.0999999973
2990,0.325268772398,98,3,1,0,79.1,100,88.9999999952,79.09999998,89,100,79.1,70.19,89,79.1,89,79.0999999973
2991,0.325243770314,98,3,1,0,79.1,100,88.9999999952,79.09999998,89,100,79.1,70.19,89,79.1,89,79.0999999973
2992,0.325218768231,98,3,1,0,79.1,100,88.9999999952,79.09999998,89,100,79.1,70.19,89,79.1,89,79.0999999973
2993,0.325193766147,92,9,1,0,79.1,100,88.9999999952,79.09999998,89,100,79.1,70.19,89,79.1,89,79.0999999973
2994,0.325168764064,98,3,1,0,79.1,100,88.9999999952,79.09999998,89,100,79.1,70.19,89,79.1,89,79.0999999973
2995,0.32514376198,97,4,1,0,79.1,100,88.9999999952,79.09999998,89,100,79.1,70.19,89,79.1,89,79.0999999973
2996,0.325118759897,98,3,1,0,79.1,100,88.9999999952,79.09999998,89,100,79.1,70.19,89,79.1,89,79.0999999973
2997,0.325093757813,93,8,1,0,79.1,100,88.9999999952,79.09999998,89,100,79.1,70.19,89,79.1,89,79.0999999973
2998,0.32506875573,97,4,1,0,79.1,100,88.9999999952,79.09999998,89,100,79.1,70.19,89,79.1,89,79.0999999973
2999,0.325043753646,98,3,1,0,79.1,100,88.9999999952,79.09999998,89,100,79.1,70.19,89,79.1,89,79.0999999973
3000,0.325018751563,96,5,1,0,79.1,100,88.9999999952,79.09999998,89,100,79.1,70.19,89,79.1,89,79.0999999973
3001,0.324993749479,98,3,1,0,79.1,100,88.9999999952,79.09999998,89,100,79.1,70.19,89,79.1,89,79.0999999973
3002,0.324968747396,98,3,1,0,79.1,100,88.9999999952,79.09999998,89,100,79.1,70.19,89,79.1,89,79.0999999973
3003,0.324943745312,97,4,1,0,79.1,100,88.9999999952,79.09999998,89,100,79.1,70.19,89,79.1,89,79.0999999973
3004,0.324918743229,97,4,1,0,79.1,100,88.9999999952,79.09999998,89,100,79.1,70.19,89,79.1,89,79.0999999973
3005,0.324893741145,98,3,1,0,79.1,100,88.9999999952,79.09999998,89,100,79.1,70.19,89,79.1,89,79.0999999973
3006,0.324868739062,97,4,1,0,79.1,100,88.9999999952,79.09999998,89,100,79.1,70.19,89,79.1,89,79.0999999973
3007,0.324843736978,96,5,1,0,79.1,100,88.9999999952,79.09999998,89,100,79.1,70.19,89,79.1,89,79.0999999973
3008,0.324818734895,98,3,1,0,79.1,100,88.9999999952,79.09999998,89,100,79.1,70.19,89,79.1,89,79.0999999973
3009,0.324793732811,98,3,1,0,79.1,100,88.9999999952,79.09999998,89,100,79.1,70.19,89,79.1,89,79.0999999973
3010,0.324768730728,98,3,1,0,79.1,100,88.9999999952,79.09999998,89,100,79.1,70.19,89,79.1,89,79.0999999973
3011,0.324743728644,98,3,1,0,79.1,100,88.9999999952,79.09999998,89,100,79.1,70.19,89,79.1,89,79.0999999973
3012,0.324718726561,98,3,1,0,79.1,100,88.9999999952,79.09999998,89,100,79.1,70.19,89,79.1,89,79.0999999973
3013,0.324693724477,98,3,1,0,79.1,100,88.9999999952,79.09999998,89,100,79.1,70.19,89,79.1,89,79.0999999973
3014,0.324668722394,98,3,1,0,79.1,100,88.9999999952,79.09999998,89,100,79.1,70.19,89,79.1,89,79.0999999973
3015,0.32464372031,97,4,1,0,79.1,100,88.9999999952,79.09999998,89,100,79.1,70.19,89,79.1,89,79.0999999973
3016,0.324618718227,98,3,1,0,79.1,100,88.9999999952,79.09999998,89,100,79.1,70.19,89,79.1,89,79.0999999973
3017,0.324593716143,98,3,1,0,79.1,100,88.9999999952,79.09999998,89,100,79.1,70.19,89,79.1,89,79.0999999973
3018,0.32456871406,94,7,1,0,79.1,100,88.9999999952,79.09999998,89,100,79.1,70.19,89,79.1,89,79.0999999973
3019,0.324543711976,96,5,1,0,79.1,100,88.9999999952,79.09999998,89,100,79.1,70.19,89,79.1,89,79.0999999973
3020,0.324518709892,98,3,1,0,79.1,100,88.9999999952,79.09999998,89,100,79.1,70.19,89,79.1,89,79.0999999973
3021,0.324493707809,94,7,1,0,79.1,100,88.9999999952,79.09999998,89,100,79.1,70.19,89,79.1,89,79.0999999973
3022,0.324468705725,93,8,1,0,79.1,100,88.9999999952,79.09999998,89,100,79.1,70.19,89,79.1,89,79.0999999973
3023,0.324443703642,98,3,1,0,79.1,100,88.9999999952,79.09999998,89,100,79.1,70.19,89,79.1,89,79.0999999973
3024,0.324418701558,98,3,1,0,79.1,100,88.9999999952,79.09999998,89,100,79.1,70.19,89,79.1,89,79.0999999973
3025,0.324393699475,95,6,1,4.00167721182e-09,79.1,100,88.9999999952,79.099999984,89,100,79.1,70.19,89,79.1,89,79.0999999973
3026,0.324368697391,97,4,1,0,79.1,100,88.9999999952,79.099999984,89,100,79.1,70.19,89,79.1,89,79.0999999973
3027,0.324343695308,91,10,1,3.20133608511e-09,79.1,100,88.9999999952,79.0999999872,89,100,79.1,70.19,89,79.1,89,79.0999999978
3028,0.324318693224,96,5,1,4.3411318984e-10,79.1,100,88.9999999952,79.0999999872,89,100,79.1,70.19,89,79.1,89,79.0999999983
3029,0.324293691141,98,3,1,0,79.1,100,88.9999999952,79.0999999872,89,100,79.1,70.19,89,79.1,89,79.0999999983
3030,0.324268689057,98,3,1,0,79.1,100,88.9999999952,79.0999999872,89,100,79.1,70.19,89,79.1,89,79.0999999983
3031,0.324243686974,98,3,1,0,79.1,100,88.9999999952,79.0999999872,89,100,79.1,70.19,89,79.1,89,79.0999999983
3032,0.32421868489,98,3,1,0,79.1,100,88.9999999952,79.0999999872,89,100,79.1,70.19,89,79.1,89,79.0999999983
3033,0.324193682807,96,5,1,0,79.1,100,88.9999999952,79.0999999872,89,100,79.1,70.19,89,79.1,89,79.0999999983
3034,0.324168680723,98,3,1,0,79.1,100,88.9999999952,79.0999999872,89,100,79.1,70.19,89,79.1,89,79.0999999983
3035,0.32414367864,98,3,1,0,79.1,100,88.9999999952,79.0999999872,89,100,79.1,70.19,89,79.1,89,79.0999999983
3036,0.324118676556,98,3,1,0,79.1,100,88.9999999952,79.0999999872,89,100,79.1,70.19,89,79.1,89,79.0999999983
3037,0.324093674473,98,3,1,0,79.1,100,88.9999999952,79.0999999872,89,100,79.1,70.19,89,79.1,89,79.0999999983
3038,0.324068672389,96,5,1,0,79.1,100,88.9999999952,79.0999999872,89,100,79.1,70.19,89,79.1,89,79.0999999983
3039,0.324043670306,98,3,1,0,79.1,100,88.9999999952,79.0999999872,89,100,79.1,70.19,89,79.1,89,79.0999999983
3040,0.324018668222,97,4,1,0,79.1,100,88.9999999952,79.0999999872,89,100,79.1,70.19,89,79.1,89,79.0999999983
3041,0.323993666139,97,4,1,0,79.1,100,88.9999999952,79.0999999872,89,100,79.1,70.19,89,79.1,89,79.0999999983
3042,0.323968664055,98,3,1,0,79.1,100,88.9999999952,79.0999999872,89,100,79.1,70.19,89,79.1,89,79.0999999983
3043,0.323943661972,97,4,1,0,79.1,100,88.9999999952,79.0999999872,89,100,79.1,70.19,89,79.1,89,79.0999999983
3044,0.323918659888,97,4,1,0,79.1,100,88.9999999952,79.0999999872,89,100,79.1,70.19,89,79.1,89,79.0999999983
3045,0.323893657805,98,3,1,0,79.1,100,88.9999999952,79.0999999872,89,100,79.1,70.19,89,79.1,89,79.0999999983
3046,0.323868655721,94,7,1,0,79.1,100,88.9999999952,79.0999999872,89,100,79.1,70.19,89,79.1,89,79.0999999983
3047,0.323843653638,98,3,1,0,79.1,100,88.9999999952,79.0999999872,89,100,79.1,70.19,89,79.1,89,79.0999999983
3048,0.323818651554,97,4,1,0,79.1,100,88.9999999952,79.0999999872,89,100,79.1,70.19,89,79.1,89,79.0999999983
3049,0.323793649471,98,3,1,0,79.1,100,88.9999999952,79.0999999872,89,100,79.1,70.19,89,79.1,89,79.0999999983
3050,0.323768647387,98,3,1,0,79.1,100,88.9999999952,79.0999999872,89,100,79.1,70.19,89,79.1,89,79.0999999983
3051,0.323743645304,98,3,1,0,79.1,100,88.9999999952,79.0999999872,89,100,79.1,70.19,89,79.1,89,79.0999999983
3052,0.32371864322,98,3,1,0,79.1,100,88.9999999952,79.0999999872,89,100,79.1,70.19,89,79.1,89,79.0999999983
3053,0.323693641137,98,3,1,0,79.1,100,88.9999999952,79.0999999872,89,100,79.1,70.19,89,79.1,89,79.0999999983
3054,0.323668639053,98,3,1,0,79.1,100,88.9999999952,79.0999999872,89,100,79.1,70.19,89,79.1,89,79.0999999983
3055,0.32364363697,93,8,1,0,79.1,100,88.9999999952,79.0999999872,89,100,79.1,70.19,89,79.1,89,79.0999999983
3056,0.323618634886,94,7,1,0,79.1,100,88.9999999952,79.0999999872,89,100,79.1,70.19,89,79.1,89,79.0999999983
3057,0.323593632803,98,3,1,0,79.1,100,88.9999999952,79.0999999872,89,100,79.1,70.19,89,79.1,89,79.0999999983
3058,0.323568630719,98,3,1,0,79.1,100,88.9999999952,79.0999999872,89,100,79.1,70.19,89,79.1,89,79.0999999983
3059,0.323543628636,98,3,1,0,79.1,100,88.9999999952,79.0999999872,89,100,79.1,70.19,89,79.1,89,79.0999999983
3060,0.323518626552,96,5,1,0,79.1,100,88.9999999952,79.0999999872,89,100,79.1,70.19,89,79.1,89,79.0999999983
3061,0.323493624469,98,3,1,0,79.1,100,88.9999999952,79.0999999872,89,100,79.1,70.19,89,79.1,89,79.0999999983
3062,0.323468622385,98,3,1,0,79.1,100,88.9999999952,79.0999999872,89,100,79.1,70.19,89,79.1,89,79.0999999983
3063,0.323443620302,97,4,1,0,79.1,100,88.9999999952,79.0999999872,89,100,79.1,70.19,89,79.1,89,79.0999999983
3064,0.323418618218,96,5,1,0,79.1,100,88.9999999952,79.0999999872,89,100,79.1,70.19,89,79.1,89,79.0999999983
3065,0.323393616135,97,4,1,0,79.1,100,88.9999999952,79.0999999872,89,100,79.1,70.19,89,79.1,89,79.0999999983
3066,0.323368614051,98,3,1,0,79.1,100,88.9999999952,79.0999999872,89,100,79.1,70.19,89,79.1,89,79.0999999983
3067,0.323343611968,98,3,1,0,79.1,100,88.9999999952,79.0999999872,89,100,79.1,70.19,89,79.1,89,79.0999999983
3068,0.323318609884,98,3,1,0,79.1,100,88.9999999952,79.0999999872,89,100,79.1,70.19,89,79.1,89,79.0999999983
3069,0.323293607801,98,3,1,0,79.1,100,88.9999999952,79.0999999872,89,100,79.1,70.19,89,79.1,89,79.0999999983
3070,0.323268605717,98,3,1,0,79.1,100,88.9999999952,79.0999999872,89,100,79.1,70.19,89,79.1,89,79.0999999983
3071,0.323243603634,96,5,1,0,79.1,100,88.9999999952,79.0999999872,89,100,79.1,70.19,89,79.1,89,79.0999999983
3072,0.32321860155,98,3,1,0,79.1,100,88.9999999952,79.0999999872,89,100,79.1,70.19,89,79.1,89,79.0999999983
3073,0.323193599467,98,3,1,0,79.1,100,88.9999999952,79.0999999872,89,100,79.1,70.19,89,79.1,89,79.0999999983
3074,0.323168597383,96,5,1,0,79.1,100,88.9999999952,79.0999999872,89,100,79.1,70.19,89,79.1,89,79.0999999983
3075,0.3231435953,98,3,1,0,79.1,100,88.9999999952,79.0999999872,89,100,79.1,70.19,89,79.1,89,79.0999999983
3076,0.323118593216,98,3,1,0,79.1,100,88.9999999952,79.0999999872,89,100,79.1,70.19,89,79.1,89,79.0999999983
3077,0.323093591133,97,4,1,0,79.1,100,88.9999999952,79.0999999872,89,100,79.1,70.19,89,79.1,89,79.0999999983
3078,0.323068589049,98,3,1,0,79.1,100,88.9999999952,79.0999999872,89,100,79.1,70.19,89,79.1,89,79.0999999983
3079,0.323043586966,98,3,1,0,79.1,100,88.9999999952,79.0999999872,89,100,79.1,70.19,89,79.1,89,79.0999999983
3080,0.323018584882,98,3,1,0,79.1,100,88.9999999952,79.0999999872,89,100,79.1,70.19,89,79.1,89,79.0999999983
3081,0.322993582799,98,3,1,0,79.1,100,88.9999999952,79.0999999872,89,100,79.1,70.19,89,79.1,89,79.0999999983
3082,0.322968580715,96,5,1,0,79.1,100,88.9999999952,79.0999999872,89,100,79.1,70.19,89,79.1,89,79.0999999983
3083,0.322943578632,98,3,1,0,79.1,100,88.9999999952,79.0999999872,89,100,79.1,70.19,89,79.1,89,79.0999999983
3084,0.322918576548,98,3,1,0,79.1,100,88.9999999952,79.0999999872,89,100,79.1,70.19,89,79.1,89,79.0999999983
3085,0.322893574465,97,4,1,0,79.1,100,88.9999999952,79.0999999872,89,100,79.1,70.19,89,79.1,89,79.0999999983
3086,0.322868572381,98,3,1,0,79.1,100,88.9999999952,79.0999999872,89,100,79.1,70.19,89,79.1,89,79.0999999983
3087,0.322843570298,95,6,1,2.56106602592e-09,79.1,100,88.9999999952,79.0999999898,89,100,79.1,70.19,89,79.1,89,79.0999999983
3088,0.322818568214,98,3,1,0,79.1,100,88.9999999952,79.0999999898,89,100,79.1,70.19,89,79.1,89,79.0999999983
3089,0.322793566131,98,3,1,0,79.1,100,88.9999999952,79.0999999898,89,100,79.1,70.19,89,79.1,89,79.0999999983
3090,0.322768564047,98,3,1,0,79.1,100,88.9999999952,79.0999999898,89,100,79.1,70.19,89,79.1,89,79.0999999983
3091,0.322743561963,98,3,1,0,79.1,100,88.9999999952,79.0999999898,89,100,79.1,70.19,89,79.1,89,79.0999999983
3092,0.32271855988,98,3,1,0,79.1,100,88.9999999952,79.0999999898,89,100,79.1,70.19,89,79.1,89,79.0999999983
3093,0.322693557796,98,3,1,0,79.1,100,88.9999999952,79.0999999898,89,100,79.1,70.19,89,79.1,89,79.0999999983
3094,0.322668555713,98,3,1,0,79.1,100,88.9999999952,79.0999999898,89,100,79.1,70.19,89,79.1,89,79.0999999983
3095,0.322643553629,97,4,1,0,79.1,100,88.9999999952,79.0999999898,89,100,79.1,70.19,89,79.1,89,79.0999999983
3096,0.322618551546,98,3,1,0,79.1,100,88.9999999952,79.0999999898,89,100,79.1,70.19,89,79.1,89,79.0999999983
3097,0.322593549462,97,4,1,0,79.1,100,88.9999999952,79.0999999898,89,100,79.1,70.19,89,79.1,89,79.0999999983
3098,0.322568547379,98,3,1,0,79.1,100,88.9999999952,79.0999999898,89,100,79.1,70.19,89,79.1,89,79.0999999983
3099,0.322543545295,98,3,1,0,79.1,100,88.9999999952,79.0999999898,89,100,79.1,70.19,89,79.1,89,79.0999999983
3100,0.322518543212,96,5,1,0,79.1,100,88.9999999952,79.0999999898,89,100,79.1,70.19,89,79.1,89,79.0999999983
3101,0.322493541128,98,3,1,0,79.1,100,88.9999999952,79.0999999898,89,100,79.1,70.19,89,79.1,89,79.0999999983
3102,0.322468539045,97,4,1,0,79.1,100,88.9999999952,79.0999999898,89,100,79.1,70.19,89,79.1,89,79.0999999983
3103,0.322443536961,98,3,1,0,79.1,100,88.9999999952,79.0999999898,89,100,79.1,70.19,89,79.1,89,79.0999999983
3104,0.322418534878,96,5,1,0,79.1,100,88.9999999952,79.0999999898,89,100,79.1,70.19,89,79.1,89,79.0999999983
3105,0.322393532794,98,3,1,0,79.1,100,88.9999999952,79.0999999898,89,100,79.1,70.19,89,79.1,89,79.0999999983
3106,0.322368530711,98,3,1,0,79.1,100,88.9999999952,79.0999999898,89,100,79.1,70.19,89,79.1,89,79.0999999983
3107,0.322343528627,98,3,1,0,79.1,100,88.9999999952,79.0999999898,89,100,79.1,70.19,89,79.1,89,79.0999999983
3108,0.322318526544,92,9,1,0,79.1,100,88.9999999952,79.0999999898,89,100,79.1,70.19,89,79.1,89,79.0999999983
3109,0.32229352446,98,3,1,0,79.1,100,88.9999999952,79.0999999898,89,100,79.1,70.19,89,79.1,89,79.0999999983
3110,0.322268522377,96,5,1,0,79.1,100,88.9999999952,79.0999999898,89,100,79.1,70.19,89,79.1,89,79.0999999983
3111,0.322243520293,96,5,1,0,79.1,100,88.9999999952,79.0999999898,89,100,79.1,70.19,89,79.1,89,79.0999999983
3112,0.32221851821,98,3,1,0,79.1,100,88.9999999952,79.0999999898,89,100,79.1,70.19,89,79.1,89,79.0999999983
3113,0.322193516126,93,8,1,0,79.1,100,88.9999999952,79.0999999898,89,100,79.1,70.19,89,79.1,89,79.0999999983
3114,0.322168514043,96,5,1,0,79.1,100,88.9999999952,79.0999999898,89,100,79.1,70.19,89,79.1,89,79.0999999983
3115,0.322143511959,97,4,1,0,79.1,100,88.9999999952,79.0999999898,89,100,79.1,70.19,89,79.1,89,79.0999999983
3116,0.322118509876,96,5,1,0,79.1,100,88.9999999952,79.0999999898,89,100,79.1,70.19,89,79.1,89,79.0999999983
3117,0.322093507792,97,4,1,0,79.1,100,88.9999999952,79.0999999898,89,100,79.1,70.19,89,79.1,89,79.0999999983
3118,0.322068505709,98,3,1,0,79.1,100,88.9999999952,79.0999999898,89,100,79.1,70.19,89,79.1,89,79.0999999983
3119,0.322043503625,98,3,1,0,79.1,100,88.9999999952,79.0999999898,89,100,79.1,70.19,89,79.1,89,79.0999999983
3120,0.322018501542,98,3,1,0,79.1,100,88.9999999952,79.0999999898,89,100,79.1,70.19,89,79.1,89,79.0999999983
3121,0.321993499458,95,6,1,3.4728486753e-10,79.1,100,88.9999999952,79.0999999898,89,100,79.1,70.19,89,79.1,89,79.0999999986
3122,0.321968497375,98,3,1,0,79.1,100,88.9999999952,79.0999999898,89,100,79.1,70.19,89,79.1,89,79.0999999986
3123,0.321943495291,98,3,1,0,79.1,100,88.9999999952,79.0999999898,89,100,79.1,70.19,89,79.1,89,79.0999999986
3124,0.321918493208,98,3,1,0,79.1,100,88.9999999952,79.0999999898,89,100,79.1,70.19,89,79.1,89,79.0999999986
3125,0.321893491124,98,3,1,0,79.1,100,88.9999999952,79.0999999898,89,100,79.1,70.19,89,79.1,89,79.0999999986
3126,0.321868489041,98,3,1,0,79.1,100,88.9999999952,79.0999999898,89,100,79.1,70.19,89,79.1,89,79.0999999986
3127,0.321843486957,98,3,1,0,79.1,100,88.9999999952,79.0999999898,89,100,79.1,70.19,89,79.1,89,79.0999999986
3128,0.321818484874,96,5,1,0,79.1,100,88.9999999952,79.0999999898,89,100,79.1,70.19,89,79.1,89,79.0999999986
3129,0.32179348279,97,4,1,0,79.1,100,88.9999999952,79.0999999898,89,100,79.1,70.19,89,79.1,89,79.0999999986
3130,0.321768480707,98,3,1,0,79.1,100,88.9999999952,79.0999999898,89,100,79.1,70.19,89,79.1,89,79.0999999986
3131,0.321743478623,98,3,1,0,79.1,100,88.9999999952,79.0999999898,89,100,79.1,70.19,89,79.1,89,79.0999999986
3132,0.32171847654,98,3,1,0,79.1,100,88.9999999952,79.0999999898,89,100,79.1,70.19,89,79.1,89,79.0999999986
3133,0.321693474456,98,3,1,0,79.1,100,88.9999999952,79.0999999898,89,100,79.1,70.19,89,79.1,89,79.0999999986
3134,0.321668472373,97,4,1,0,79.1,100,88.9999999952,79.0999999898,89,100,79.1,70.19,89,79.1,89,79.0999999986
3135,0.321643470289,98,3,1,0,79.1,100,88.9999999952,79.0999999898,89,100,79.1,70.19,89,79.1,89,79.0999999986
3136,0.321618468206,96,5,1,0,79.1,100,88.9999999952,79.0999999898,89,100,79.1,70.19,89,79.1,89,79.0999999986
3137,0.321593466122,96,5,1,2.77822209682e-10,79.1,100,88.9999999952,79.0999999898,89,100,79.1,70.19,89,79.1,89,79.0999999989
3138,0.321568464039,95,6,1,0,79.1,100,88.9999999952,79.0999999898,89,100,79.1,70.19,89,79.1,89,79.0999999989
3139,0.321543461955,97,4,1,0,79.1,100,88.9999999952,79.0999999898,89,100,79.1,70.19,89,79.1,89,79.0999999989
3140,0.321518459872,98,3,1,0,79.1,100,88.9999999952,79.0999999898,89,100,79.1,70.19,89,79.1,89,79.0999999989
3141,0.321493457788,98,3,1,0,79.1,100,88.9999999952,79.0999999898,89,100,79.1,70.19,89,79.1,89,79.0999999989
3142,0.321468455705,98,3,1,0,79.1,100,88.9999999952,79.0999999898,89,100,79.1,70.19,89,79.1,89,79.0999999989
3143,0.321443453621,95,6,1,0,79.1,100,88.9999999952,79.0999999898,89,100,79.1,70.19,89,79.1,89,79.0999999989
3144,0.321418451538,98,3,1,0,79.1,100,88.9999999952,79.0999999898,89,100,79.1,70.19,89,79.1,89,79.0999999989
3145,0.321393449454,93,8,1,3.68794417227e-09,79.1,100,88.9999999952,79.0999999934,89,100,79.1,70.19,89,79.1,89,79.0999999989
3146,0.321368447371,98,3,1,0,79.1,100,88.9999999952,79.0999999934,89,100,79.1,70.19,89,79.1,89,79.0999999989
3147,0.321343445287,98,3,1,0,79.1,100,88.9999999952,79.0999999934,89,100,79.1,70.19,89,79.1,89,79.0999999989
3148,0.321318443204,93,8,1,1.31126398628e-09,79.1,100,88.9999999952,79.0999999948,89,100,79.1,70.19,89,79.1,89,79.0999999989
3149,0.32129344112,98,3,1,0,79.1,100,88.9999999952,79.0999999948,89,100,79.1,70.19,89,79.1,89,79.0999999989
3150,0.321268439037,96,5,1,0,79.1,100,88.9999999952,79.0999999948,89,100,79.1,70.19,89,79.1,89,79.0999999989
3151,0.321243436953,98,3,1,0,79.1,100,88.9999999952,79.0999999948,89,100,79.1,70.19,89,79.1,89,79.0999999989
3152,0.32121843487,98,3,1,0,79.1,100,88.9999999952,79.0999999948,89,100,79.1,70.19,89,79.1,89,79.0999999989
3153,0.321193432786,98,3,1,0,79.1,100,88.9999999952,79.0999999948,89,100,79.1,70.19,89,79.1,89,79.0999999989
3154,0.321168430703,98,3,1,0,79.1,100,88.9999999952,79.0999999948,89,100,79.1,70.19,89,79.1,89,79.0999999989
3155,0.321143428619,94,7,1,0,79.1,100,88.9999999952,79.0999999948,89,100,79.1,70.19,89,79.1,89,79.0999999989
3156,0.321118426536,98,3,1,0,79.1,100,88.9999999952,79.0999999948,89,100,79.1,70.19,89,79.1,89,79.0999999989
3157,0.321093424452,98,3,1,0,79.1,100,88.9999999952,79.0999999948,89,100,79.1,70.19,89,79.1,89,79.0999999989
3158,0.321068422369,98,3,1,0,79.1,100,88.9999999952,79.0999999948,89,100,79.1,70.19,89,79.1,89,79.0999999989
3159,0.321043420285,98,3,1,0,79.1,100,88.9999999952,79.0999999948,89,100,79.1,70.19,89,79.1,89,79.0999999989
3160,0.321018418202,98,3,1,0,79.1,100,88.9999999952,79.0999999948,89,100,79.1,70.19,89,79.1,89,79.0999999989
3161,0.320993416118,97,4,1,0,79.1,100,88.9999999952,79.0999999948,89,100,79.1,70.19,89,79.1,89,79.0999999989
3162,0.320968414035,97,4,1,0,79.1,100,88.9999999952,79.0999999948,89,100,79.1,70.19,89,79.1,89,79.0999999989
3163,0.320943411951,98,3,1,0,79.1,100,88.9999999952,79.0999999948,89,100,79.1,70.19,89,79.1,89,79.0999999989
3164,0.320918409867,96,5,1,2.22257767746e-10,79.1,100,88.9999999952,79.0999999948,89,100,79.1,70.19,89,79.1,89,79.0999999991
3165,0.320893407784,98,3,1,0,79.1,100,88.9999999952,79.0999999948,89,100,79.1,70.19,89,79.1,89,79.0999999991
3166,0.3208684057,97,4,1,0,79.1,100,88.9999999952,79.0999999948,89,100,79.1,70.19,89,79.1,89,79.0999999991
3167,0.320843403617,98,3,1,0,79.1,100,88.9999999952,79.0999999948,89,100,79.1,70.19,89,79.1,89,79.0999999991
3168,0.320818401533,98,3,1,0,79.1,100,88.9999999952,79.0999999948,89,100,79.1,70.19,89,79.1,89,79.0999999991
3169,0.32079339945,98,3,1,0,79.1,100,88.9999999952,79.0999999948,89,100,79.1,70.19,89,79.1,89,79.0999999991
3170,0.320768397366,98,3,1,0,79.1,100,88.9999999952,79.0999999948,89,100,79.1,70.19,89,79.1,89,79.0999999991
3171,0.320743395283,98,3,1,0,79.1,100,88.9999999952,79.0999999948,89,100,79.1,70.19,89,79.1,89,79.0999999991
3172,0.320718393199,98,3,1,0,79.1,100,88.9999999952,79.0999999948,89,100,79.1,70.19,89,79.1,89,79.0999999991
3173,0.320693391116,97,4,1,0,79.1,100,88.9999999952,79.0999999948,89,100,79.1,70.19,89,79.1,89,79.0999999991
3174,0.320668389032,96,5,1,0,79.1,100,88.9999999952,79.0999999948,89,100,79.1,70.19,89,79.1,89,79.0999999991
3175,0.320643386949,98,3,1,0,79.1,100,88.9999999952,79.0999999948,89,100,79.1,70.19,89,79.1,89,79.0999999991
3176,0.320618384865,95,6,1,0,79.1,100,88.9999999952,79.0999999948,89,100,79.1,70.19,89,79.1,89,79.0999999991
3177,0.320593382782,98,3,1,0,79.1,100,88.9999999952,79.0999999948,89,100,79.1,70.19,89,79.1,89,79.0999999991
3178,0.320568380698,97,4,1,0,79.1,100,88.9999999952,79.0999999948,89,100,79.1,70.19,89,79.1,89,79.0999999991
3179,0.320543378615,96,5,1,0,79.1,100,88.9999999952,79.0999999948,89,100,79.1,70.19,89,79.1,89,79.0999999991
3180,0.320518376531,95,6,1,1.77806214197e-10,79.1,100,88.9999999952,79.0999999948,89,100,79.1,70.19,89,79.1,89,79.0999999993
3181,0.320493374448,98,3,1,0,79.1,100,88.9999999952,79.0999999948,89,100,79.1,70.19,89,79.1,89,79.0999999993
3182,0.320468372364,98,3,1,0,79.1,100,88.9999999952,79.0999999948,89,100,79.1,70.19,89,79.1,89,79.0999999993
3183,0.320443370281,96,5,1,0,79.1,100,88.9999999952,79.0999999948,89,100,79.1,70.19,89,79.1,89,79.0999999993
3184,0.320418368197,95,6,1,0,79.1,100,88.9999999952,79.0999999948,89,100,79.1,70.19,89,79.1,89,79.0999999993
3185,0.320393366114,98,3,1,0,79.1,100,88.9999999952,79.0999999948,89,100,79.1,70.19,89,79.1,89,79.0999999993
3186,0.32036836403,98,3,1,0,79.1,100,88.9999999952,79.0999999948,89,100,79.1,70.19,89,79.1,89,79.0999999993
3187,0.320343361947,98,3,1,0,79.1,100,88.9999999952,79.0999999948,89,100,79.1,70.19,89,79.1,89,79.0999999993
3188,0.320318359863,96,5,1,0,79.1,100,88.9999999952,79.0999999948,89,100,79.1,70.19,89,79.1,89,79.0999999993
3189,0.32029335778,98,3,1,0,79.1,100,88.9999999952,79.0999999948,89,100,79.1,70.19,89,79.1,89,79.0999999993
3190,0.320268355696,98,3,1,0,79.1,100,88.9999999952,79.0999999948,89,100,79.1,70.19,89,79.1,89,79.0999999993
3191,0.320243353613,92,9,1,1.42250655699e-10,79.1,100,88.9999999952,79.0999999948,89,100,79.1,70.19,89,79.1,89,79.0999999994
3192,0.320218351529,98,3,1,0,79.1,100,88.9999999952,79.0999999948,89,100,79.1,70.19,89,79.1,89,79.0999999994
3193,0.320193349446,98,3,1,0,79.1,100,88.9999999952,79.0999999948,89,100,79.1,70.19,89,79.1,89,79.0999999994
3194,0.320168347362,98,3,1,0,79.1,100,88.9999999952,79.0999999948,89,100,79.1,70.19,89,79.1,89,79.0999999994
3195,0.320143345279,98,3,1,0,79.1,100,88.9999999952,79.0999999948,89,100,79.1,70.19,89,79.1,89,79.0999999994
3196,0.320118343195,97,4,1,0,79.1,100,88.9999999952,79.0999999948,89,100,79.1,70.19,89,79.1,89,79.0999999994
3197,0.320093341112,98,3,1,0,79.1,100,88.9999999952,79.0999999948,89,100,79.1,70.19,89,79.1,89,79.0999999994
3198,0.320068339028,97,4,1,0,79.1,100,88.9999999952,79.0999999948,89,100,79.1,70.19,89,79.1,89,79.0999999994
3199,0.320043336945,98,3,1,0,79.1,100,88.9999999952,79.0999999948,89,100,79.1,70.19,89,79.1,89,79.0999999994
3200,0.320018334861,98,3,1,0,79.1,100,88.9999999952,79.0999999948,89,100,79.1,70.19,89,79.1,89,79.0999999994
3201,0.319993332778,90,11,1,1.88822468772e-09,79.1,100,88.9999999952,79.0999999966,89,100,79.1,70.19,89,79.1,89,79.0999999995
3202,0.319968330694,98,3,1,0,79.1,100,88.9999999952,79.0999999966,89,100,79.1,70.19,89,79.1,89,79.0999999995
3203,0.319943328611,98,3,1,0,79.1,100,88.9999999952,79.0999999966,89,100,79.1,70.19,89,79.1,89,79.0999999995
3204,0.319918326527,98,3,1,0,79.1,100,88.9999999952,79.0999999966,89,100,79.1,70.19,89,79.1,89,79.0999999995
3205,0.319893324444,98,3,1,0,79.1,100,88.9999999952,79.0999999966,89,100,79.1,70.19,89,79.1,89,79.0999999995
3206,0.31986832236,96,5,1,9.50521439336e-10,79.1,100,88.9999999962,79.0999999966,89,100,79.1,70.19,89,79.1,89,79.0999999995
3207,0.319843320277,96,5,1,0,79.1,100,88.9999999962,79.0999999966,89,100,79.1,70.19,89,79.1,89,79.0999999995
3208,0.319818318193,98,3,1,0,79.1,100,88.9999999962,79.0999999966,89,100,79.1,70.19,89,79.1,89,79.0999999995
3209,0.31979331611,96,5,1,0,79.1,100,88.9999999962,79.0999999966,89,100,79.1,70.19,89,79.1,89,79.0999999995
3210,0.319768314026,96,5,1,7.60408624956e-10,79.1,100,88.999999997,79.0999999966,89,100,79.1,70.19,89,79.1,89,79.0999999995
3211,0.319743311943,96,5,1,0,79.1,100,88.999999997,79.0999999966,89,100,79.1,70.19,89,79.1,89,79.0999999995
3212,0.319718309859,97,4,1,0,79.1,100,88.999999997,79.0999999966,89,100,79.1,70.19,89,79.1,89,79.0999999995
3213,0.319693307776,98,3,1,0,79.1,100,88.999999997,79.0999999966,89,100,79.1,70.19,89,79.1,89,79.0999999995
3214,0.319668305692,98,3,1,0,79.1,100,88.999999997,79.0999999966,89,100,79.1,70.19,89,79.1,89,79.0999999995
3215,0.319643303609,95,6,1,0,79.1,100,88.999999997,79.0999999966,89,100,79.1,70.19,89,79.1,89,79.0999999995
3216,0.319618301525,98,3,1,0,79.1,100,88.999999997,79.0999999966,89,100,79.1,70.19,89,79.1,89,79.0999999995
3217,0.319593299442,98,3,1,0,79.1,100,88.999999997,79.0999999966,89,100,79.1,70.19,89,79.1,89,79.0999999995
3218,0.319568297358,92,9,1,6.71377620165e-10,79.1,100,88.9999999976,79.0999999973,89,100,79.1,70.19,89,79.1,89,79.0999999995
3219,0.319543295275,98,3,1,0,79.1,100,88.9999999976,79.0999999973,89,100,79.1,70.19,89,79.1,89,79.0999999995
3220,0.319518293191,98,3,1,0,79.1,100,88.9999999976,79.0999999973,89,100,79.1,70.19,89,79.1,89,79.0999999995
3221,0.319493291108,98,3,1,0,79.1,100,88.9999999976,79.0999999973,89,100,79.1,70.19,89,79.1,89,79.0999999995
3222,0.319468289024,98,3,1,0,79.1,100,88.9999999976,79.0999999973,89,100,79.1,70.19,89,79.1,89,79.0999999995
3223,0.319443286941,98,3,1,0,79.1,100,88.9999999976,79.0999999973,89,100,79.1,70.19,89,79.1,89,79.0999999995
3224,0.319418284857,97,4,1,0,79.1,100,88.9999999976,79.0999999973,89,100,79.1,70.19,89,79.1,89,79.0999999995
3225,0.319393282774,97,4,1,0,79.1,100,88.9999999976,79.0999999973,89,100,79.1,70.19,89,79.1,89,79.0999999995
3226,0.31936828069,98,3,1,0,79.1,100,88.9999999976,79.0999999973,89,100,79.1,70.19,89,79.1,89,79.0999999995
3227,0.319343278607,98,3,1,0,79.1,100,88.9999999976,79.0999999973,89,100,79.1,70.19,89,79.1,89,79.0999999995
3228,0.319318276523,96,5,1,0,79.1,100,88.9999999976,79.0999999973,89,100,79.1,70.19,89,79.1,89,79.0999999995
3229,0.31929327444,97,4,1,0,79.1,100,88.9999999976,79.0999999973,89,100,79.1,70.19,89,79.1,89,79.0999999995
3230,0.319268272356,98,3,1,0,79.1,100,88.9999999976,79.0999999973,89,100,79.1,70.19,89,79.1,89,79.0999999995
3231,0.319243270273,98,3,1,0,79.1,100,88.9999999976,79.0999999973,89,100,79.1,70.19,89,79.1,89,79.0999999995
3232,0.319218268189,98,3,1,0,79.1,100,88.9999999976,79.0999999973,89,100,79.1,70.19,89,79.1,89,79.0999999995
3233,0.319193266106,96,5,1,0,79.1,100,88.9999999976,79.0999999973,89,100,79.1,70.19,89,79.1,89,79.0999999995
3234,0.319168264022,98,3,1,0,79.1,100,88.9999999976,79.0999999973,89,100,79.1,70.19,89,79.1,89,79.0999999995
3235,0.319143261938,96,5,1,0,79.1,100,88.9999999976,79.0999999973,89,100,79.1,70.19,89,79.1,89,79.0999999995
3236,0.319118259855,97,4,1,0,79.1,100,88.9999999976,79.0999999973,89,100,79.1,70.19,89,79.1,89,79.0999999995
3237,0.319093257771,90,11,1,9.10347353056e-11,79.1,100,88.9999999976,79.0999999973,89,100,79.1,70.19,89,79.1,89,79.0999999996
3238,0.319068255688,98,3,1,0,79.1,100,88.9999999976,79.0999999973,89,100,79.1,70.19,89,79.1,89,79.0999999996
3239,0.319043253604,98,3,1,0,79.1,100,88.9999999976,79.0999999973,89,100,79.1,70.19,89,79.1,89,79.0999999996
3240,0.319018251521,98,3,1,0,79.1,100,88.9999999976,79.0999999973,89,100,79.1,70.19,89,79.1,89,79.0999999996
3241,0.318993249437,98,3,1,0,79.1,100,88.9999999976,79.0999999973,89,100,79.1,70.19,89,79.1,89,79.0999999996
3242,0.318968247354,98,3,1,0,79.1,100,88.9999999976,79.0999999973,89,100,79.1,70.19,89,79.1,89,79.0999999996
3243,0.31894324527,98,3,1,0,79.1,100,88.9999999976,79.0999999973,89,100,79.1,70.19,89,79.1,89,79.0999999996
3244,0.318918243187,98,3,1,0,79.1,100,88.9999999976,79.0999999973,89,100,79.1,70.19,89,79.1,89,79.0999999996
3245,0.318893241103,98,3,1,0,79.1,100,88.9999999976,79.0999999973,89,100,79.1,70.19,89,79.1,89,79.0999999996
3246,0.31886823902,98,3,1,0,79.1,100,88.9999999976,79.0999999973,89,100,79.1,70.19,89,79.1,89,79.0999999996
3247,0.318843236936,94,7,1,0,79.1,100,88.9999999976,79.0999999973,89,100,79.1,70.19,89,79.1,89,79.0999999996
3248,0.318818234853,98,3,1,0,79.1,100,88.9999999976,79.0999999973,89,100,79.1,70.19,89,79.1,89,79.0999999996
3249,0.318793232769,98,3,1,0,79.1,100,88.9999999976,79.0999999973,89,100,79.1,70.19,89,79.1,89,79.0999999996
3250,0.318768230686,98,3,1,0,79.1,100,88.9999999976,79.0999999973,89,100,79.1,70.19,89,79.1,89,79.0999999996
3251,0.318743228602,98,3,1,0,79.1,100,88.9999999976,79.0999999973,89,100,79.1,70.19,89,79.1,89,79.0999999996
3252,0.318718226519,96,5,1,0,79.1,100,88.9999999976,79.0999999973,89,100,79.1,70.19,89,79.1,89,79.0999999996
3253,0.318693224435,97,4,1,0,79.1,100,88.9999999976,79.0999999973,89,100,79.1,70.19,89,79.1,89,79.0999999996
3254,0.318668222352,98,3,1,0,79.1,100,88.9999999976,79.0999999973,89,100,79.1,70.19,89,79.1,89,79.0999999996
3255,0.318643220268,98,3,1,0,79.1,100,88.9999999976,79.0999999973,89,100,79.1,70.19,89,79.1,89,79.0999999996
3256,0.318618218185,98,3,1,0,79.1,100,88.9999999976,79.0999999973,89,100,79.1,70.19,89,79.1,89,79.0999999996
3257,0.318593216101,98,3,1,0,79.1,100,88.9999999976,79.0999999973,89,100,79.1,70.19,89,79.1,89,79.0999999996
3258,0.318568214018,98,3,1,0,79.1,100,88.9999999976,79.0999999973,89,100,79.1,70.19,89,79.1,89,79.0999999996
3259,0.318543211934,96,5,1,0,79.1,100,88.9999999976,79.0999999973,89,100,79.1,70.19,89,79.1,89,79.0999999996
3260,0.318518209851,98,3,1,0,79.1,100,88.9999999976,79.0999999973,89,100,79.1,70.19,89,79.1,89,79.0999999996
3261,0.318493207767,98,3,1,0,79.1,100,88.9999999976,79.0999999973,89,100,79.1,70.19,89,79.1,89,79.0999999996
3262,0.318468205684,96,5,1,0,79.1,100,88.9999999976,79.0999999973,89,100,79.1,70.19,89,79.1,89,79.0999999996
3263,0.3184432036,98,3,1,0,79.1,100,88.9999999976,79.0999999973,89,100,79.1,70.19,89,79.1,89,79.0999999996
3264,0.318418201517,98,3,1,0,79.1,100,88.9999999976,79.0999999973,89,100,79.1,70.19,89,79.1,89,79.0999999996
3265,0.318393199433,95,6,1,5.37099253961e-10,79.1,100,88.9999999976,79.0999999979,89,100,79.1,70.19,89,79.1,89,79.0999999996
3266,0.31836819735,98,3,1,0,79.1,100,88.9999999976,79.0999999979,89,100,79.1,70.19,89,79.1,89,79.0999999996
3267,0.318343195266,97,4,1,0,79.1,100,88.9999999976,79.0999999979,89,100,79.1,70.19,89,79.1,89,79.0999999996
3268,0.318318193183,98,3,1,0,79.1,100,88.9999999976,79.0999999979,89,100,79.1,70.19,89,79.1,89,79.0999999996
3269,0.318293191099,98,3,1,0,79.1,100,88.9999999976,79.0999999979,89,100,79.1,70.19,89,79.1,89,79.0999999996
3270,0.318268189016,98,3,1,0,79.1,100,88.9999999976,79.0999999979,89,100,79.1,70.19,89,79.1,89,79.0999999996
3271,0.318243186932,98,3,1,0,79.1,100,88.9999999976,79.0999999979,89,100,79.1,70.19,89,79.1,89,79.0999999996
3272,0.318218184849,98,3,1,0,79.1,100,88.9999999976,79.0999999979,89,100,79.1,70.19,89,79.1,89,79.0999999996
3273,0.318193182765,98,3,1,0,79.1,100,88.9999999976,79.0999999979,89,100,79.1,70.19,89,79.1,89,79.0999999996
3274,0.318168180682,98,3,1,0,79.1,100,88.9999999976,79.0999999979,89,100,79.1,70.19,89,79.1,89,79.0999999996
3275,0.318143178598,97,4,1,0,79.1,100,88.9999999976,79.0999999979,89,100,79.1,70.19,89,79.1,89,79.0999999996
3276,0.318118176515,97,4,1,0,79.1,100,88.9999999976,79.0999999979,89,100,79.1,70.19,89,79.1,89,79.0999999996
3277,0.318093174431,96,5,1,0,79.1,100,88.9999999976,79.0999999979,89,100,79.1,70.19,89,79.1,89,79.0999999996
3278,0.318068172348,95,6,1,4.29679403169e-10,79.1,100,88.9999999976,79.0999999983,89,100,79.1,70.19,89,79.1,89,79.0999999996
3279,0.318043170264,98,3,1,0,79.1,100,88.9999999976,79.0999999983,89,100,79.1,70.19,89,79.1,89,79.0999999996
3280,0.318018168181,98,3,1,0,79.1,100,88.9999999976,79.0999999983,89,100,79.1,70.19,89,79.1,89,79.0999999996
3281,0.317993166097,98,3,1,0,79.1,100,88.9999999976,79.0999999983,89,100,79.1,70.19,89,79.1,89,79.0999999996
3282,0.317968164014,98,3,1,0,79.1,100,88.9999999976,79.0999999983,89,100,79.1,70.19,89,79.1,89,79.0999999996
3283,0.31794316193,96,5,1,0,79.1,100,88.9999999976,79.0999999983,89,100,79.1,70.19,89,79.1,89,79.0999999996
3284,0.317918159847,97,4,1,0,79.1,100,88.9999999976,79.0999999983,89,100,79.1,70.19,89,79.1,89,79.0999999996
3285,0.317893157763,96,5,1,0,79.1,100,88.9999999976,79.0999999983,89,100,79.1,70.19,89,79.1,89,79.0999999996
3286,0.31786815568,98,3,1,0,79.1,100,88.9999999976,79.0999999983,89,100,79.1,70.19,89,79.1,89,79.0999999996
3287,0.317843153596,98,3,1,0,79.1,100,88.9999999976,79.0999999983,89,100,79.1,70.19,89,79.1,89,79.0999999996
3288,0.317818151513,98,3,1,0,79.1,100,88.9999999976,79.0999999983,89,100,79.1,70.19,89,79.1,89,79.0999999996
3289,0.317793149429,98,3,1,0,79.1,100,88.9999999976,79.0999999983,89,100,79.1,70.19,89,79.1,89,79.0999999996
3290,0.317768147346,97,4,1,0,79.1,100,88.9999999976,79.0999999983,89,100,79.1,70.19,89,79.1,89,79.0999999996
3291,0.317743145262,95,6,1,0,79.1,100,88.9999999976,79.0999999983,89,100,79.1,70.19,89,79.1,89,79.0999999996
3292,0.317718143179,98,3,1,0,79.1,100,88.9999999976,79.0999999983,89,100,79.1,70.19,89,79.1,89,79.0999999996
3293,0.317693141095,96,5,1,0,79.1,100,88.9999999976,79.0999999983,89,100,79.1,70.19,89,79.1,89,79.0999999996
3294,0.317668139012,94,7,1,0,79.1,100,88.9999999976,79.0999999983,89,100,79.1,70.19,89,79.1,89,79.0999999996
3295,0.317643136928,93,8,1,0,79.1,100,88.9999999976,79.0999999983,89,100,79.1,70.19,89,79.1,89,79.0999999996
3296,0.317618134845,96,5,1,0,79.1,100,88.9999999976,79.0999999983,89,100,79.1,70.19,89,79.1,89,79.0999999996
3297,0.317593132761,98,3,1,0,79.1,100,88.9999999976,79.0999999983,89,100,79.1,70.19,89,79.1,89,79.0999999996
3298,0.317568130678,98,3,1,0,79.1,100,88.9999999976,79.0999999983,89,100,79.1,70.19,89,79.1,89,79.0999999996
3299,0.317543128594,98,3,1,0,79.1,100,88.9999999976,79.0999999983,89,100,79.1,70.19,89,79.1,89,79.0999999996
3300,0.317518126511,98,3,1,0,79.1,100,88.9999999976,79.0999999983,89,100,79.1,70.19,89,79.1,89,79.0999999996
3301,0.317493124427,97,4,1,0,79.1,100,88.9999999976,79.0999999983,89,100,79.1,70.19,89,79.1,89,79.0999999996
3302,0.317468122344,98,3,1,0,79.1,100,88.9999999976,79.0999999983,89,100,79.1,70.19,89,79.1,89,79.0999999996
3303,0.31744312026,93,8,1,4.86664930577e-10,79.1,100,88.9999999981,79.0999999986,89,100,79.1,70.19,89,79.1,89,79.0999999996
3304,0.317418118177,98,3,1,0,79.1,100,88.9999999981,79.0999999986,89,100,79.1,70.19,89,79.1,89,79.0999999996
3305,0.317393116093,98,3,1,0,79.1,100,88.9999999981,79.0999999986,89,100,79.1,70.19,89,79.1,89,79.0999999996
3306,0.31736811401,98,3,1,0,79.1,100,88.9999999981,79.0999999986,89,100,79.1,70.19,89,79.1,89,79.0999999996
3307,0.317343111926,98,3,1,0,79.1,100,88.9999999981,79.0999999986,89,100,79.1,70.19,89,79.1,89,79.0999999996
3308,0.317318109842,98,3,1,0,79.1,100,88.9999999981,79.0999999986,89,100,79.1,70.19,89,79.1,89,79.0999999996
3309,0.317293107759,95,6,1,2.74994249594e-10,79.1,100,88.9999999981,79.0999999989,89,100,79.1,70.19,89,79.1,89,79.0999999996
3310,0.317268105675,98,3,1,0,79.1,100,88.9999999981,79.0999999989,89,100,79.1,70.19,89,79.1,89,79.0999999996
3311,0.317243103592,96,5,1,7.28306304154e-11,79.1,100,88.9999999981,79.0999999989,89,100,79.1,70.19,89,79.1,89,79.0999999997
3312,0.317218101508,96,5,1,5.82645043323e-11,79.1,100,88.9999999981,79.0999999989,89,100,79.1,70.19,89,79.1,89,79.0999999998
3313,0.317193099425,92,9,1,4.66116034659e-11,79.1,100,88.9999999981,79.0999999989,89,100,79.1,70.19,89,79.1,89,79.0999999998
3314,0.317168097341,98,3,1,0,79.1,100,88.9999999981,79.0999999989,89,100,79.1,70.19,89,79.1,89,79.0999999998
3315,0.317143095258,98,3,1,0,79.1,100,88.9999999981,79.0999999989,89,100,79.1,70.19,89,79.1,89,79.0999999998
3316,0.317118093174,91,10,1,0,79.1,100,88.9999999981,79.0999999989,89,100,79.1,70.19,89,79.1,89,79.0999999998
3317,0.317093091091,98,3,1,0,79.1,100,88.9999999981,79.0999999989,89,100,79.1,70.19,89,79.1,89,79.0999999998
3318,0.317068089007,95,6,1,2.19998241846e-10,79.1,100,88.9999999981,79.0999999991,89,100,79.1,70.19,89,79.1,89,79.0999999998
3319,0.317043086924,98,3,1,0,79.1,100,88.9999999981,79.0999999991,89,100,79.1,70.19,89,79.1,89,79.0999999998
3320,0.31701808484,98,3,1,0,79.1,100,88.9999999981,79.0999999991,89,100,79.1,70.19,89,79.1,89,79.0999999998
3321,0.316993082757,98,3,1,0,79.1,100,88.9999999981,79.0999999991,89,100,79.1,70.19,89,79.1,89,79.0999999998
3322,0.316968080673,98,3,1,0,79.1,100,88.9999999981,79.0999999991,89,100,79.1,70.19,89,79.1,89,79.0999999998
3323,0.31694307859,98,3,1,0,79.1,100,88.9999999981,79.0999999991,89,100,79.1,70.19,89,79.1,89,79.0999999998
3324,0.316918076506,98,3,1,0,79.1,100,88.9999999981,79.0999999991,89,100,79.1,70.19,89,79.1,89,79.0999999998
3325,0.316893074423,98,3,1,0,79.1,100,88.9999999981,79.0999999991,89,100,79.1,70.19,89,79.1,89,79.0999999998
3326,0.316868072339,98,3,1,0,79.1,100,88.9999999981,79.0999999991,89,100,79.1,70.19,89,79.1,89,79.0999999998
3327,0.316843070256,98,3,1,0,79.1,100,88.9999999981,79.0999999991,89,100,79.1,70.19,89,79.1,89,79.0999999998
3328,0.316818068172,98,3,1,0,79.1,100,88.9999999981,79.0999999991,89,100,79.1,70.19,89,79.1,89,79.0999999998
3329,0.316793066089,98,3,1,0,79.1,100,88.9999999981,79.0999999991,89,100,79.1,70.19,89,79.1,89,79.0999999998
3330,0.316768064005,98,3,1,0,79.1,100,88.9999999981,79.0999999991,89,100,79.1,70.19,89,79.1,89,79.0999999998
3331,0.316743061922,97,4,1,0,79.1,100,88.9999999981,79.0999999991,89,100,79.1,70.19,89,79.1,89,79.0999999998
3332,0.316718059838,97,4,1,0,79.1,100,88.9999999981,79.0999999991,89,100,79.1,70.19,89,79.1,89,79.0999999998
3333,0.316693057755,98,3,1,0,79.1,100,88.9999999981,79.0999999991,89,100,79.1,70.19,89,79.1,89,79.0999999998
3334,0.316668055671,98,3,1,0,79.1,100,88.9999999981,79.0999999991,89,100,79.1,70.19,89,79.1,89,79.0999999998
3335,0.316643053588,98,3,1,0,79.1,100,88.9999999981,79.0999999991,89,100,79.1,70.19,89,79.1,89,79.0999999998
3336,0.316618051504,98,3,1,0,79.1,100,88.9999999981,79.0999999991,89,100,79.1,70.19,89,79.1,89,79.0999999998
3337,0.316593049421,98,3,1,0,79.1,100,88.9999999981,79.0999999991,89,100,79.1,70.19,89,79.1,89,79.0999999998
3338,0.316568047337,98,3,1,0,79.1,100,88.9999999981,79.0999999991,89,100,79.1,70.19,89,79.1,89,79.0999999998
3339,0.316543045254,98,3,1,0,79.1,100,88.9999999981,79.0999999991,89,100,79.1,70.19,89,79.1,89,79.0999999998
3340,0.31651804317,98,3,1,0,79.1,100,88.9999999981,79.0999999991,89,100,79.1,70.19,89,79.1,89,79.0999999998
3341,0.316493041087,98,3,1,0,79.1,100,88.9999999981,79.0999999991,89,100,79.1,70.19,89,79.1,89,79.0999999998
3342,0.316468039003,95,6,1,0,79.1,100,88.9999999981,79.0999999991,89,100,79.1,70.19,89,79.1,89,79.0999999998
3343,0.31644303692,98,3,1,0,79.1,100,88.9999999981,79.0999999991,89,100,79.1,70.19,89,79.1,89,79.0999999998
3344,0.316418034836,96,5,1,0,79.1,100,88.9999999981,79.0999999991,89,100,79.1,70.19,89,79.1,89,79.0999999998
3345,0.316393032753,98,3,1,0,79.1,100,88.9999999981,79.0999999991,89,100,79.1,70.19,89,79.1,89,79.0999999998
3346,0.316368030669,98,3,1,0,79.1,100,88.9999999981,79.0999999991,89,100,79.1,70.19,89,79.1,89,79.0999999998
3347,0.316343028586,97,4,1,0,79.1,100,88.9999999981,79.0999999991,89,100,79.1,70.19,89,79.1,89,79.0999999998
3348,0.316318026502,98,3,1,0,79.1,100,88.9999999981,79.0999999991,89,100,79.1,70.19,89,79.1,89,79.0999999998
3349,0.316293024419,98,3,1,0,79.1,100,88.9999999981,79.0999999991,89,100,79.1,70.19,89,79.1,89,79.0999999998
3350,0.316268022335,98,3,1,0,79.1,100,88.9999999981,79.0999999991,89,100,79.1,70.19,89,79.1,89,79.0999999998
3351,0.316243020252,98,3,1,0,79.1,100,88.9999999981,79.0999999991,89,100,79.1,70.19,89,79.1,89,79.0999999998
3352,0.316218018168,97,4,1,0,79.1,100,88.9999999981,79.0999999991,89,100,79.1,70.19,89,79.1,89,79.0999999998
3353,0.316193016085,98,3,1,0,79.1,100,88.9999999981,79.0999999991,89,100,79.1,70.19,89,79.1,89,79.0999999998
3354,0.316168014001,98,3,1,0,79.1,100,88.9999999981,79.0999999991,89,100,79.1,70.19,89,79.1,89,79.0999999998
3355,0.316143011918,98,3,1,0,79.1,100,88.9999999981,79.0999999991,89,100,79.1,70.19,89,79.1,89,79.0999999998
3356,0.316118009834,96,5,1,3.89334786632e-10,79.1,100,88.9999999984,79.0999999991,89,100,79.1,70.19,89,79.1,89,79.0999999998
3357,0.316093007751,98,3,1,0,79.1,100,88.9999999984,79.0999999991,89,100,79.1,70.19,89,79.1,89,79.0999999998
3358,0.316068005667,98,3,1,0,79.1,100,88.9999999984,79.0999999991,89,100,79.1,70.19,89,79.1,89,79.0999999998
3359,0.316043003584,96,5,1,0,79.1,100,88.9999999984,79.0999999991,89,100,79.1,70.19,89,79.1,89,79.0999999998
3360,0.3160180015,98,3,1,0,79.1,100,88.9999999984,79.0999999991,89,100,79.1,70.19,89,79.1,89,79.0999999998
3361,0.315992999417,98,3,1,0,79.1,100,88.9999999984,79.0999999991,89,100,79.1,70.19,89,79.1,89,79.0999999998
3362,0.315967997333,95,6,1,0,79.1,100,88.9999999984,79.0999999991,89,100,79.1,70.19,89,79.1,89,79.0999999998
3363,0.31594299525,96,5,1,3.11459302793e-10,79.1,100,88.9999999988,79.0999999991,89,100,79.1,70.19,89,79.1,89,79.0999999998
3364,0.315917993166,98,3,1,0,79.1,100,88.9999999988,79.0999999991,89,100,79.1,70.19,89,79.1,89,79.0999999998
3365,0.315892991083,98,3,1,0,79.1,100,88.9999999988,79.0999999991,89,100,79.1,70.19,89,79.1,89,79.0999999998
3366,0.315867988999,97,4,1,0,79.1,100,88.9999999988,79.0999999991,89,100,79.1,70.19,89,79.1,89,79.0999999998
3367,0.315842986916,98,3,1,0,79.1,100,88.9999999988,79.0999999991,89,100,79.1,70.19,89,79.1,89,79.0999999998
3368,0.315817984832,97,4,1,0,79.1,100,88.9999999988,79.0999999991,89,100,79.1,70.19,89,79.1,89,79.0999999998
3369,0.315792982749,97,4,1,0,79.1,100,88.9999999988,79.0999999991,89,100,79.1,70.19,89,79.1,89,79.0999999998
3370,0.315767980665,98,3,1,0,79.1,100,88.9999999988,79.0999999991,89,100,79.1,70.19,89,79.1,89,79.0999999998
3371,0.315742978582,98,3,1,0,79.1,100,88.9999999988,79.0999999991,89,100,79.1,70.19,89,79.1,89,79.0999999998
3372,0.315717976498,98,3,1,0,79.1,100,88.9999999988,79.0999999991,89,100,79.1,70.19,89,79.1,89,79.0999999998
3373,0.315692974415,98,3,1,0,79.1,100,88.9999999988,79.0999999991,89,100,79.1,70.19,89,79.1,89,79.0999999998
3374,0.315667972331,98,3,1,0,79.1,100,88.9999999988,79.0999999991,89,100,79.1,70.19,89,79.1,89,79.0999999998
3375,0.315642970248,96,5,1,0,79.1,100,88.9999999988,79.0999999991,89,100,79.1,70.19,89,79.1,89,79.0999999998
3376,0.315617968164,96,5,1,0,79.1,100,88.9999999988,79.0999999991,89,100,79.1,70.19,89,79.1,89,79.0999999998
3377,0.315592966081,98,3,1,0,79.1,100,88.9999999988,79.0999999991,89,100,79.1,70.19,89,79.1,89,79.0999999998
3378,0.315567963997,97,4,1,0,79.1,100,88.9999999988,79.0999999991,89,100,79.1,70.19,89,79.1,89,79.0999999998
3379,0.315542961913,97,4,1,0,79.1,100,88.9999999988,79.0999999991,89,100,79.1,70.19,89,79.1,89,79.0999999998
3380,0.31551795983,97,4,1,0,79.1,100,88.9999999988,79.0999999991,89,100,79.1,70.19,89,79.1,89,79.0999999998
3381,0.315492957746,98,3,1,0,79.1,100,88.9999999988,79.0999999991,89,100,79.1,70.19,89,79.1,89,79.0999999998
3382,0.315467955663,98,3,1,0,79.1,100,88.9999999988,79.0999999991,89,100,79.1,70.19,89,79.1,89,79.0999999998
3383,0.315442953579,98,3,1,0,79.1,100,88.9999999988,79.0999999991,89,100,79.1,70.19,89,79.1,89,79.0999999998
3384,0.315417951496,98,3,1,0,79.1,100,88.9999999988,79.0999999991,89,100,79.1,70.19,89,79.1,89,79.0999999998
3385,0.315392949412,98,3,1,0,79.1,100,88.9999999988,79.0999999991,89,100,79.1,70.19,89,79.1,89,79.0999999998
3386,0.315367947329,96,5,1,3.72892827727e-11,79.1,100,88.9999999988,79.0999999991,89,100,79.1,70.19,89,79.1,89,79.0999999999
3387,0.315342945245,98,3,1,0,79.1,100,88.9999999988,79.0999999991,89,100,79.1,70.19,89,79.1,89,79.0999999999
3388,0.315317943162,98,3,1,0,79.1,100,88.9999999988,79.0999999991,89,100,79.1,70.19,89,79.1,89,79.0999999999
3389,0.315292941078,98,3,1,0,79.1,100,88.9999999988,79.0999999991,89,100,79.1,70.19,89,79.1,89,79.0999999999
3390,0.315267938995,98,3,1,0,79.1,100,88.9999999988,79.0999999991,89,100,79.1,70.19,89,79.1,89,79.0999999999
3391,0.315242936911,98,3,1,0,79.1,100,88.9999999988,79.0999999991,89,100,79.1,70.19,89,79.1,89,79.0999999999
3392,0.315217934828,98,3,1,0,79.1,100,88.9999999988,79.0999999991,89,100,79.1,70.19,89,79.1,89,79.0999999999
3393,0.315192932744,97,4,1,0,79.1,100,88.9999999988,79.0999999991,89,100,79.1,70.19,89,79.1,89,79.0999999999
3394,0.315167930661,98,3,1,0,79.1,100,88.9999999988,79.0999999991,89,100,79.1,70.19,89,79.1,89,79.0999999999
3395,0.315142928577,98,3,1,0,79.1,100,88.9999999988,79.0999999991,89,100,79.1,70.19,89,79.1,89,79.0999999999
3396,0.315117926494,98,3,1,0,79.1,100,88.9999999988,79.0999999991,89,100,79.1,70.19,89,79.1,89,79.0999999999
3397,0.31509292441,96,5,1,0,79.1,100,88.9999999988,79.0999999991,89,100,79.1,70.19,89,79.1,89,79.0999999999
3398,0.315067922327,98,3,1,0,79.1,100,88.9999999988,79.0999999991,89,100,79.1,70.19,89,79.1,89,79.0999999999
3399,0.315042920243,97,4,1,0,79.1,100,88.9999999988,79.0999999991,89,100,79.1,70.19,89,79.1,89,79.0999999999
3400,0.31501791816,97,4,1,0,79.1,100,88.9999999988,79.0999999991,89,100,79.1,70.19,89,79.1,89,79.0999999999
3401,0.314992916076,98,3,1,0,79.1,100,88.9999999988,79.0999999991,89,100,79.1,70.19,89,79.1,89,79.0999999999
3402,0.314967913993,98,3,1,0,79.1,100,88.9999999988,79.0999999991,89,100,79.1,70.19,89,79.1,89,79.0999999999
3403,0.314942911909,98,3,1,0,79.1,100,88.9999999988,79.0999999991,89,100,79.1,70.19,89,79.1,89,79.0999999999
3404,0.314917909826,98,3,1,0,79.1,100,88.9999999988,79.0999999991,89,100,79.1,70.19,89,79.1,89,79.0999999999
3405,0.314892907742,98,3,1,0,79.1,100,88.9999999988,79.0999999991,89,100,79.1,70.19,89,79.1,89,79.0999999999
3406,0.314867905659,98,3,1,0,79.1,100,88.9999999988,79.0999999991,89,100,79.1,70.19,89,79.1,89,79.0999999999
3407,0.314842903575,98,3,1,0,79.1,100,88.9999999988,79.0999999991,89,100,79.1,70.19,89,79.1,89,79.0999999999
3408,0.314817901492,96,5,1,0,79.1,100,88.9999999988,79.0999999991,89,100,79.1,70.19,89,79.1,89,79.0999999999
3409,0.314792899408,96,5,1,2.49173126576e-10,79.1,100,88.999999999,79.0999999991,89,100,79.1,70.19,89,79.1,89,79.0999999999
3410,0.314767897325,98,3,1,0,79.1,100,88.999999999,79.0999999991,89,100,79.1,70.19,89,79.1,89,79.0999999999
3411,0.314742895241,98,3,1,0,79.1,100,88.999999999,79.0999999991,89,100,79.1,70.19,89,79.1,89,79.0999999999
3412,0.314717893158,98,3,1,0,79.1,100,88.999999999,79.0999999991,89,100,79.1,70.19,89,79.1,89,79.0999999999
3413,0.314692891074,98,3,1,0,79.1,100,88.999999999,79.0999999991,89,100,79.1,70.19,89,79.1,89,79.0999999999
3414,0.314667888991,98,3,1,0,79.1,100,88.999999999,79.0999999991,89,100,79.1,70.19,89,79.1,89,79.0999999999
3415,0.314642886907,98,3,1,0,79.1,100,88.999999999,79.0999999991,89,100,79.1,70.19,89,79.1,89,79.0999999999
3416,0.314617884824,98,3,1,0,79.1,100,88.999999999,79.0999999991,89,100,79.1,70.19,89,79.1,89,79.0999999999
3417,0.31459288274,95,6,1,1.75987224793e-10,79.1,100,88.999999999,79.0999999993,89,100,79.1,70.19,89,79.1,89,79.0999999999
3418,0.314567880657,98,3,1,0,79.1,100,88.999999999,79.0999999993,89,100,79.1,70.19,89,79.1,89,79.0999999999
3419,0.314542878573,98,3,1,0,79.1,100,88.999999999,79.0999999993,89,100,79.1,70.19,89,79.1,89,79.0999999999
3420,0.31451787649,98,3,1,0,79.1,100,88.999999999,79.0999999993,89,100,79.1,70.19,89,79.1,89,79.0999999999
3421,0.314492874406,98,3,1,0,79.1,100,88.999999999,79.0999999993,89,100,79.1,70.19,89,79.1,89,79.0999999999
3422,0.314467872323,98,3,1,0,79.1,100,88.999999999,79.0999999993,89,100,79.1,70.19,89,79.1,89,79.0999999999
3423,0.314442870239,94,7,1,1.9933565909e-10,79.1,100,88.9999999992,79.0999999993,89,100,79.1,70.19,89,79.1,89,79.0999999999
3424,0.314417868156,97,4,1,0,79.1,100,88.9999999992,79.0999999993,89,100,79.1,70.19,89,79.1,89,79.0999999999
3425,0.314392866072,97,4,1,0,79.1,100,88.9999999992,79.0999999993,89,100,79.1,70.19,89,79.1,89,79.0999999999
3426,0.314367863989,98,3,1,0,79.1,100,88.9999999992,79.0999999993,89,100,79.1,70.19,89,79.1,89,79.0999999999
3427,0.314342861905,98,3,1,0,79.1,100,88.9999999992,79.0999999993,89,100,79.1,70.19,89,79.1,89,79.0999999999
3428,0.314317859822,98,3,1,0,79.1,100,88.9999999992,79.0999999993,89,100,79.1,70.19,89,79.1,89,79.0999999999
3429,0.314292857738,98,3,1,0,79.1,100,88.9999999992,79.0999999993,89,100,79.1,70.19,89,79.1,89,79.0999999999
3430,0.314267855655,97,4,1,0,79.1,100,88.9999999992,79.0999999993,89,100,79.1,70.19,89,79.1,89,79.0999999999
3431,0.314242853571,98,3,1,0,79.1,100,88.9999999992,79.0999999993,89,100,79.1,70.19,89,79.1,89,79.0999999999
3432,0.314217851488,98,3,1,0,79.1,100,88.9999999992,79.0999999993,89,100,79.1,70.19,89,79.1,89,79.0999999999
3433,0.314192849404,98,3,1,0,79.1,100,88.9999999992,79.0999999993,89,100,79.1,70.19,89,79.1,89,79.0999999999
3434,0.314167847321,98,3,1,0,79.1,100,88.9999999992,79.0999999993,89,100,79.1,70.19,89,79.1,89,79.0999999999
3435,0.314142845237,98,3,1,0,79.1,100,88.9999999992,79.0999999993,89,100,79.1,70.19,89,79.1,89,79.0999999999
3436,0.314117843154,97,4,1,0,79.1,100,88.9999999992,79.0999999993,89,100,79.1,70.19,89,79.1,89,79.0999999999
3437,0.31409284107,98,3,1,0,79.1,100,88.9999999992,79.0999999993,89,100,79.1,70.19,89,79.1,89,79.0999999999
3438,0.314067838987,98,3,1,0,79.1,100,88.9999999992,79.0999999993,89,100,79.1,70.19,89,79.1,89,79.0999999999
3439,0.314042836903,97,4,1,0,79.1,100,88.9999999992,79.0999999993,89,100,79.1,70.19,89,79.1,89,79.0999999999
3440,0.31401783482,98,3,1,0,79.1,100,88.9999999992,79.0999999993,89,100,79.1,70.19,89,79.1,89,79.0999999999
3441,0.313992832736,94,7,1,0,79.1,100,88.9999999992,79.0999999993,89,100,79.1,70.19,89,79.1,89,79.0999999999
3442,0.313967830653,97,4,1,0,79.1,100,88.9999999992,79.0999999993,89,100,79.1,70.19,89,79.1,89,79.0999999999
3443,0.313942828569,98,3,1,0,79.1,100,88.9999999992,79.0999999993,89,100,79.1,70.19,89,79.1,89,79.0999999999
3444,0.313917826486,98,3,1,0,79.1,100,88.9999999992,79.0999999993,89,100,79.1,70.19,89,79.1,89,79.0999999999
3445,0.313892824402,98,3,1,0,79.1,100,88.9999999992,79.0999999993,89,100,79.1,70.19,89,79.1,89,79.0999999999
3446,0.313867822319,95,6,1,0,79.1,100,88.9999999992,79.0999999993,89,100,79.1,70.19,89,79.1,89,79.0999999999
3447,0.313842820235,93,8,1,2.53436382991e-10,79.1,100,88.9999999992,79.0999999995,89,100,79.1,70.19,89,79.1,89,79.0999999999
3448,0.313817818152,98,3,1,0,79.1,100,88.9999999992,79.0999999995,89,100,79.1,70.19,89,79.1,89,79.0999999999
3449,0.313792816068,98,3,1,0,79.1,100,88.9999999992,79.0999999995,89,100,79.1,70.19,89,79.1,89,79.0999999999
3450,0.313767813984,98,3,1,0,79.1,100,88.9999999992,79.0999999995,89,100,79.1,70.19,89,79.1,89,79.0999999999
3451,0.313742811901,97,4,1,0,79.1,100,88.9999999992,79.0999999995,89,100,79.1,70.19,89,79.1,89,79.0999999999
3452,0.313717809817,98,3,1,0,79.1,100,88.9999999992,79.0999999995,89,100,79.1,70.19,89,79.1,89,79.0999999999
3453,0.313692807734,94,7,1,2.98285840472e-11,79.1,100,88.9999999992,79.0999999995,89,100,79.1,70.19,89,79.1,89,79.0999999999
3454,0.31366780565,98,3,1,0,79.1,100,88.9999999992,79.0999999995,89,100,79.1,70.19,89,79.1,89,79.0999999999
3455,0.313642803567,95,6,1,0,79.1,100,88.9999999992,79.0999999995,89,100,79.1,70.19,89,79.1,89,79.0999999999
3456,0.313617801483,96,5,1,0,79.1,100,88.9999999992,79.0999999995,89,100,79.1,70.19,89,79.1,89,79.0999999999
3457,0.3135927994,96,5,1,0,79.1,100,88.9999999992,79.0999999995,89,100,79.1,70.19,89,79.1,89,79.0999999999
3458,0.313567797316,98,3,1,0,79.1,100,88.9999999992,79.0999999995,89,100,79.1,70.19,89,79.1,89,79.0999999999
3459,0.313542795233,95,6,1,0,79.1,100,88.9999999992,79.0999999995,89,100,79.1,70.19,89,79.1,89,79.0999999999
3460,0.313517793149,98,3,1,0,79.1,100,88.9999999992,79.0999999995,89,100,79.1,70.19,89,79.1,89,79.0999999999
3461,0.313492791066,96,5,1,0,79.1,100,88.9999999992,79.0999999995,89,100,79.1,70.19,89,79.1,89,79.0999999999
3462,0.313467788982,96,5,1,1.59474211614e-10,79.1,100,88.9999999994,79.0999999995,89,100,79.1,70.19,89,79.1,89,79.0999999999
3463,0.313442786899,97,4,1,0,79.1,100,88.9999999994,79.0999999995,89,100,79.1,70.19,89,79.1,89,79.0999999999
3464,0.313417784815,98,3,1,0,79.1,100,88.9999999994,79.0999999995,89,100,79.1,70.19,89,79.1,89,79.0999999999
3465,0.313392782732,98,3,1,0,79.1,100,88.9999999994,79.0999999995,89,100,79.1,70.19,89,79.1,89,79.0999999999
3466,0.313367780648,96,5,1,0,79.1,100,88.9999999994,79.0999999995,89,100,79.1,70.19,89,79.1,89,79.0999999999
3467,0.313342778565,94,7,1,2.38742359215e-11,79.1,100,88.9999999994,79.0999999995,89,100,79.1,70.19,89,79.1,89,79.0999999999
3468,0.313317776481,98,3,1,0,79.1,100,88.9999999994,79.0999999995,89,100,79.1,70.19,89,79.1,89,79.0999999999
3469,0.313292774398,98,3,1,0,79.1,100,88.9999999994,79.0999999995,89,100,79.1,70.19,89,79.1,89,79.0999999999
3470,0.313267772314,98,3,1,0,79.1,100,88.9999999994,79.0999999995,89,100,79.1,70.19,89,79.1,89,79.0999999999
3471,0.313242770231,98,3,1,0,79.1,100,88.9999999994,79.0999999995,89,100,79.1,70.19,89,79.1,89,79.0999999999
3472,0.313217768147,98,3,1,0,79.1,100,88.9999999994,79.0999999995,89,100,79.1,70.19,89,79.1,89,79.0999999999
3473,0.313192766064,98,3,1,0,79.1,100,88.9999999994,79.0999999995,89,100,79.1,70.19,89,79.1,89,79.0999999999
3474,0.31316776398,97,4,1,0,79.1,100,88.9999999994,79.0999999995,89,100,79.1,70.19,89,79.1,89,79.0999999999
3475,0.313142761897,98,3,1,0,79.1,100,88.9999999994,79.0999999995,89,100,79.1,70.19,89,79.1,89,79.0999999999
3476,0.313117759813,98,3,1,0,79.1,100,88.9999999994,79.0999999995,89,100,79.1,70.19,89,79.1,89,79.0999999999
3477,0.31309275773,96,5,1,0,79.1,100,88.9999999994,79.0999999995,89,100,79.1,70.19,89,79.1,89,79.0999999999
3478,0.313067755646,98,3,1,0,79.1,100,88.9999999994,79.0999999995,89,100,79.1,70.19,89,79.1,89,79.0999999999
3479,0.313042753563,98,3,1,0,79.1,100,88.9999999994,79.0999999995,89,100,79.1,70.19,89,79.1,89,79.0999999999
3480,0.313017751479,98,3,1,0,79.1,100,88.9999999994,79.0999999995,89,100,79.1,70.19,89,79.1,89,79.0999999999
3481,0.312992749396,88,13,1,0,79.1,100,88.9999999994,79.0999999995,89,100,79.1,70.19,89,79.1,89,79.0999999999
3482,0.312967747312,96,5,1,0,79.1,100,88.9999999994,79.0999999995,89,100,79.1,70.19,89,79.1,89,79.0999999999
3483,0.312942745229,98,3,1,0,79.1,100,88.9999999994,79.0999999995,89,100,79.1,70.19,89,79.1,89,79.0999999999
3484,0.312917743145,96,5,1,0,79.1,100,88.9999999994,79.0999999995,89,100,79.1,70.19,89,79.1,89,79.0999999999
3485,0.312892741062,98,3,1,0,79.1,100,88.9999999994,79.0999999995,89,100,79.1,70.19,89,79.1,89,79.0999999999
3486,0.312867738978,98,3,1,0,79.1,100,88.9999999994,79.0999999995,89,100,79.1,70.19,89,79.1,89,79.0999999999
3487,0.312842736895,98,3,1,0,79.1,100,88.9999999994,79.0999999995,89,100,79.1,70.19,89,79.1,89,79.0999999999
3488,0.312817734811,98,3,1,0,79.1,100,88.9999999994,79.0999999995,89,100,79.1,70.19,89,79.1,89,79.0999999999
3489,0.312792732728,98,3,1,0,79.1,100,88.9999999994,79.0999999995,89,100,79.1,70.19,89,79.1,89,79.0999999999
3490,0.312767730644,96,5,1,0,79.1,100,88.9999999994,79.0999999995,89,100,79.1,70.19,89,79.1,89,79.0999999999
3491,0.312742728561,96,5,1,0,79.1,100,88.9999999994,79.0999999995,89,100,79.1,70.19,89,79.1,89,79.0999999999
3492,0.312717726477,97,4,1,0,79.1,100,88.9999999994,79.0999999995,89,100,79.1,70.19,89,79.1,89,79.0999999999
3493,0.312692724394,96,5,1,0,79.1,100,88.9999999994,79.0999999995,89,100,79.1,70.19,89,79.1,89,79.0999999999
3494,0.31266772231,98,3,1,0,79.1,100,88.9999999994,79.0999999995,89,100,79.1,70.19,89,79.1,89,79.0999999999
3495,0.312642720227,98,3,1,0,79.1,100,88.9999999994,79.0999999995,89,100,79.1,70.19,89,79.1,89,79.0999999999
3496,0.312617718143,94,7,1,1.27570842778e-10,79.1,100,88.9999999995,79.0999999995,89,100,79.1,70.19,89,79.1,89,79.0999999999
3497,0.31259271606,98,3,1,0,79.1,100,88.9999999995,79.0999999995,89,100,79.1,70.19,89,79.1,89,79.0999999999
3498,0.312567713976,98,3,1,0,79.1,100,88.9999999995,79.0999999995,89,100,79.1,70.19,89,79.1,89,79.0999999999
3499,0.312542711893,98,3,1,0,79.1,100,88.9999999995,79.0999999995,89,100,79.1,70.19,89,79.1,89,79.0999999999
3500,0.312517709809,98,3,1,0,79.1,100,88.9999999995,79.0999999995,89,100,79.1,70.19,89,79.1,89,79.0999999999
3501,0.312492707726,98,3,1,0,79.1,100,88.9999999995,79.0999999995,89,100,79.1,70.19,89,79.1,89,79.0999999999
3502,0.312467705642,98,3,1,0,79.1,100,88.9999999995,79.0999999995,89,100,79.1,70.19,89,79.1,89,79.0999999999
3503,0.312442703559,98,3,1,0,79.1,100,88.9999999995,79.0999999995,89,100,79.1,70.19,89,79.1,89,79.0999999999
3504,0.312417701475,98,3,1,0,79.1,100,88.9999999995,79.0999999995,89,100,79.1,70.19,89,79.1,89,79.0999999999
3505,0.312392699392,98,3,1,0,79.1,100,88.9999999995,79.0999999995,89,100,79.1,70.19,89,79.1,89,79.0999999999
3506,0.312367697308,98,3,1,0,79.1,100,88.9999999995,79.0999999995,89,100,79.1,70.19,89,79.1,89,79.0999999999
3507,0.312342695225,98,3,1,0,79.1,100,88.9999999995,79.0999999995,89,100,79.1,70.19,89,79.1,89,79.0999999999
3508,0.312317693141,96,5,1,0,79.1,100,88.9999999995,79.0999999995,89,100,79.1,70.19,89,79.1,89,79.0999999999
3509,0.312292691058,98,3,1,0,79.1,100,88.9999999995,79.0999999995,89,100,79.1,70.19,89,79.1,89,79.0999999999
3510,0.312267688974,98,3,1,0,79.1,100,88.9999999995,79.0999999995,89,100,79.1,70.19,89,79.1,89,79.0999999999
3511,0.312242686891,98,3,1,0,79.1,100,88.9999999995,79.0999999995,89,100,79.1,70.19,89,79.1,89,79.0999999999
3512,0.312217684807,96,5,1,0,79.1,100,88.9999999995,79.0999999995,89,100,79.1,70.19,89,79.1,89,79.0999999999
3513,0.312192682724,98,3,1,0,79.1,100,88.9999999995,79.0999999995,89,100,79.1,70.19,89,79.1,89,79.0999999999
3514,0.31216768064,96,5,1,0,79.1,100,88.9999999995,79.0999999995,89,100,79.1,70.19,89,79.1,89,79.0999999999
3515,0.312142678557,96,5,1,0,79.1,100,88.9999999995,79.0999999995,89,100,79.1,70.19,89,79.1,89,79.0999999999
3516,0.312117676473,96,5,1,0,79.1,100,88.9999999995,79.0999999995,89,100,79.1,70.19,89,79.1,89,79.0999999999
3517,0.31209267439,97,4,1,0,79.1,100,88.9999999995,79.0999999995,89,100,79.1,70.19,89,79.1,89,79.0999999999
3518,0.312067672306,97,4,1,0,79.1,100,88.9999999995,79.0999999995,89,100,79.1,70.19,89,79.1,89,79.0999999999
3519,0.312042670223,98,3,1,0,79.1,100,88.9999999995,79.0999999995,89,100,79.1,70.19,89,79.1,89,79.0999999999
3520,0.312017668139,98,3,1,0,79.1,100,88.9999999995,79.0999999995,89,100,79.1,70.19,89,79.1,89,79.0999999999
3521,0.311992666056,98,3,1,0,79.1,100,88.9999999995,79.0999999995,89,100,79.1,70.19,89,79.1,89,79.0999999999
3522,0.311967663972,95,6,1,0,79.1,100,88.9999999995,79.0999999995,89,100,79.1,70.19,89,79.1,89,79.0999999999
3523,0.311942661888,96,5,1,0,79.1,100,88.9999999995,79.0999999995,89,100,79.1,70.19,89,79.1,89,79.0999999999
3524,0.311917659805,97,4,1,0,79.1,100,88.9999999995,79.0999999995,89,100,79.1,70.19,89,79.1,89,79.0999999999
3525,0.311892657721,98,3,1,0,79.1,100,88.9999999995,79.0999999995,89,100,79.1,70.19,89,79.1,89,79.0999999999
3526,0.311867655638,98,3,1,0,79.1,100,88.9999999995,79.0999999995,89,100,79.1,70.19,89,79.1,89,79.0999999999
3527,0.311842653554,98,3,1,0,79.1,100,88.9999999995,79.0999999995,89,100,79.1,70.19,89,79.1,89,79.0999999999
3528,0.311817651471,98,3,1,0,79.1,100,88.9999999995,79.0999999995,89,100,79.1,70.19,89,79.1,89,79.0999999999
3529,0.311792649387,95,6,1,0,79.1,100,88.9999999995,79.0999999995,89,100,79.1,70.19,89,79.1,89,79.0999999999
3530,0.311767647304,96,5,1,0,79.1,100,88.9999999995,79.0999999995,89,100,79.1,70.19,89,79.1,89,79.0999999999
3531,0.31174264522,98,3,1,0,79.1,100,88.9999999995,79.0999999995,89,100,79.1,70.19,89,79.1,89,79.0999999999
3532,0.311717643137,98,3,1,0,79.1,100,88.9999999995,79.0999999995,89,100,79.1,70.19,89,79.1,89,79.0999999999
3533,0.311692641053,98,3,1,0,79.1,100,88.9999999995,79.0999999995,89,100,79.1,70.19,89,79.1,89,79.0999999999
3534,0.31166763897,96,5,1,0,79.1,100,88.9999999995,79.0999999995,89,100,79.1,70.19,89,79.1,89,79.0999999999
3535,0.311642636886,98,3,1,0,79.1,100,88.9999999995,79.0999999995,89,100,79.1,70.19,89,79.1,89,79.0999999999
3536,0.311617634803,97,4,1,0,79.1,100,88.9999999995,79.0999999995,89,100,79.1,70.19,89,79.1,89,79.0999999999
3537,0.311592632719,96,5,1,0,79.1,100,88.9999999995,79.0999999995,89,100,79.1,70.19,89,79.1,89,79.0999999999
3538,0.311567630636,96,5,1,1.02062358565e-10,79.1,100,88.9999999996,79.0999999995,89,100,79.1,70.19,89,79.1,89,79.0999999999
3539,0.311542628552,98,3,1,0,79.1,100,88.9999999996,79.0999999995,89,100,79.1,70.19,89,79.1,89,79.0999999999
3540,0.311517626469,96,5,1,8.16555711936e-11,79.1,100,88.9999999997,79.0999999995,89,100,79.1,70.19,89,79.1,89,79.0999999999
3541,0.311492624385,96,5,1,0,79.1,100,88.9999999997,79.0999999995,89,100,79.1,70.19,89,79.1,89,79.0999999999
3542,0.311467622302,95,6,1,0,79.1,100,88.9999999997,79.0999999995,89,100,79.1,70.19,89,79.1,89,79.0999999999
3543,0.311442620218,96,5,1,0,79.1,100,88.9999999997,79.0999999995,89,100,79.1,70.19,89,79.1,89,79.0999999999
3544,0.311417618135,98,3,1,0,79.1,100,88.9999999997,79.0999999995,89,100,79.1,70.19,89,79.1,89,79.0999999999
3545,0.311392616051,93,8,1,0,79.1,100,88.9999999997,79.0999999995,89,100,79.1,70.19,89,79.1,89,79.0999999999
3546,0.311367613968,98,3,1,0,79.1,100,88.9999999997,79.0999999995,89,100,79.1,70.19,89,79.1,89,79.0999999999
3547,0.311342611884,98,3,1,0,79.1,100,88.9999999997,79.0999999995,89,100,79.1,70.19,89,79.1,89,79.0999999999
3548,0.311317609801,98,3,1,0,79.1,100,88.9999999997,79.0999999995,89,100,79.1,70.19,89,79.1,89,79.0999999999
3549,0.311292607717,96,5,1,0,79.1,100,88.9999999997,79.0999999995,89,100,79.1,70.19,89,79.1,89,79.0999999999
3550,0.311267605634,98,3,1,0,79.1,100,88.9999999997,79.0999999995,89,100,79.1,70.19,89,79.1,89,79.0999999999
3551,0.31124260355,98,3,1,0,79.1,100,88.9999999997,79.0999999995,89,100,79.1,70.19,89,79.1,89,79.0999999999
3552,0.311217601467,98,3,1,0,79.1,100,88.9999999997,79.0999999995,89,100,79.1,70.19,89,79.1,89,79.0999999999
3553,0.311192599383,96,5,1,0,79.1,100,88.9999999997,79.0999999995,89,100,79.1,70.19,89,79.1,89,79.0999999999
3554,0.3111675973,97,4,1,0,79.1,100,88.9999999997,79.0999999995,89,100,79.1,70.19,89,79.1,89,79.0999999999
3555,0.311142595216,97,4,1,0,79.1,100,88.9999999997,79.0999999995,89,100,79.1,70.19,89,79.1,89,79.0999999999
3556,0.311117593133,98,3,1,0,79.1,100,88.9999999997,79.0999999995,89,100,79.1,70.19,89,79.1,89,79.0999999999
3557,0.311092591049,98,3,1,0,79.1,100,88.9999999997,79.0999999995,89,100,79.1,70.19,89,79.1,89,79.0999999999
3558,0.311067588966,98,3,1,0,79.1,100,88.9999999997,79.0999999995,89,100,79.1,70.19,89,79.1,89,79.0999999999
3559,0.311042586882,97,4,1,0,79.1,100,88.9999999997,79.0999999995,89,100,79.1,70.19,89,79.1,89,79.0999999999
3560,0.311017584799,98,3,1,0,79.1,100,88.9999999997,79.0999999995,89,100,79.1,70.19,89,79.1,89,79.0999999999
3561,0.310992582715,98,3,1,0,79.1,100,88.9999999997,79.0999999995,89,100,79.1,70.19,89,79.1,89,79.0999999999
3562,0.310967580632,98,3,1,0,79.1,100,88.9999999997,79.0999999995,89,100,79.1,70.19,89,79.1,89,79.0999999999
3563,0.310942578548,97,4,1,0,79.1,100,88.9999999997,79.0999999995,89,100,79.1,70.19,89,79.1,89,79.0999999999
3564,0.310917576465,98,3,1,0,79.1,100,88.9999999997,79.0999999995,89,100,79.1,70.19,89,79.1,89,79.0999999999
3565,0.310892574381,98,3,1,0,79.1,100,88.9999999997,79.0999999995,89,100,79.1,70.19,89,79.1,89,79.0999999999
3566,0.310867572298,98,3,1,0,79.1,100,88.9999999997,79.0999999995,89,100,79.1,70.19,89,79.1,89,79.0999999999
3567,0.310842570214,98,3,1,0,79.1,100,88.9999999997,79.0999999995,89,100,79.1,70.19,89,79.1,89,79.0999999999
3568,0.310817568131,98,3,1,0,79.1,100,88.9999999997,79.0999999995,89,100,79.1,70.19,89,79.1,89,79.0999999999
3569,0.310792566047,98,3,1,0,79.1,100,88.9999999997,79.0999999995,89,100,79.1,70.19,89,79.1,89,79.0999999999
3570,0.310767563964,96,5,1,0,79.1,100,88.9999999997,79.0999999995,89,100,79.1,70.19,89,79.1,89,79.0999999999
3571,0.31074256188,98,3,1,0,79.1,100,88.9999999997,79.0999999995,89,100,79.1,70.19,89,79.1,89,79.0999999999
3572,0.310717559797,97,4,1,0,79.1,100,88.9999999997,79.0999999995,89,100,79.1,70.19,89,79.1,89,79.0999999999
3573,0.310692557713,96,5,1,0,79.1,100,88.9999999997,79.0999999995,89,100,79.1,70.19,89,79.1,89,79.0999999999
3574,0.31066755563,96,5,1,0,79.1,100,88.9999999997,79.0999999995,89,100,79.1,70.19,89,79.1,89,79.0999999999
3575,0.310642553546,98,3,1,0,79.1,100,88.9999999997,79.0999999995,89,100,79.1,70.19,89,79.1,89,79.0999999999
3576,0.310617551463,98,3,1,0,79.1,100,88.9999999997,79.0999999995,89,100,79.1,70.19,89,79.1,89,79.0999999999
3577,0.310592549379,98,3,1,0,79.1,100,88.9999999997,79.0999999995,89,100,79.1,70.19,89,79.1,89,79.0999999999
3578,0.310567547296,98,3,1,0,79.1,100,88.9999999997,79.0999999995,89,100,79.1,70.19,89,79.1,89,79.0999999999
3579,0.310542545212,96,5,1,0,79.1,100,88.9999999997,79.0999999995,89,100,79.1,70.19,89,79.1,89,79.0999999999
3580,0.310517543129,98,3,1,0,79.1,100,88.9999999997,79.0999999995,89,100,79.1,70.19,89,79.1,89,79.0999999999
3581,0.310492541045,98,3,1,0,79.1,100,88.9999999997,79.0999999995,89,100,79.1,70.19,89,79.1,89,79.0999999999
3582,0.310467538962,98,3,1,0,79.1,100,88.9999999997,79.0999999995,89,100,79.1,70.19,89,79.1,89,79.0999999999
3583,0.310442536878,98,3,1,0,79.1,100,88.9999999997,79.0999999995,89,100,79.1,70.19,89,79.1,89,79.0999999999
3584,0.310417534795,96,5,1,0,79.1,100,88.9999999997,79.0999999995,89,100,79.1,70.19,89,79.1,89,79.0999999999
3585,0.310392532711,98,3,1,0,79.1,100,88.9999999997,79.0999999995,89,100,79.1,70.19,89,79.1,89,79.0999999999
3586,0.310367530628,98,3,1,0,79.1,100,88.9999999997,79.0999999995,89,100,79.1,70.19,89,79.1,89,79.0999999999
3587,0.310342528544,94,7,1,0,79.1,100,88.9999999997,79.0999999995,89,100,79.1,70.19,89,79.1,89,79.0999999999
3588,0.310317526461,94,7,1,6.53130882711e-11,79.1,100,88.9999999997,79.0999999995,89,100,79.1,70.19,89,79.1,89,79.0999999999
3589,0.310292524377,98,3,1,0,79.1,100,88.9999999997,79.0999999995,89,100,79.1,70.19,89,79.1,89,79.0999999999
3590,0.310267522294,98,3,1,0,79.1,100,88.9999999997,79.0999999995,89,100,79.1,70.19,89,79.1,89,79.0999999999
3591,0.31024252021,98,3,1,0,79.1,100,88.9999999997,79.0999999995,89,100,79.1,70.19,89,79.1,89,79.0999999999
3592,0.310217518127,98,3,1,0,79.1,100,88.9999999997,79.0999999995,89,100,79.1,70.19,89,79.1,89,79.0999999999
3593,0.310192516043,97,4,1,0,79.1,100,88.9999999997,79.0999999995,89,100,79.1,70.19,89,79.1,89,79.0999999999
3594,0.310167513959,98,3,1,0,79.1,100,88.9999999997,79.0999999995,89,100,79.1,70.19,89,79.1,89,79.0999999999
3595,0.310142511876,98,3,1,0,79.1,100,88.9999999997,79.0999999995,89,100,79.1,70.19,89,79.1,89,79.0999999999
3596,0.310117509792,98,3,1,0,79.1,100,88.9999999997,79.0999999995,89,100,79.1,70.19,89,79.1,89,79.0999999999
3597,0.310092507709,96,5,1,0,79.1,100,88.9999999997,79.0999999995,89,100,79.1,70.19,89,79.1,89,79.0999999999
3598,0.310067505625,98,3,1,0,79.1,100,88.9999999997,79.0999999995,89,100,79.1,70.19,89,79.1,89,79.0999999999
3599,0.310042503542,98,3,1,0,79.1,100,88.9999999997,79.0999999995,89,100,79.1,70.19,89,79.1,89,79.0999999999
3600,0.310017501458,94,7,1,0,79.1,100,88.9999999997,79.0999999995,89,100,79.1,70.19,89,79.1,89,79.0999999999
3601,0.309992499375,98,3,1,0,79.1,100,88.9999999997,79.0999999995,89,100,79.1,70.19,89,79.1,89,79.0999999999
3602,0.309967497291,97,4,1,0,79.1,100,88.9999999997,79.0999999995,89,100,79.1,70.19,89,79.1,89,79.0999999999
3603,0.309942495208,97,4,1,0,79.1,100,88.9999999997,79.0999999995,89,100,79.1,70.19,89,79.1,89,79.0999999999
3604,0.309917493124,98,3,1,0,79.1,100,88.9999999997,79.0999999995,89,100,79.1,70.19,89,79.1,89,79.0999999999
3605,0.309892491041,98,3,1,0,79.1,100,88.9999999997,79.0999999995,89,100,79.1,70.19,89,79.1,89,79.0999999999
3606,0.309867488957,97,4,1,0,79.1,100,88.9999999997,79.0999999995,89,100,79.1,70.19,89,79.1,89,79.0999999999
3607,0.309842486874,98,3,1,0,79.1,100,88.9999999997,79.0999999995,89,100,79.1,70.19,89,79.1,89,79.0999999999
3608,0.30981748479,98,3,1,0,79.1,100,88.9999999997,79.0999999995,89,100,79.1,70.19,89,79.1,89,79.0999999999
3609,0.309792482707,95,6,1,0,79.1,100,88.9999999997,79.0999999995,89,100,79.1,70.19,89,79.1,89,79.0999999999
3610,0.309767480623,96,5,1,0,79.1,100,88.9999999997,79.0999999995,89,100,79.1,70.19,89,79.1,89,79.0999999999
3611,0.30974247854,98,3,1,0,79.1,100,88.9999999997,79.0999999995,89,100,79.1,70.19,89,79.1,89,79.0999999999
3612,0.309717476456,98,3,1,0,79.1,100,88.9999999997,79.0999999995,89,100,79.1,70.19,89,79.1,89,79.0999999999
3613,0.309692474373,98,3,1,0,79.1,100,88.9999999997,79.0999999995,89,100,79.1,70.19,89,79.1,89,79.0999999999
3614,0.309667472289,95,6,1,0,79.1,100,88.9999999997,79.0999999995,89,100,79.1,70.19,89,79.1,89,79.0999999999
3615,0.309642470206,97,4,1,0,79.1,100,88.9999999997,79.0999999995,89,100,79.1,70.19,89,79.1,89,79.0999999999
3616,0.309617468122,98,3,1,0,79.1,100,88.9999999997,79.0999999995,89,100,79.1,70.19,89,79.1,89,79.0999999999
3617,0.309592466039,98,3,1,0,79.1,100,88.9999999997,79.0999999995,89,100,79.1,70.19,89,79.1,89,79.0999999999
3618,0.309567463955,98,3,1,0,79.1,100,88.9999999997,79.0999999995,89,100,79.1,70.19,89,79.1,89,79.0999999999
3619,0.309542461872,97,4,1,0,79.1,100,88.9999999997,79.0999999995,89,100,79.1,70.19,89,79.1,89,79.0999999999
3620,0.309517459788,96,5,1,0,79.1,100,88.9999999997,79.0999999995,89,100,79.1,70.19,89,79.1,89,79.0999999999
3621,0.309492457705,98,3,1,0,79.1,100,88.9999999997,79.0999999995,89,100,79.1,70.19,89,79.1,89,79.0999999999
3622,0.309467455621,98,3,1,0,79.1,100,88.9999999997,79.0999999995,89,100,79.1,70.19,89,79.1,89,79.0999999999
3623,0.309442453538,98,3,1,0,79.1,100,88.9999999997,79.0999999995,89,100,79.1,70.19,89,79.1,89,79.0999999999
3624,0.309417451454,98,3,1,0,79.1,100,88.9999999997,79.0999999995,89,100,79.1,70.19,89,79.1,89,79.0999999999
3625,0.309392449371,98,3,1,0,79.1,100,88.9999999997,79.0999999995,89,100,79.1,70.19,89,79.1,89,79.0999999999
3626,0.309367447287,96,5,1,5.22533127878e-11,79.1,100,88.9999999998,79.0999999995,89,100,79.1,70.19,89,79.1,89,79.0999999999
3627,0.309342445204,97,4,1,0,79.1,100,88.9999999998,79.0999999995,89,100,79.1,70.19,89,79.1,89,79.0999999999
3628,0.30931744312,98,3,1,0,79.1,100,88.9999999998,79.0999999995,89,100,79.1,70.19,89,79.1,89,79.0999999999
3629,0.309292441037,96,5,1,0,79.1,100,88.9999999998,79.0999999995,89,100,79.1,70.19,89,79.1,89,79.0999999999
3630,0.309267438953,96,5,1,0,79.1,100,88.9999999998,79.0999999995,89,100,79.1,70.19,89,79.1,89,79.0999999999
3631,0.30924243687,98,3,1,0,79.1,100,88.9999999998,79.0999999995,89,100,79.1,70.19,89,79.1,89,79.0999999999
3632,0.309217434786,97,4,1,0,79.1,100,88.9999999998,79.0999999995,89,100,79.1,70.19,89,79.1,89,79.0999999999
3633,0.309192432703,98,3,1,0,79.1,100,88.9999999998,79.0999999995,89,100,79.1,70.19,89,79.1,89,79.0999999999
3634,0.309167430619,92,9,1,9.01110297491e-11,79.1,100,88.9999999998,79.0999999996,89,100,79.1,70.19,89,79.1,89,79.0999999999
3635,0.309142428536,98,3,1,0,79.1,100,88.9999999998,79.0999999996,89,100,79.1,70.19,89,79.1,89,79.0999999999
3636,0.309117426452,98,3,1,0,79.1,100,88.9999999998,79.0999999996,89,100,79.1,70.19,89,79.1,89,79.0999999999
3637,0.309092424369,97,4,1,0,79.1,100,88.9999999998,79.0999999996,89,100,79.1,70.19,89,79.1,89,79.0999999999
3638,0.309067422285,98,3,1,0,79.1,100,88.9999999998,79.0999999996,89,100,79.1,70.19,89,79.1,89,79.0999999999
3639,0.309042420202,94,7,1,0,79.1,100,88.9999999998,79.0999999996,89,100,79.1,70.19,89,79.1,89,79.0999999999
3640,0.309017418118,97,4,1,0,79.1,100,88.9999999998,79.0999999996,89,100,79.1,70.19,89,79.1,89,79.0999999999
3641,0.308992416035,96,5,1,4.18083345721e-11,79.1,100,88.9999999998,79.0999999996,89,100,79.1,70.19,89,79.1,89,79.0999999999
3642,0.308967413951,96,5,1,0,79.1,100,88.9999999998,79.0999999996,89,100,79.1,70.19,89,79.1,89,79.0999999999
3643,0.308942411868,98,3,1,0,79.1,100,88.9999999998,79.0999999996,89,100,79.1,70.19,89,79.1,89,79.0999999999
3644,0.308917409784,98,3,1,0,79.1,100,88.9999999998,79.0999999996,89,100,79.1,70.19,89,79.1,89,79.0999999999
3645,0.308892407701,98,3,1,0,79.1,100,88.9999999998,79.0999999996,89,100,79.1,70.19,89,79.1,89,79.0999999999
3646,0.308867405617,98,3,1,0,79.1,100,88.9999999998,79.0999999996,89,100,79.1,70.19,89,79.1,89,79.0999999999
3647,0.308842403534,96,5,1,0,79.1,100,88.9999999998,79.0999999996,89,100,79.1,70.19,89,79.1,89,79.0999999999
3648,0.30881740145,98,3,1,0,79.1,100,88.9999999998,79.0999999996,89,100,79.1,70.19,89,79.1,89,79.0999999999
3649,0.308792399367,97,4,1,0,79.1,100,88.9999999998,79.0999999996,89,100,79.1,70.19,89,79.1,89,79.0999999999
3650,0.308767397283,97,4,1,0,79.1,100,88.9999999998,79.0999999996,89,100,79.1,70.19,89,79.1,89,79.0999999999
3651,0.3087423952,98,3,1,0,79.1,100,88.9999999998,79.0999999996,89,100,79.1,70.19,89,79.1,89,79.0999999999
3652,0.308717393116,98,3,1,0,79.1,100,88.9999999998,79.0999999996,89,100,79.1,70.19,89,79.1,89,79.0999999999
3653,0.308692391033,97,4,1,0,79.1,100,88.9999999998,79.0999999996,89,100,79.1,70.19,89,79.1,89,79.0999999999
3654,0.308667388949,98,3,1,0,79.1,100,88.9999999998,79.0999999996,89,100,79.1,70.19,89,79.1,89,79.0999999999
3655,0.308642386866,98,3,1,0,79.1,100,88.9999999998,79.0999999996,89,100,79.1,70.19,89,79.1,89,79.0999999999
3656,0.308617384782,98,3,1,0,79.1,100,88.9999999998,79.0999999996,89,100,79.1,70.19,89,79.1,89,79.0999999999
3657,0.308592382699,98,3,1,0,79.1,100,88.9999999998,79.0999999996,89,100,79.1,70.19,89,79.1,89,79.0999999999
3658,0.308567380615,98,3,1,0,79.1,100,88.9999999998,79.0999999996,89,100,79.1,70.19,89,79.1,89,79.0999999999
3659,0.308542378532,98,3,1,0,79.1,100,88.9999999998,79.0999999996,89,100,79.1,70.19,89,79.1,89,79.0999999999
3660,0.308517376448,98,3,1,0,79.1,100,88.9999999998,79.0999999996,89,100,79.1,70.19,89,79.1,89,79.0999999999
3661,0.308492374365,96,5,1,0,79.1,100,88.9999999998,79.0999999996,89,100,79.1,70.19,89,79.1,89,79.0999999999
3662,0.308467372281,97,4,1,0,79.1,100,88.9999999998,79.0999999996,89,100,79.1,70.19,89,79.1,89,79.0999999999
3663,0.308442370198,98,3,1,0,79.1,100,88.9999999998,79.0999999996,89,100,79.1,70.19,89,79.1,89,79.0999999999
3664,0.308417368114,98,3,1,0,79.1,100,88.9999999998,79.0999999996,89,100,79.1,70.19,89,79.1,89,79.0999999999
3665,0.308392366031,97,4,1,0,79.1,100,88.9999999998,79.0999999996,89,100,79.1,70.19,89,79.1,89,79.0999999999
3666,0.308367363947,95,6,1,0,79.1,100,88.9999999998,79.0999999996,89,100,79.1,70.19,89,79.1,89,79.0999999999
3667,0.308342361863,94,7,1,0,79.1,100,88.9999999998,79.0999999996,89,100,79.1,70.19,89,79.1,89,79.0999999999
3668,0.30831735978,96,5,1,0,79.1,100,88.9999999998,79.0999999996,89,100,79.1,70.19,89,79.1,89,79.0999999999
3669,0.308292357696,96,5,1,0,79.1,100,88.9999999998,79.0999999996,89,100,79.1,70.19,89,79.1,89,79.0999999999
3670,0.308267355613,96,5,1,0,79.1,100,88.9999999998,79.0999999996,89,100,79.1,70.19,89,79.1,89,79.0999999999
3671,0.308242353529,98,3,1,0,79.1,100,88.9999999998,79.0999999996,89,100,79.1,70.19,89,79.1,89,79.0999999999
3672,0.308217351446,97,4,1,0,79.1,100,88.9999999998,79.0999999996,89,100,79.1,70.19,89,79.1,89,79.0999999999
3673,0.308192349362,98,3,1,0,79.1,100,88.9999999998,79.0999999996,89,100,79.1,70.19,89,79.1,89,79.0999999999
3674,0.308167347279,98,3,1,0,79.1,100,88.9999999998,79.0999999996,89,100,79.1,70.19,89,79.1,89,79.0999999999
3675,0.308142345195,95,6,1,7.20916659702e-11,79.1,100,88.9999999998,79.0999999997,89,100,79.1,70.19,89,79.1,89,79.0999999999
3676,0.308117343112,98,3,1,0,79.1,100,88.9999999998,79.0999999997,89,100,79.1,70.19,89,79.1,89,79.0999999999
3677,0.308092341028,98,3,1,0,79.1,100,88.9999999998,79.0999999997,89,100,79.1,70.19,89,79.1,89,79.0999999999
3678,0.308067338945,98,3,1,0,79.1,100,88.9999999998,79.0999999997,89,100,79.1,70.19,89,79.1,89,79.0999999999
3679,0.308042336861,98,3,1,0,79.1,100,88.9999999998,79.0999999997,89,100,79.1,70.19,89,79.1,89,79.0999999999
3680,0.308017334778,98,3,1,0,79.1,100,88.9999999998,79.0999999997,89,100,79.1,70.19,89,79.1,89,79.0999999999
3681,0.307992332694,98,3,1,0,79.1,100,88.9999999998,79.0999999997,89,100,79.1,70.19,89,79.1,89,79.0999999999
3682,0.307967330611,96,5,1,0,79.1,100,88.9999999998,79.0999999997,89,100,79.1,70.19,89,79.1,89,79.0999999999
3683,0.307942328527,98,3,1,0,79.1,100,88.9999999998,79.0999999997,89,100,79.1,70.19,89,79.1,89,79.0999999999
3684,0.307917326444,98,3,1,0,79.1,100,88.9999999998,79.0999999997,89,100,79.1,70.19,89,79.1,89,79.0999999999
3685,0.30789232436,98,3,1,0,79.1,100,88.9999999998,79.0999999997,89,100,79.1,70.19,89,79.1,89,79.0999999999
3686,0.307867322277,98,3,1,0,79.1,100,88.9999999998,79.0999999997,89,100,79.1,70.19,89,79.1,89,79.0999999999
3687,0.307842320193,98,3,1,0,79.1,100,88.9999999998,79.0999999997,89,100,79.1,70.19,89,79.1,89,79.0999999999
3688,0.30781731811,98,3,1,0,79.1,100,88.9999999998,79.0999999997,89,100,79.1,70.19,89,79.1,89,79.0999999999
3689,0.307792316026,98,3,1,0,79.1,100,88.9999999998,79.0999999997,89,100,79.1,70.19,89,79.1,89,79.0999999999
3690,0.307767313943,98,3,1,0,79.1,100,88.9999999998,79.0999999997,89,100,79.1,70.19,89,79.1,89,79.0999999999
3691,0.307742311859,98,3,1,0,79.1,100,88.9999999998,79.0999999997,89,100,79.1,70.19,89,79.1,89,79.0999999999
3692,0.307717309776,94,7,1,0,79.1,100,88.9999999998,79.0999999997,89,100,79.1,70.19,89,79.1,89,79.0999999999
3693,0.307692307692,98,3,1,0,79.1,100,88.9999999998,79.0999999997,89,100,79.1,70.19,89,79.1,89,79.0999999999
3694,0.307667305609,97,4,1,0,79.1,100,88.9999999998,79.0999999997,89,100,79.1,70.19,89,79.1,89,79.0999999999
3695,0.307642303525,98,3,1,0,79.1,100,88.9999999998,79.0999999997,89,100,79.1,70.19,89,79.1,89,79.0999999999
3696,0.307617301442,97,4,1,0,79.1,100,88.9999999998,79.0999999997,89,100,79.1,70.19,89,79.1,89,79.0999999999
3697,0.307592299358,96,5,1,0,79.1,100,88.9999999998,79.0999999997,89,100,79.1,70.19,89,79.1,89,79.0999999999
3698,0.307567297275,96,5,1,0,79.1,100,88.9999999998,79.0999999997,89,100,79.1,70.19,89,79.1,89,79.0999999999
3699,0.307542295191,98,3,1,0,79.1,100,88.9999999998,79.0999999997,89,100,79.1,70.19,89,79.1,89,79.0999999999
3700,0.307517293108,98,3,1,0,79.1,100,88.9999999998,79.0999999997,89,100,79.1,70.19,89,79.1,89,79.0999999999
3701,0.307492291024,98,3,1,0,79.1,100,88.9999999998,79.0999999997,89,100,79.1,70.19,89,79.1,89,79.0999999999
3702,0.307467288941,98,3,1,0,79.1,100,88.9999999998,79.0999999997,89,100,79.1,70.19,89,79.1,89,79.0999999999
3703,0.307442286857,95,6,1,5.76676484343e-11,79.1,100,88.9999999998,79.0999999998,89,100,79.1,70.19,89,79.1,89,79.0999999999
3704,0.307417284774,98,3,1,0,79.1,100,88.9999999998,79.0999999998,89,100,79.1,70.19,89,79.1,89,79.0999999999
3705,0.30739228269,98,3,1,0,79.1,100,88.9999999998,79.0999999998,89,100,79.1,70.19,89,79.1,89,79.0999999999
3706,0.307367280607,96,5,1,1.52766688188e-11,79.1,100,88.9999999998,79.0999999998,89,100,79.1,70.19,89,79.1,89,79.0999999999
3707,0.307342278523,98,3,1,0,79.1,100,88.9999999998,79.0999999998,89,100,79.1,70.19,89,79.1,89,79.0999999999
3708,0.30731727644,94,7,1,0,79.1,100,88.9999999998,79.0999999998,89,100,79.1,70.19,89,79.1,89,79.0999999999
3709,0.307292274356,98,3,1,0,79.1,100,88.9999999998,79.0999999998,89,100,79.1,70.19,89,79.1,89,79.0999999999
3710,0.307267272273,96,5,1,0,79.1,100,88.9999999998,79.0999999998,89,100,79.1,70.19,89,79.1,89,79.0999999999
3711,0.307242270189,98,3,1,0,79.1,100,88.9999999998,79.0999999998,89,100,79.1,70.19,89,79.1,89,79.0999999999
3712,0.307217268106,95,6,1,0,79.1,100,88.9999999998,79.0999999998,89,100,79.1,70.19,89,79.1,89,79.0999999999
3713,0.307192266022,98,3,1,0,79.1,100,88.9999999998,79.0999999998,89,100,79.1,70.19,89,79.1,89,79.0999999999
3714,0.307167263939,98,3,1,0,79.1,100,88.9999999998,79.0999999998,89,100,79.1,70.19,89,79.1,89,79.0999999999
3715,0.307142261855,96,5,1,0,79.1,100,88.9999999998,79.0999999998,89,100,79.1,70.19,89,79.1,89,79.0999999999
3716,0.307117259772,98,3,1,0,79.1,100,88.9999999998,79.0999999998,89,100,79.1,70.19,89,79.1,89,79.0999999999
3717,0.307092257688,96,5,1,0,79.1,100,88.9999999998,79.0999999998,89,100,79.1,70.19,89,79.1,89,79.0999999999
3718,0.307067255605,97,4,1,0,79.1,100,88.9999999998,79.0999999998,89,100,79.1,70.19,89,79.1,89,79.0999999999
3719,0.307042253521,98,3,1,0,79.1,100,88.9999999998,79.0999999998,89,100,79.1,70.19,89,79.1,89,79.0999999999
3720,0.307017251438,98,3,1,0,79.1,100,88.9999999998,79.0999999998,89,100,79.1,70.19,89,79.1,89,79.0999999999
3721,0.306992249354,98,3,1,0,79.1,100,88.9999999998,79.0999999998,89,100,79.1,70.19,89,79.1,89,79.0999999999
3722,0.306967247271,97,4,1,0,79.1,100,88.9999999998,79.0999999998,89,100,79.1,70.19,89,79.1,89,79.0999999999
3723,0.306942245187,98,3,1,0,79.1,100,88.9999999998,79.0999999998,89,100,79.1,70.19,89,79.1,89,79.0999999999
3724,0.306917243104,97,4,1,0,79.1,100,88.9999999998,79.0999999998,89,100,79.1,70.19,89,79.1,89,79.0999999999
3725,0.30689224102,98,3,1,0,79.1,100,88.9999999998,79.0999999998,89,100,79.1,70.19,89,79.1,89,79.0999999999
3726,0.306867238937,98,3,1,0,79.1,100,88.9999999998,79.0999999998,89,100,79.1,70.19,89,79.1,89,79.0999999999
3727,0.306842236853,97,4,1,0,79.1,100,88.9999999998,79.0999999998,89,100,79.1,70.19,89,79.1,89,79.0999999999
3728,0.30681723477,98,3,1,0,79.1,100,88.9999999998,79.0999999998,89,100,79.1,70.19,89,79.1,89,79.0999999999
3729,0.306792232686,98,3,1,0,79.1,100,88.9999999998,79.0999999998,89,100,79.1,70.19,89,79.1,89,79.0999999999
3730,0.306767230603,98,3,1,0,79.1,100,88.9999999998,79.0999999998,89,100,79.1,70.19,89,79.1,89,79.0999999999
3731,0.306742228519,98,3,1,0,79.1,100,88.9999999998,79.0999999998,89,100,79.1,70.19,89,79.1,89,79.0999999999
3732,0.306717226436,98,3,1,0,79.1,100,88.9999999998,79.0999999998,89,100,79.1,70.19,89,79.1,89,79.0999999999
3733,0.306692224352,98,3,1,0,79.1,100,88.9999999998,79.0999999998,89,100,79.1,70.19,89,79.1,89,79.0999999999
3734,0.306667222269,96,5,1,0,79.1,100,88.9999999998,79.0999999998,89,100,79.1,70.19,89,79.1,89,79.0999999999
3735,0.306642220185,96,5,1,0,79.1,100,88.9999999998,79.0999999998,89,100,79.1,70.19,89,79.1,89,79.0999999999
3736,0.306617218102,98,3,1,0,79.1,100,88.9999999998,79.0999999998,89,100,79.1,70.19,89,79.1,89,79.0999999999
3737,0.306592216018,97,4,1,0,79.1,100,88.9999999998,79.0999999998,89,100,79.1,70.19,89,79.1,89,79.0999999999
3738,0.306567213934,98,3,1,0,79.1,100,88.9999999998,79.0999999998,89,100,79.1,70.19,89,79.1,89,79.0999999999
3739,0.306542211851,96,5,1,0,79.1,100,88.9999999998,79.0999999998,89,100,79.1,70.19,89,79.1,89,79.0999999999
3740,0.306517209767,97,4,1,0,79.1,100,88.9999999998,79.0999999998,89,100,79.1,70.19,89,79.1,89,79.0999999999
3741,0.306492207684,96,5,1,0,79.1,100,88.9999999998,79.0999999998,89,100,79.1,70.19,89,79.1,89,79.0999999999
3742,0.3064672056,98,3,1,0,79.1,100,88.9999999998,79.0999999998,89,100,79.1,70.19,89,79.1,89,79.0999999999
3743,0.306442203517,94,7,1,0,79.1,100,88.9999999998,79.0999999998,89,100,79.1,70.19,89,79.1,89,79.0999999999
3744,0.306417201433,98,3,1,0,79.1,100,88.9999999998,79.0999999998,89,100,79.1,70.19,89,79.1,89,79.0999999999
3745,0.30639219935,98,3,1,0,79.1,100,88.9999999998,79.0999999998,89,100,79.1,70.19,89,79.1,89,79.0999999999
3746,0.306367197266,96,5,1,0,79.1,100,88.9999999998,79.0999999998,89,100,79.1,70.19,89,79.1,89,79.0999999999
3747,0.306342195183,97,4,1,0,79.1,100,88.9999999998,79.0999999998,89,100,79.1,70.19,89,79.1,89,79.0999999999
3748,0.306317193099,98,3,1,0,79.1,100,88.9999999998,79.0999999998,89,100,79.1,70.19,89,79.1,89,79.0999999999
3749,0.306292191016,98,3,1,0,79.1,100,88.9999999998,79.0999999998,89,100,79.1,70.19,89,79.1,89,79.0999999999
3750,0.306267188932,98,3,1,0,79.1,100,88.9999999998,79.0999999998,89,100,79.1,70.19,89,79.1,89,79.0999999999
3751,0.306242186849,98,3,1,0,79.1,100,88.9999999998,79.0999999998,89,100,79.1,70.19,89,79.1,89,79.0999999999
3752,0.306217184765,98,3,1,0,79.1,100,88.9999999998,79.0999999998,89,100,79.1,70.19,89,79.1,89,79.0999999999
3753,0.306192182682,98,3,1,0,79.1,100,88.9999999998,79.0999999998,89,100,79.1,70.19,89,79.1,89,79.0999999999
3754,0.306167180598,98,3,1,0,79.1,100,88.9999999998,79.0999999998,89,100,79.1,70.19,89,79.1,89,79.0999999999
3755,0.306142178515,98,3,1,0,79.1,100,88.9999999998,79.0999999998,89,100,79.1,70.19,89,79.1,89,79.0999999999
3756,0.306117176431,93,8,1,0,79.1,100,88.9999999998,79.0999999998,89,100,79.1,70.19,89,79.1,89,79.0999999999
3757,0.306092174348,98,3,1,0,79.1,100,88.9999999998,79.0999999998,89,100,79.1,70.19,89,79.1,89,79.0999999999
3758,0.306067172264,98,3,1,0,79.1,100,88.9999999998,79.0999999998,89,100,79.1,70.19,89,79.1,89,79.0999999999
3759,0.306042170181,94,7,1,0,79.1,100,88.9999999998,79.0999999998,89,100,79.1,70.19,89,79.1,89,79.0999999999
3760,0.306017168097,96,5,1,0,79.1,100,88.9999999998,79.0999999998,89,100,79.1,70.19,89,79.1,89,79.0999999999
3761,0.305992166014,98,3,1,0,79.1,100,88.9999999998,79.0999999998,89,100,79.1,70.19,89,79.1,89,79.0999999999
3762,0.30596716393,96,5,1,0,79.1,100,88.9999999998,79.0999999998,89,100,79.1,70.19,89,79.1,89,79.0999999999
3763,0.305942161847,98,3,1,0,79.1,100,88.9999999998,79.0999999998,89,100,79.1,70.19,89,79.1,89,79.0999999999
3764,0.305917159763,98,3,1,0,79.1,100,88.9999999998,79.0999999998,89,100,79.1,70.19,89,79.1,89,79.0999999999
3765,0.30589215768,98,3,1,0,79.1,100,88.9999999998,79.0999999998,89,100,79.1,70.19,89,79.1,89,79.0999999999
3766,0.305867155596,94,7,1,0,79.1,100,88.9999999998,79.0999999998,89,100,79.1,70.19,89,79.1,89,79.0999999999
3767,0.305842153513,98,3,1,0,79.1,100,88.9999999998,79.0999999998,89,100,79.1,70.19,89,79.1,89,79.0999999999
3768,0.305817151429,98,3,1,0,79.1,100,88.9999999998,79.0999999998,89,100,79.1,70.19,89,79.1,89,79.0999999999
3769,0.305792149346,96,5,1,0,79.1,100,88.9999999998,79.0999999998,89,100,79.1,70.19,89,79.1,89,79.0999999999
3770,0.305767147262,98,3,1,0,79.1,100,88.9999999998,79.0999999998,89,100,79.1,70.19,89,79.1,89,79.0999999999
3771,0.305742145179,98,3,1,0,79.1,100,88.9999999998,79.0999999998,89,100,79.1,70.19,89,79.1,89,79.0999999999
3772,0.305717143095,95,6,1,0,79.1,100,88.9999999998,79.0999999998,89,100,79.1,70.19,89,79.1,89,79.0999999999
3773,0.305692141012,97,4,1,0,79.1,100,88.9999999998,79.0999999998,89,100,79.1,70.19,89,79.1,89,79.0999999999
3774,0.305667138928,95,6,1,0,79.1,100,88.9999999998,79.0999999998,89,100,79.1,70.19,89,79.1,89,79.0999999999
3775,0.305642136845,98,3,1,0,79.1,100,88.9999999998,79.0999999998,89,100,79.1,70.19,89,79.1,89,79.0999999999
3776,0.305617134761,93,8,1,0,79.1,100,88.9999999998,79.0999999998,89,100,79.1,70.19,89,79.1,89,79.0999999999
3777,0.305592132678,95,6,1,0,79.1,100,88.9999999998,79.0999999998,89,100,79.1,70.19,89,79.1,89,79.0999999999
3778,0.305567130594,98,3,1,0,79.1,100,88.9999999998,79.0999999998,89,100,79.1,70.19,89,79.1,89,79.0999999999
3779,0.305542128511,96,5,1,0,79.1,100,88.9999999998,79.0999999998,89,100,79.1,70.19,89,79.1,89,79.0999999999
3780,0.305517126427,98,3,1,0,79.1,100,88.9999999998,79.0999999998,89,100,79.1,70.19,89,79.1,89,79.0999999999
3781,0.305492124344,98,3,1,0,79.1,100,88.9999999998,79.0999999998,89,100,79.1,70.19,89,79.1,89,79.0999999999
3782,0.30546712226,96,5,1,0,79.1,100,88.9999999998,79.0999999998,89,100,79.1,70.19,89,79.1,89,79.0999999999
3783,0.305442120177,96,5,1,3.34381411449e-11,79.1,100,88.9999999999,79.0999999998,89,100,79.1,70.19,89,79.1,89,79.0999999999
3784,0.305417118093,98,3,1,0,79.1,100,88.9999999999,79.0999999998,89,100,79.1,70.19,89,79.1,89,79.0999999999
3785,0.30539211601,98,3,1,0,79.1,100,88.9999999999,79.0999999998,89,100,79.1,70.19,89,79.1,89,79.0999999999
3786,0.305367113926,94,7,1,0,79.1,100,88.9999999999,79.0999999998,89,100,79.1,70.19,89,79.1,89,79.0999999999
3787,0.305342111843,97,4,1,0,79.1,100,88.9999999999,79.0999999998,89,100,79.1,70.19,89,79.1,89,79.0999999999
3788,0.305317109759,97,4,1,0,79.1,100,88.9999999999,79.0999999998,89,100,79.1,70.19,89,79.1,89,79.0999999999
3789,0.305292107676,98,3,1,0,79.1,100,88.9999999999,79.0999999998,89,100,79.1,70.19,89,79.1,89,79.0999999999
3790,0.305267105592,98,3,1,0,79.1,100,88.9999999999,79.0999999998,89,100,79.1,70.19,89,79.1,89,79.0999999999
3791,0.305242103509,98,3,1,0,79.1,100,88.9999999999,79.0999999998,89,100,79.1,70.19,89,79.1,89,79.0999999999
3792,0.305217101425,97,4,1,0,79.1,100,88.9999999999,79.0999999998,89,100,79.1,70.19,89,79.1,89,79.0999999999
3793,0.305192099342,98,3,1,0,79.1,100,88.9999999999,79.0999999998,89,100,79.1,70.19,89,79.1,89,79.0999999999
3794,0.305167097258,96,5,1,0,79.1,100,88.9999999999,79.0999999998,89,100,79.1,70.19,89,79.1,89,79.0999999999
3795,0.305142095175,94,7,1,0,79.1,100,88.9999999999,79.0999999998,89,100,79.1,70.19,89,79.1,89,79.0999999999
3796,0.305117093091,98,3,1,0,79.1,100,88.9999999999,79.0999999998,89,100,79.1,70.19,89,79.1,89,79.0999999999
3797,0.305092091008,96,5,1,0,79.1,100,88.9999999999,79.0999999998,89,100,79.1,70.19,89,79.1,89,79.0999999999
3798,0.305067088924,98,3,1,0,79.1,100,88.9999999999,79.0999999998,89,100,79.1,70.19,89,79.1,89,79.0999999999
3799,0.305042086841,98,3,1,0,79.1,100,88.9999999999,79.0999999998,89,100,79.1,70.19,89,79.1,89,79.0999999999
3800,0.305017084757,98,3,1,0,79.1,100,88.9999999999,79.0999999998,89,100,79.1,70.19,89,79.1,89,79.0999999999
3801,0.304992082674,97,4,1,0,79.1,100,88.9999999999,79.0999999998,89,100,79.1,70.19,89,79.1,89,79.0999999999
3802,0.30496708059,96,5,1,0,79.1,100,88.9999999999,79.0999999998,89,100,79.1,70.19,89,79.1,89,79.0999999999
3803,0.304942078507,97,4,1,0,79.1,100,88.9999999999,79.0999999998,89,100,79.1,70.19,89,79.1,89,79.0999999999
3804,0.304917076423,98,3,1,0,79.1,100,88.9999999999,79.0999999998,89,100,79.1,70.19,89,79.1,89,79.0999999999
3805,0.30489207434,92,9,1,1.22213350551e-11,79.1,100,88.9999999999,79.0999999998,89,100,79.1,70.19,89,79.1,89,79.1
3806,0.304867072256,98,3,1,0,79.1,100,88.9999999999,79.0999999998,89,100,79.1,70.19,89,79.1,89,79.1
3807,0.304842070173,96,5,1,0,79.1,100,88.9999999999,79.0999999998,89,100,79.1,70.19,89,79.1,89,79.1
3808,0.304817068089,98,3,1,0,79.1,100,88.9999999999,79.0999999998,89,100,79.1,70.19,89,79.1,89,79.1
3809,0.304792066006,98,3,1,0,79.1,100,88.9999999999,79.0999999998,89,100,79.1,70.19,89,79.1,89,79.1
3810,0.304767063922,98,3,1,0,79.1,100,88.9999999999,79.0999999998,89,100,79.1,70.19,89,79.1,89,79.1
3811,0.304742061838,98,3,1,0,79.1,100,88.9999999999,79.0999999998,89,100,79.1,70.19,89,79.1,89,79.1
3812,0.304717059755,97,4,1,0,79.1,100,88.9999999999,79.0999999998,89,100,79.1,70.19,89,79.1,89,79.1
3813,0.304692057671,97,4,1,0,79.1,100,88.9999999999,79.0999999998,89,100,79.1,70.19,89,79.1,89,79.1
3814,0.304667055588,98,3,1,0,79.1,100,88.9999999999,79.0999999998,89,100,79.1,70.19,89,79.1,89,79.1
3815,0.304642053504,98,3,1,0,79.1,100,88.9999999999,79.0999999998,89,100,79.1,70.19,89,79.1,89,79.1
3816,0.304617051421,92,9,1,2.67590394287e-11,79.1,100,88.9999999999,79.0999999998,89,100,79.1,70.19,89,79.1,89,79.1
3817,0.304592049337,93,8,1,8.30340241009e-11,79.1,100,88.9999999999,79.0999999999,89,100,79.1,70.19,89,79.1,89,79.1
3818,0.304567047254,98,3,1,0,79.1,100,88.9999999999,79.0999999999,89,100,79.1,70.19,89,79.1,89,79.1
3819,0.30454204517,97,4,1,0,79.1,100,88.9999999999,79.0999999999,89,100,79.1,70.19,89,79.1,89,79.1
3820,0.304517043087,98,3,1,0,79.1,100,88.9999999999,79.0999999999,89,100,79.1,70.19,89,79.1,89,79.1
3821,0.304492041003,98,3,1,0,79.1,100,88.9999999999,79.0999999999,89,100,79.1,70.19,89,79.1,89,79.1
3822,0.30446703892,98,3,1,0,79.1,100,88.9999999999,79.0999999999,89,100,79.1,70.19,89,79.1,89,79.1
3823,0.304442036836,98,3,1,0,79.1,100,88.9999999999,79.0999999999,89,100,79.1,70.19,89,79.1,89,79.1
3824,0.304417034753,98,3,1,0,79.1,100,88.9999999999,79.0999999999,89,100,79.1,70.19,89,79.1,89,79.1
3825,0.304392032669,98,3,1,0,79.1,100,88.9999999999,79.0999999999,89,100,79.1,70.19,89,79.1,89,79.1
3826,0.304367030586,97,4,1,0,79.1,100,88.9999999999,79.0999999999,89,100,79.1,70.19,89,79.1,89,79.1
3827,0.304342028502,98,3,1,0,79.1,100,88.9999999999,79.0999999999,89,100,79.1,70.19,89,79.1,89,79.1
3828,0.304317026419,96,5,1,0,79.1,100,88.9999999999,79.0999999999,89,100,79.1,70.19,89,79.1,89,79.1
3829,0.304292024335,96,5,1,0,79.1,100,88.9999999999,79.0999999999,89,100,79.1,70.19,89,79.1,89,79.1
3830,0.304267022252,98,3,1,0,79.1,100,88.9999999999,79.0999999999,89,100,79.1,70.19,89,79.1,89,79.1
3831,0.304242020168,98,3,1,0,79.1,100,88.9999999999,79.0999999999,89,100,79.1,70.19,89,79.1,89,79.1
3832,0.304217018085,98,3,1,0,79.1,100,88.9999999999,79.0999999999,89,100,79.1,70.19,89,79.1,89,79.1
3833,0.304192016001,96,5,1,0,79.1,100,88.9999999999,79.0999999999,89,100,79.1,70.19,89,79.1,89,79.1
3834,0.304167013918,98,3,1,0,79.1,100,88.9999999999,79.0999999999,89,100,79.1,70.19,89,79.1,89,79.1
3835,0.304142011834,96,5,1,0,79.1,100,88.9999999999,79.0999999999,89,100,79.1,70.19,89,79.1,89,79.1
3836,0.304117009751,97,4,1,0,79.1,100,88.9999999999,79.0999999999,89,100,79.1,70.19,89,79.1,89,79.1
3837,0.304092007667,98,3,1,0,79.1,100,88.9999999999,79.0999999999,89,100,79.1,70.19,89,79.1,89,79.1
3838,0.304067005584,98,3,1,0,79.1,100,88.9999999999,79.0999999999,89,100,79.1,70.19,89,79.1,89,79.1
3839,0.3040420035,97,4,1,0,79.1,100,88.9999999999,79.0999999999,89,100,79.1,70.19,89,79.1,89,79.1
3840,0.304017001417,98,3,1,0,79.1,100,88.9999999999,79.0999999999,89,100,79.1,70.19,89,79.1,89,79.1
3841,0.303991999333,98,3,1,0,79.1,100,88.9999999999,79.0999999999,89,100,79.1,70.19,89,79.1,89,79.1
3842,0.30396699725,98,3,1,0,79.1,100,88.9999999999,79.0999999999,89,100,79.1,70.19,89,79.1,89,79.1
3843,0.303941995166,98,3,1,0,79.1,100,88.9999999999,79.0999999999,89,100,79.1,70.19,89,79.1,89,79.1
3844,0.303916993083,97,4,1,0,79.1,100,88.9999999999,79.0999999999,89,100,79.1,70.19,89,79.1,89,79.1
3845,0.303891990999,98,3,1,0,79.1,100,88.9999999999,79.0999999999,89,100,79.1,70.19,89,79.1,89,79.1
3846,0.303866988916,98,3,1,0,79.1,100,88.9999999999,79.0999999999,89,100,79.1,70.19,89,79.1,89,79.1
3847,0.303841986832,98,3,1,0,79.1,100,88.9999999999,79.0999999999,89,100,79.1,70.19,89,79.1,89,79.1
3848,0.303816984749,98,3,1,0,79.1,100,88.9999999999,79.0999999999,89,100,79.1,70.19,89,79.1,89,79.1
3849,0.303791982665,98,3,1,0,79.1,100,88.9999999999,79.0999999999,89,100,79.1,70.19,89,79.1,89,79.1
3850,0.303766980582,98,3,1,0,79.1,100,88.9999999999,79.0999999999,89,100,79.1,70.19,89,79.1,89,79.1
3851,0.303741978498,97,4,1,0,79.1,100,88.9999999999,79.0999999999,89,100,79.1,70.19,89,79.1,89,79.1
3852,0.303716976415,96,5,1,0,79.1,100,88.9999999999,79.0999999999,89,100,79.1,70.19,89,79.1,89,79.1
3853,0.303691974331,97,4,1,0,79.1,100,88.9999999999,79.0999999999,89,100,79.1,70.19,89,79.1,89,79.1
3854,0.303666972248,98,3,1,0,79.1,100,88.9999999999,79.0999999999,89,100,79.1,70.19,89,79.1,89,79.1
3855,0.303641970164,98,3,1,0,79.1,100,88.9999999999,79.0999999999,89,100,79.1,70.19,89,79.1,89,79.1
3856,0.303616968081,98,3,1,0,79.1,100,88.9999999999,79.0999999999,89,100,79.1,70.19,89,79.1,89,79.1
3857,0.303591965997,98,3,1,0,79.1,100,88.9999999999,79.0999999999,89,100,79.1,70.19,89,79.1,89,79.1
3858,0.303566963914,98,3,1,0,79.1,100,88.9999999999,79.0999999999,89,100,79.1,70.19,89,79.1,89,79.1
3859,0.30354196183,98,3,1,0,79.1,100,88.9999999999,79.0999999999,89,100,79.1,70.19,89,79.1,89,79.1
3860,0.303516959747,98,3,1,0,79.1,100,88.9999999999,79.0999999999,89,100,79.1,70.19,89,79.1,89,79.1
3861,0.303491957663,98,3,1,0,79.1,100,88.9999999999,79.0999999999,89,100,79.1,70.19,89,79.1,89,79.1
3862,0.30346695558,98,3,1,0,79.1,100,88.9999999999,79.0999999999,89,100,79.1,70.19,89,79.1,89,79.1
3863,0.303441953496,94,7,1,0,79.1,100,88.9999999999,79.0999999999,89,100,79.1,70.19,89,79.1,89,79.1
3864,0.303416951413,97,4,1,0,79.1,100,88.9999999999,79.0999999999,89,100,79.1,70.19,89,79.1,89,79.1
3865,0.303391949329,98,3,1,0,79.1,100,88.9999999999,79.0999999999,89,100,79.1,70.19,89,79.1,89,79.1
3866,0.303366947246,97,4,1,0,79.1,100,88.9999999999,79.0999999999,89,100,79.1,70.19,89,79.1,89,79.1
3867,0.303341945162,98,3,1,0,79.1,100,88.9999999999,79.0999999999,89,100,79.1,70.19,89,79.1,89,79.1
3868,0.303316943079,97,4,1,0,79.1,100,88.9999999999,79.0999999999,89,100,79.1,70.19,89,79.1,89,79.1
3869,0.303291940995,98,3,1,0,79.1,100,88.9999999999,79.0999999999,89,100,79.1,70.19,89,79.1,89,79.1
3870,0.303266938912,98,3,1,0,79.1,100,88.9999999999,79.0999999999,89,100,79.1,70.19,89,79.1,89,79.1
3871,0.303241936828,98,3,1,0,79.1,100,88.9999999999,79.0999999999,89,100,79.1,70.19,89,79.1,89,79.1
3872,0.303216934745,98,3,1,0,79.1,100,88.9999999999,79.0999999999,89,100,79.1,70.19,89,79.1,89,79.1
3873,0.303191932661,98,3,1,0,79.1,100,88.9999999999,79.0999999999,89,100,79.1,70.19,89,79.1,89,79.1
3874,0.303166930578,97,4,1,0,79.1,100,88.9999999999,79.0999999999,89,100,79.1,70.19,89,79.1,89,79.1
3875,0.303141928494,98,3,1,0,79.1,100,88.9999999999,79.0999999999,89,100,79.1,70.19,89,79.1,89,79.1
3876,0.303116926411,98,3,1,0,79.1,100,88.9999999999,79.0999999999,89,100,79.1,70.19,89,79.1,89,79.1
3877,0.303091924327,98,3,1,0,79.1,100,88.9999999999,79.0999999999,89,100,79.1,70.19,89,79.1,89,79.1
3878,0.303066922244,98,3,1,0,79.1,100,88.9999999999,79.0999999999,89,100,79.1,70.19,89,79.1,89,79.1
3879,0.30304192016,98,3,1,0,79.1,100,88.9999999999,79.0999999999,89,100,79.1,70.19,89,79.1,89,79.1
3880,0.303016918077,93,8,1,0,79.1,100,88.9999999999,79.0999999999,89,100,79.1,70.19,89,79.1,89,79.1
3881,0.302991915993,96,5,1,0,79.1,100,88.9999999999,79.0999999999,89,100,79.1,70.19,89,79.1,89,79.1
3882,0.302966913909,98,3,1,0,79.1,100,88.9999999999,79.0999999999,89,100,79.1,70.19,89,79.1,89,79.1
3883,0.302941911826,94,7,1,0,79.1,100,88.9999999999,79.0999999999,89,100,79.1,70.19,89,79.1,89,79.1
3884,0.302916909742,98,3,1,0,79.1,100,88.9999999999,79.0999999999,89,100,79.1,70.19,89,79.1,89,79.1
3885,0.302891907659,93,8,1,9.77706804406e-12,79.1,100,88.9999999999,79.0999999999,89,100,79.1,70.19,89,79.1,89,79.1
3886,0.302866905575,98,3,1,0,79.1,100,88.9999999999,79.0999999999,89,100,79.1,70.19,89,79.1,89,79.1
3887,0.302841903492,98,3,1,0,79.1,100,88.9999999999,79.0999999999,89,100,79.1,70.19,89,79.1,89,79.1
3888,0.302816901408,98,3,1,0,79.1,100,88.9999999999,79.0999999999,89,100,79.1,70.19,89,79.1,89,79.1
3889,0.302791899325,98,3,1,0,79.1,100,88.9999999999,79.0999999999,89,100,79.1,70.19,89,79.1,89,79.1
3890,0.302766897241,96,5,1,0,79.1,100,88.9999999999,79.0999999999,89,100,79.1,70.19,89,79.1,89,79.1
3891,0.302741895158,98,3,1,0,79.1,100,88.9999999999,79.0999999999,89,100,79.1,70.19,89,79.1,89,79.1
3892,0.302716893074,98,3,1,0,79.1,100,88.9999999999,79.0999999999,89,100,79.1,70.19,89,79.1,89,79.1
3893,0.302691890991,96,5,1,0,79.1,100,88.9999999999,79.0999999999,89,100,79.1,70.19,89,79.1,89,79.1
3894,0.302666888907,98,3,1,0,79.1,100,88.9999999999,79.0999999999,89,100,79.1,70.19,89,79.1,89,79.1
3895,0.302641886824,97,4,1,0,79.1,100,88.9999999999,79.0999999999,89,100,79.1,70.19,89,79.1,89,79.1
3896,0.30261688474,98,3,1,0,79.1,100,88.9999999999,79.0999999999,89,100,79.1,70.19,89,79.1,89,79.1
3897,0.302591882657,93,8,1,5.31485966349e-11,79.1,100,88.9999999999,79.0999999999,89,100,79.1,70.19,89,79.1,89,79.1
3898,0.302566880573,98,3,1,0,79.1,100,88.9999999999,79.0999999999,89,100,79.1,70.19,89,79.1,89,79.1
3899,0.30254187849,98,3,1,0,79.1,100,88.9999999999,79.0999999999,89,100,79.1,70.19,89,79.1,89,79.1
3900,0.302516876406,96,5,1,7.81597009336e-12,79.1,100,88.9999999999,79.0999999999,89,100,79.1,70.19,89,79.1,89,79.1
3901,0.302491874323,98,3,1,0,79.1,100,88.9999999999,79.0999999999,89,100,79.1,70.19,89,79.1,89,79.1
3902,0.302466872239,98,3,1,0,79.1,100,88.9999999999,79.0999999999,89,100,79.1,70.19,89,79.1,89,79.1
3903,0.302441870156,97,4,1,0,79.1,100,88.9999999999,79.0999999999,89,100,79.1,70.19,89,79.1,89,79.1
3904,0.302416868072,98,3,1,0,79.1,100,88.9999999999,79.0999999999,89,100,79.1,70.19,89,79.1,89,79.1
3905,0.302391865989,95,6,1,0,79.1,100,88.9999999999,79.0999999999,89,100,79.1,70.19,89,79.1,89,79.1
3906,0.302366863905,96,5,1,0,79.1,100,88.9999999999,79.0999999999,89,100,79.1,70.19,89,79.1,89,79.1
3907,0.302341861822,96,5,1,2.14015472011e-11,79.1,100,88.9999999999,79.0999999999,89,100,79.1,70.19,89,79.1,89,79.1
3908,0.302316859738,98,3,1,0,79.1,100,88.9999999999,79.0999999999,89,100,79.1,70.19,89,79.1,89,79.1
3909,0.302291857655,98,3,1,0,79.1,100,88.9999999999,79.0999999999,89,100,79.1,70.19,89,79.1,89,79.1
3910,0.302266855571,98,3,1,0,79.1,100,88.9999999999,79.0999999999,89,100,79.1,70.19,89,79.1,89,79.1
3911,0.302241853488,98,3,1,0,79.1,100,88.9999999999,79.0999999999,89,100,79.1,70.19,89,79.1,89,79.1
3912,0.302216851404,98,3,1,0,79.1,100,88.9999999999,79.0999999999,89,100,79.1,70.19,89,79.1,89,79.1
3913,0.302191849321,89,12,1,1.71240799318e-11,79.1,100,88.9999999999,79.0999999999,89,100,79.1,70.19,89,79.1,89,79.1
3914,0.302166847237,98,3,1,0,79.1,100,88.9999999999,79.0999999999,89,100,79.1,70.19,89,79.1,89,79.1
3915,0.302141845154,94,7,1,0,79.1,100,88.9999999999,79.0999999999,89,100,79.1,70.19,89,79.1,89,79.1
3916,0.30211684307,98,3,1,0,79.1,100,88.9999999999,79.0999999999,89,100,79.1,70.19,89,79.1,89,79.1
3917,0.302091840987,98,3,1,0,79.1,100,88.9999999999,79.0999999999,89,100,79.1,70.19,89,79.1,89,79.1
3918,0.302066838903,98,3,1,0,79.1,100,88.9999999999,79.0999999999,89,100,79.1,70.19,89,79.1,89,79.1
3919,0.30204183682,94,7,1,1.36992639455e-11,79.1,100,88.9999999999,79.0999999999,89,100,79.1,70.19,89,79.1,89,79.1
3920,0.302016834736,98,3,1,0,79.1,100,88.9999999999,79.0999999999,89,100,79.1,70.19,89,79.1,89,79.1
3921,0.301991832653,97,4,1,0,79.1,100,88.9999999999,79.0999999999,89,100,79.1,70.19,89,79.1,89,79.1
3922,0.301966830569,98,3,1,0,79.1,100,88.9999999999,79.0999999999,89,100,79.1,70.19,89,79.1,89,79.1
3923,0.301941828486,96,5,1,0,79.1,100,88.9999999999,79.0999999999,89,100,79.1,70.19,89,79.1,89,79.1
3924,0.301916826402,96,5,1,0,79.1,100,88.9999999999,79.0999999999,89,100,79.1,70.19,89,79.1,89,79.1
3925,0.301891824319,96,5,1,0,79.1,100,88.9999999999,79.0999999999,89,100,79.1,70.19,89,79.1,89,79.1
3926,0.301866822235,98,3,1,0,79.1,100,88.9999999999,79.0999999999,89,100,79.1,70.19,89,79.1,89,79.1
3927,0.301841820152,98,3,1,0,79.1,100,88.9999999999,79.0999999999,89,100,79.1,70.19,89,79.1,89,79.1
3928,0.301816818068,97,4,1,0,79.1,100,88.9999999999,79.0999999999,89,100,79.1,70.19,89,79.1,89,79.1
3929,0.301791815985,98,3,1,0,79.1,100,88.9999999999,79.0999999999,89,100,79.1,70.19,89,79.1,89,79.1
3930,0.301766813901,98,3,1,0,79.1,100,88.9999999999,79.0999999999,89,100,79.1,70.19,89,79.1,89,79.1
3931,0.301741811818,96,5,1,0,79.1,100,88.9999999999,79.0999999999,89,100,79.1,70.19,89,79.1,89,79.1
3932,0.301716809734,98,3,1,0,79.1,100,88.9999999999,79.0999999999,89,100,79.1,70.19,89,79.1,89,79.1
3933,0.301691807651,98,3,1,0,79.1,100,88.9999999999,79.0999999999,89,100,79.1,70.19,89,79.1,89,79.1
3934,0.301666805567,98,3,1,0,79.1,100,88.9999999999,79.0999999999,89,100,79.1,70.19,89,79.1,89,79.1
3935,0.301641803484,98,3,1,0,79.1,100,88.9999999999,79.0999999999,89,100,79.1,70.19,89,79.1,89,79.1
3936,0.3016168014,98,3,1,0,79.1,100,88.9999999999,79.0999999999,89,100,79.1,70.19,89,79.1,89,79.1
3937,0.301591799317,95,6,1,0,79.1,100,88.9999999999,79.0999999999,89,100,79.1,70.19,89,79.1,89,79.1
3938,0.301566797233,98,3,1,0,79.1,100,88.9999999999,79.0999999999,89,100,79.1,70.19,89,79.1,89,79.1
3939,0.30154179515,98,3,1,0,79.1,100,88.9999999999,79.0999999999,89,100,79.1,70.19,89,79.1,89,79.1
3940,0.301516793066,98,3,1,0,79.1,100,88.9999999999,79.0999999999,89,100,79.1,70.19,89,79.1,89,79.1
3941,0.301491790983,98,3,1,0,79.1,100,88.9999999999,79.0999999999,89,100,79.1,70.19,89,79.1,89,79.1
3942,0.301466788899,98,3,1,0,79.1,100,88.9999999999,79.0999999999,89,100,79.1,70.19,89,79.1,89,79.1
3943,0.301441786816,95,6,1,0,79.1,100,88.9999999999,79.0999999999,89,100,79.1,70.19,89,79.1,89,79.1
3944,0.301416784732,98,3,1,0,79.1,100,88.9999999999,79.0999999999,89,100,79.1,70.19,89,79.1,89,79.1
3945,0.301391782649,98,3,1,0,79.1,100,88.9999999999,79.0999999999,89,100,79.1,70.19,89,79.1,89,79.1
3946,0.301366780565,98,3,1,0,79.1,100,88.9999999999,79.0999999999,89,100,79.1,70.19,89,79.1,89,79.1
3947,0.301341778482,97,4,1,0,79.1,100,88.9999999999,79.0999999999,89,100,79.1,70.19,89,79.1,89,79.1
3948,0.301316776398,96,5,1,0,79.1,100,88.9999999999,79.0999999999,89,100,79.1,70.19,89,79.1,89,79.1
3949,0.301291774315,98,3,1,0,79.1,100,88.9999999999,79.0999999999,89,100,79.1,70.19,89,79.1,89,79.1
3950,0.301266772231,98,3,1,0,79.1,100,88.9999999999,79.0999999999,89,100,79.1,70.19,89,79.1,89,79.1
3951,0.301241770148,98,3,1,0,79.1,100,88.9999999999,79.0999999999,89,100,79.1,70.19,89,79.1,89,79.1
3952,0.301216768064,98,3,1,0,79.1,100,88.9999999999,79.0999999999,89,100,79.1,70.19,89,79.1,89,79.1
3953,0.30119176598,98,3,1,0,79.1,100,88.9999999999,79.0999999999,89,100,79.1,70.19,89,79.1,89,79.1
3954,0.301166763897,98,3,1,0,79.1,100,88.9999999999,79.0999999999,89,100,79.1,70.19,89,79.1,89,79.1
3955,0.301141761813,94,7,1,1.09565689854e-11,79.1,100,89,79.0999999999,89,100,79.1,70.19,89,79.1,89,79.1
3956,0.30111675973,98,3,1,0,79.1,100,89,79.0999999999,89,100,79.1,70.19,89,79.1,89,79.1
3957,0.301091757646,96,5,1,6.25277607469e-12,79.1,100,89,79.0999999999,89,100,79.1,70.19,89,79.1,89,79.1
3958,0.301066755563,94,7,1,0,79.1,100,89,79.0999999999,89,100,79.1,70.19,89,79.1,89,79.1
3959,0.301041753479,97,4,1,0,79.1,100,89,79.0999999999,89,100,79.1,70.19,89,79.1,89,79.1
3960,0.301016751396,98,3,1,0,79.1,100,89,79.0999999999,89,100,79.1,70.19,89,79.1,89,79.1
3961,0.300991749312,92,9,1,0,79.1,100,89,79.0999999999,89,100,79.1,70.19,89,79.1,89,79.1
3962,0.300966747229,98,3,1,0,79.1,100,89,79.0999999999,89,100,79.1,70.19,89,79.1,89,79.1
3963,0.300941745145,98,3,1,0,79.1,100,89,79.0999999999,89,100,79.1,70.19,89,79.1,89,79.1
3964,0.300916743062,98,3,1,0,79.1,100,89,79.0999999999,89,100,79.1,70.19,89,79.1,89,79.1
3965,0.300891740978,96,5,1,0,79.1,100,89,79.0999999999,89,100,79.1,70.19,89,79.1,89,79.1
3966,0.300866738895,98,3,1,0,79.1,100,89,79.0999999999,89,100,79.1,70.19,89,79.1,89,79.1
3967,0.300841736811,95,6,1,0,79.1,100,89,79.0999999999,89,100,79.1,70.19,89,79.1,89,79.1
3968,0.300816734728,96,5,1,0,79.1,100,89,79.0999999999,89,100,79.1,70.19,89,79.1,89,79.1
3969,0.300791732644,98,3,1,0,79.1,100,89,79.0999999999,89,100,79.1,70.19,89,79.1,89,79.1
3970,0.300766730561,98,3,1,0,79.1,100,89,79.0999999999,89,100,79.1,70.19,89,79.1,89,79.1
3971,0.300741728477,97,4,1,0,79.1,100,89,79.0999999999,89,100,79.1,70.19,89,79.1,89,79.1
3972,0.300716726394,96,5,1,0,79.1,100,89,79.0999999999,89,100,79.1,70.19,89,79.1,89,79.1
3973,0.30069172431,98,3,1,0,79.1,100,89,79.0999999999,89,100,79.1,70.19,89,79.1,89,79.1
3974,0.300666722227,98,3,1,0,79.1,100,89,79.0999999999,89,100,79.1,70.19,89,79.1,89,79.1
3975,0.300641720143,98,3,1,0,79.1,100,89,79.0999999999,89,100,79.1,70.19,89,79.1,89,79.1
3976,0.30061671806,96,5,1,8.76809735928e-12,79.1,100,89,79.0999999999,89,100,79.1,70.19,89,79.1,89,79.1
3977,0.300591715976,96,5,1,0,79.1,100,89,79.0999999999,89,100,79.1,70.19,89,79.1,89,79.1
3978,0.300566713893,98,3,1,0,79.1,100,89,79.0999999999,89,100,79.1,70.19,89,79.1,89,79.1
3979,0.300541711809,98,3,1,0,79.1,100,89,79.0999999999,89,100,79.1,70.19,89,79.1,89,79.1
3980,0.300516709726,98,3,1,0,79.1,100,89,79.0999999999,89,100,79.1,70.19,89,79.1,89,79.1
3981,0.300491707642,98,3,1,0,79.1,100,89,79.0999999999,89,100,79.1,70.19,89,79.1,89,79.1
3982,0.300466705559,98,3,1,0,79.1,100,89,79.0999999999,89,100,79.1,70.19,89,79.1,89,79.1
3983,0.300441703475,96,5,1,7.02016222931e-12,79.1,100,89,79.0999999999,89,100,79.1,70.19,89,79.1,89,79.1
3984,0.300416701392,98,3,1,0,79.1,100,89,79.0999999999,89,100,79.1,70.19,89,79.1,89,79.1
3985,0.300391699308,98,3,1,0,79.1,100,89,79.0999999999,89,100,79.1,70.19,89,79.1,89,79.1
3986,0.300366697225,98,3,1,0,79.1,100,89,79.0999999999,89,100,79.1,70.19,89,79.1,89,79.1
3987,0.300341695141,96,5,1,0,79.1,100,89,79.0999999999,89,100,79.1,70.19,89,79.1,89,79.1
3988,0.300316693058,96,5,1,0,79.1,100,89,79.0999999999,89,100,79.1,70.19,89,79.1,89,79.1
3989,0.300291690974,98,3,1,0,79.1,100,89,79.0999999999,89,100,79.1,70.19,89,79.1,89,79.1
3990,0.300266688891,96,5,1,5.6132876125e-12,79.1,100,89,79.0999999999,89,100,79.1,70.19,89,79.1,89,79.1
3991,0.300241686807,98,3,1,0,79.1,100,89,79.0999999999,89,100,79.1,70.19,89,79.1,89,79.1
3992,0.300216684724,98,3,1,0,79.1,100,89,79.0999999999,89,100,79.1,70.19,89,79.1,89,79.1
3993,0.30019168264,97,4,1,0,79.1,100,89,79.0999999999,89,100,79.1,70.19,89,79.1,89,79.1
3994,0.300166680557,96,5,1,0,79.1,100,89,79.0999999999,89,100,79.1,70.19,89,79.1,89,79.1
3995,0.300141678473,97,4,1,0,79.1,100,89,79.0999999999,89,100,79.1,70.19,89,79.1,89,79.1
3996,0.30011667639,98,3,1,0,79.1,100,89,79.0999999999,89,100,79.1,70.19,89,79.1,89,79.1
3997,0.300091674306,98,3,1,0,79.1,100,89,79.0999999999,89,100,79.1,70.19,89,79.1,89,79.1
3998,0.300066672223,96,5,1,0,79.1,100,89,79.0999999999,89,100,79.1,70.19,89,79.1,89,79.1
3999,0.300041670139,98,3,1,0,79.1,100,89,79.0999999999,89,100,79.1,70.19,89,79.1,89,79.1
4000,0.300016668056,98,3,1,0,79.1,100,89,79.0999999999,89,100,79.1,70.19,89,79.1,89,79.1
4001,0.299991665972,98,3,1,0,79.1,100,89,79.0999999999,89,100,79.1,70.19,89,79.1,89,79.1
4002,0.299966663889,98,3,1,0,79.1,100,89,79.0999999999,89,100,79.1,70.19,89,79.1,89,79.1
4003,0.299941661805,98,3,1,0,79.1,100,89,79.0999999999,89,100,79.1,70.19,89,79.1,89,79.1
4004,0.299916659722,98,3,1,0,79.1,100,89,79.0999999999,89,100,79.1,70.19,89,79.1,89,79.1
4005,0.299891657638,98,3,1,0,79.1,100,89,79.0999999999,89,100,79.1,70.19,89,79.1,89,79.1
4006,0.299866655555,98,3,1,0,79.1,100,89,79.0999999999,89,100,79.1,70.19,89,79.1,89,79.1
4007,0.299841653471,96,5,1,5.00222085975e-12,79.1,100,89,79.0999999999,89,100,79.1,70.19,89,79.1,89,79.1
4008,0.299816651388,98,3,1,0,79.1,100,89,79.0999999999,89,100,79.1,70.19,89,79.1,89,79.1
4009,0.299791649304,98,3,1,0,79.1,100,89,79.0999999999,89,100,79.1,70.19,89,79.1,89,79.1
4010,0.299766647221,97,4,1,0,79.1,100,89,79.0999999999,89,100,79.1,70.19,89,79.1,89,79.1
4011,0.299741645137,97,4,1,0,79.1,100,89,79.0999999999,89,100,79.1,70.19,89,79.1,89,79.1
4012,0.299716643054,98,3,1,0,79.1,100,89,79.0999999999,89,100,79.1,70.19,89,79.1,89,79.1
4013,0.29969164097,94,7,1,0,79.1,100,89,79.0999999999,89,100,79.1,70.19,89,79.1,89,79.1
4014,0.299666638887,98,3,1,0,79.1,100,89,79.0999999999,89,100,79.1,70.19,89,79.1,89,79.1
4015,0.299641636803,98,3,1,0,79.1,100,89,79.0999999999,89,100,79.1,70.19,89,79.1,89,79.1
4016,0.29961663472,96,5,1,0,79.1,100,89,79.0999999999,89,100,79.1,70.19,89,79.1,89,79.1
4017,0.299591632636,98,3,1,0,79.1,100,89,79.0999999999,89,100,79.1,70.19,89,79.1,89,79.1
4018,0.299566630553,97,4,1,0,79.1,100,89,79.0999999999,89,100,79.1,70.19,89,79.1,89,79.1
4019,0.299541628469,98,3,1,0,79.1,100,89,79.0999999999,89,100,79.1,70.19,89,79.1,89,79.1
4020,0.299516626386,97,4,1,0,79.1,100,89,79.0999999999,89,100,79.1,70.19,89,79.1,89,79.1
4021,0.299491624302,98,3,1,0,79.1,100,89,79.0999999999,89,100,79.1,70.19,89,79.1,89,79.1
4022,0.299466622219,98,3,1,0,79.1,100,89,79.0999999999,89,100,79.1,70.19,89,79.1,89,79.1
4023,0.299441620135,98,3,1,0,79.1,100,89,79.0999999999,89,100,79.1,70.19,89,79.1,89,79.1
4024,0.299416618052,98,3,1,0,79.1,100,89,79.0999999999,89,100,79.1,70.19,89,79.1,89,79.1
4025,0.299391615968,98,3,1,0,79.1,100,89,79.0999999999,89,100,79.1,70.19,89,79.1,89,79.1
4026,0.299366613884,98,3,1,0,79.1,100,89,79.0999999999,89,100,79.1,70.19,89,79.1,89,79.1
4027,0.299341611801,97,4,1,0,79.1,100,89,79.0999999999,89,100,79.1,70.19,89,79.1,89,79.1
4028,0.299316609717,98,3,1,0,79.1,100,89,79.0999999999,89,100,79.1,70.19,89,79.1,89,79.1
4029,0.299291607634,98,3,1,0,79.1,100,89,79.0999999999,89,100,79.1,70.19,89,79.1,89,79.1
4030,0.29926660555,94,7,1,0,79.1,100,89,79.0999999999,89,100,79.1,70.19,89,79.1,89,79.1
4031,0.299241603467,98,3,1,0,79.1,100,89,79.0999999999,89,100,79.1,70.19,89,79.1,89,79.1
4032,0.299216601383,98,3,1,0,79.1,100,89,79.0999999999,89,100,79.1,70.19,89,79.1,89,79.1
4033,0.2991915993,97,4,1,0,79.1,100,89,79.0999999999,89,100,79.1,70.19,89,79.1,89,79.1
4034,0.299166597216,98,3,1,0,79.1,100,89,79.0999999999,89,100,79.1,70.19,89,79.1,89,79.1
4035,0.299141595133,96,5,1,0,79.1,100,89,79.0999999999,89,100,79.1,70.19,89,79.1,89,79.1
4036,0.299116593049,97,4,1,0,79.1,100,89,79.0999999999,89,100,79.1,70.19,89,79.1,89,79.1
4037,0.299091590966,96,5,1,0,79.1,100,89,79.0999999999,89,100,79.1,70.19,89,79.1,89,79.1
4038,0.299066588882,98,3,1,0,79.1,100,89,79.0999999999,89,100,79.1,70.19,89,79.1,89,79.1
4039,0.299041586799,98,3,1,0,79.1,100,89,79.0999999999,89,100,79.1,70.19,89,79.1,89,79.1
4040,0.299016584715,98,3,1,0,79.1,100,89,79.0999999999,89,100,79.1,70.19,89,79.1,89,79.1
4041,0.298991582632,98,3,1,0,79.1,100,89,79.0999999999,89,100,79.1,70.19,89,79.1,89,79.1
4042,0.298966580548,93,8,1,4.49063009e-12,79.1,100,89,79.0999999999,89,100,79.1,70.19,89,79.1,89,79.1
4043,0.298941578465,98,3,1,0,79.1,100,89,79.0999999999,89,100,79.1,70.19,89,79.1,89,79.1
4044,0.298916576381,98,3,1,0,79.1,100,89,79.0999999999,89,100,79.1,70.19,89,79.1,89,79.1
4045,0.298891574298,98,3,1,0,79.1,100,89,79.0999999999,89,100,79.1,70.19,89,79.1,89,79.1
4046,0.298866572214,98,3,1,0,79.1,100,89,79.0999999999,89,100,79.1,70.19,89,79.1,89,79.1
4047,0.298841570131,97,4,1,0,79.1,100,89,79.0999999999,89,100,79.1,70.19,89,79.1,89,79.1
4048,0.298816568047,95,6,1,0,79.1,100,89,79.0999999999,89,100,79.1,70.19,89,79.1,89,79.1
4049,0.298791565964,98,3,1,0,79.1,100,89,79.0999999999,89,100,79.1,70.19,89,79.1,89,79.1
4050,0.29876656388,98,3,1,0,79.1,100,89,79.0999999999,89,100,79.1,70.19,89,79.1,89,79.1
4051,0.298741561797,96,5,1,4.00746102969e-12,79.1,100,89,79.0999999999,89,100,79.1,70.19,89,79.1,89,79.1
4052,0.298716559713,96,5,1,0,79.1,100,89,79.0999999999,89,100,79.1,70.19,89,79.1,89,79.1
4053,0.29869155763,98,3,1,0,79.1,100,89,79.0999999999,89,100,79.1,70.19,89,79.1,89,79.1
4054,0.298666555546,98,3,1,0,79.1,100,89,79.0999999999,89,100,79.1,70.19,89,79.1,89,79.1
4055,0.298641553463,98,3,1,0,79.1,100,89,79.0999999999,89,100,79.1,70.19,89,79.1,89,79.1
4056,0.298616551379,98,3,1,0,79.1,100,89,79.0999999999,89,100,79.1,70.19,89,79.1,89,79.1
4057,0.298591549296,98,3,1,0,79.1,100,89,79.0999999999,89,100,79.1,70.19,89,79.1,89,79.1
4058,0.298566547212,95,6,1,1.89004367712e-11,79.1,100,89,79.0999999999,89,100,79.1,70.19,89,79.1,89,79.1
4059,0.298541545129,98,3,1,0,79.1,100,89,79.0999999999,89,100,79.1,70.19,89,79.1,89,79.1
4060,0.298516543045,98,3,1,0,79.1,100,89,79.0999999999,89,100,79.1,70.19,89,79.1,89,79.1
4061,0.298491540962,98,3,1,0,79.1,100,89,79.0999999999,89,100,79.1,70.19,89,79.1,89,79.1
4062,0.298466538878,96,5,1,0,79.1,100,89,79.0999999999,89,100,79.1,70.19,89,79.1,89,79.1
4063,0.298441536795,98,3,1,0,79.1,100,89,79.0999999999,89,100,79.1,70.19,89,79.1,89,79.1
4064,0.298416534711,98,3,1,0,79.1,100,89,79.0999999999,89,100,79.1,70.19,89,79.1,89,79.1
4065,0.298391532628,98,3,1,0,79.1,100,89,79.0999999999,89,100,79.1,70.19,89,79.1,89,79.1
4066,0.298366530544,98,3,1,0,79.1,100,89,79.0999999999,89,100,79.1,70.19,89,79.1,89,79.1
4067,0.298341528461,98,3,1,0,79.1,100,89,79.0999999999,89,100,79.1,70.19,89,79.1,89,79.1
4068,0.298316526377,98,3,1,0,79.1,100,89,79.0999999999,89,100,79.1,70.19,89,79.1,89,79.1
4069,0.298291524294,98,3,1,0,79.1,100,89,79.0999999999,89,100,79.1,70.19,89,79.1,89,79.1
4070,0.29826652221,96,5,1,0,79.1,100,89,79.0999999999,89,100,79.1,70.19,89,79.1,89,79.1
4071,0.298241520127,98,3,1,0,79.1,100,89,79.0999999999,89,100,79.1,70.19,89,79.1,89,79.1
4072,0.298216518043,97,4,1,0,79.1,100,89,79.0999999999,89,100,79.1,70.19,89,79.1,89,79.1
4073,0.29819151596,94,7,1,0,79.1,100,89,79.0999999999,89,100,79.1,70.19,89,79.1,89,79.1
4074,0.298166513876,97,4,1,0,79.1,100,89,79.0999999999,89,100,79.1,70.19,89,79.1,89,79.1
4075,0.298141511793,98,3,1,0,79.1,100,89,79.0999999999,89,100,79.1,70.19,89,79.1,89,79.1
4076,0.298116509709,95,6,1,0,79.1,100,89,79.0999999999,89,100,79.1,70.19,89,79.1,89,79.1
4077,0.298091507626,96,5,1,0,79.1,100,89,79.0999999999,89,100,79.1,70.19,89,79.1,89,79.1
4078,0.298066505542,98,3,1,0,79.1,100,89,79.0999999999,89,100,79.1,70.19,89,79.1,89,79.1
4079,0.298041503459,98,3,1,0,79.1,100,89,79.0999999999,89,100,79.1,70.19,89,79.1,89,79.1
4080,0.298016501375,98,3,1,0,79.1,100,89,79.0999999999,89,100,79.1,70.19,89,79.1,89,79.1
4081,0.297991499292,98,3,1,0,79.1,100,89,79.0999999999,89,100,79.1,70.19,89,79.1,89,79.1
4082,0.297966497208,96,5,1,0,79.1,100,89,79.0999999999,89,100,79.1,70.19,89,79.1,89,79.1
4083,0.297941495125,98,3,1,0,79.1,100,89,79.0999999999,89,100,79.1,70.19,89,79.1,89,79.1
4084,0.297916493041,96,5,1,3.19744231092e-12,79.1,100,89,79.0999999999,89,100,79.1,70.19,89,79.1,89,79.1
4085,0.297891490958,98,3,1,0,79.1,100,89,79.0999999999,89,100,79.1,70.19,89,79.1,89,79.1
4086,0.297866488874,98,3,1,0,79.1,100,89,79.0999999999,89,100,79.1,70.19,89,79.1,89,79.1
4087,0.297841486791,98,3,1,0,79.1,100,89,79.0999999999,89,100,79.1,70.19,89,79.1,89,79.1
4088,0.297816484707,98,3,1,0,79.1,100,89,79.0999999999,89,100,79.1,70.19,89,79.1,89,79.1
4089,0.297791482624,94,7,1,0,79.1,100,89,79.0999999999,89,100,79.1,70.19,89,79.1,89,79.1
4090,0.29776648054,98,3,1,0,79.1,100,89,79.0999999999,89,100,79.1,70.19,89,79.1,89,79.1
4091,0.297741478457,98,3,1,0,79.1,100,89,79.0999999999,89,100,79.1,70.19,89,79.1,89,79.1
4092,0.297716476373,98,3,1,0,79.1,100,89,79.0999999999,89,100,79.1,70.19,89,79.1,89,79.1
4093,0.29769147429,98,3,1,0,79.1,100,89,79.0999999999,89,100,79.1,70.19,89,79.1,89,79.1
4094,0.297666472206,98,3,1,0,79.1,100,89,79.0999999999,89,100,79.1,70.19,89,79.1,89,79.1
4095,0.297641470123,98,3,1,0,79.1,100,89,79.0999999999,89,100,79.1,70.19,89,79.1,89,79.1
4096,0.297616468039,98,3,1,0,79.1,100,89,79.0999999999,89,100,79.1,70.19,89,79.1,89,79.1
4097,0.297591465955,98,3,1,0,79.1,100,89,79.0999999999,89,100,79.1,70.19,89,79.1,89,79.1
4098,0.297566463872,98,3,1,0,79.1,100,89,79.0999999999,89,100,79.1,70.19,89,79.1,89,79.1
4099,0.297541461788,92,9,1,1.5120349417e-11,79.1,100,89,79.0999999999,89,100,79.1,70.19,89,79.1,89,79.1
4100,0.297516459705,98,3,1,0,79.1,100,89,79.0999999999,89,100,79.1,70.19,89,79.1,89,79.1
4101,0.297491457621,96,5,1,0,79.1,100,89,79.0999999999,89,100,79.1,70.19,89,79.1,89,79.1
4102,0.297466455538,98,3,1,0,79.1,100,89,79.0999999999,89,100,79.1,70.19,89,79.1,89,79.1
4103,0.297441453454,94,7,1,0,79.1,100,89,79.0999999999,89,100,79.1,70.19,89,79.1,89,79.1
4104,0.297416451371,96,5,1,2.04636307899e-12,79.1,100,89,79.0999999999,89,100,79.1,70.19,89,79.1,89,79.1
4105,0.297391449287,98,3,1,0,79.1,100,89,79.0999999999,89,100,79.1,70.19,89,79.1,89,79.1
4106,0.297366447204,95,6,1,0,79.1,100,89,79.0999999999,89,100,79.1,70.19,89,79.1,89,79.1
4107,0.29734144512,96,5,1,0,79.1,100,89,79.0999999999,89,100,79.1,70.19,89,79.1,89,79.1
4108,0.297316443037,95,6,1,0,79.1,100,89,79.0999999999,89,100,79.1,70.19,89,79.1,89,79.1
4109,0.297291440953,98,3,1,0,79.1,100,89,79.0999999999,89,100,79.1,70.19,89,79.1,89,79.1
4110,0.29726643887,97,4,1,0,79.1,100,89,79.0999999999,89,100,79.1,70.19,89,79.1,89,79.1
4111,0.297241436786,98,3,1,0,79.1,100,89,79.0999999999,89,100,79.1,70.19,89,79.1,89,79.1
4112,0.297216434703,98,3,1,0,79.1,100,89,79.0999999999,89,100,79.1,70.19,89,79.1,89,79.1
4113,0.297191432619,98,3,1,0,79.1,100,89,79.0999999999,89,100,79.1,70.19,89,79.1,89,79.1
4114,0.297166430536,96,5,1,0,79.1,100,89,79.0999999999,89,100,79.1,70.19,89,79.1,89,79.1
4115,0.297141428452,98,3,1,0,79.1,100,89,79.0999999999,89,100,79.1,70.19,89,79.1,89,79.1
4116,0.297116426369,98,3,1,0,79.1,100,89,79.0999999999,89,100,79.1,70.19,89,79.1,89,79.1
4117,0.297091424285,98,3,1,0,79.1,100,89,79.0999999999,89,100,79.1,70.19,89,79.1,89,79.1
4118,0.297066422202,98,3,1,0,79.1,100,89,79.0999999999,89,100,79.1,70.19,89,79.1,89,79.1
4119,0.297041420118,98,3,1,0,79.1,100,89,79.0999999999,89,100,79.1,70.19,89,79.1,89,79.1
4120,0.297016418035,93,8,1,0,79.1,100,89,79.0999999999,89,100,79.1,70.19,89,79.1,89,79.1
4121,0.296991415951,96,5,1,0,79.1,100,89,79.0999999999,89,100,79.1,70.19,89,79.1,89,79.1
4122,0.296966413868,96,5,1,0,79.1,100,89,79.0999999999,89,100,79.1,70.19,89,79.1,89,79.1
4123,0.296941411784,98,3,1,0,79.1,100,89,79.0999999999,89,100,79.1,70.19,89,79.1,89,79.1
4124,0.296916409701,96,5,1,0,79.1,100,89,79.0999999999,89,100,79.1,70.19,89,79.1,89,79.1
4125,0.296891407617,95,6,1,1.64845914696e-12,79.1,100,89,79.0999999999,89,100,79.1,70.19,89,79.1,89,79.1
4126,0.296866405534,98,3,1,0,79.1,100,89,79.0999999999,89,100,79.1,70.19,89,79.1,89,79.1
4127,0.29684140345,98,3,1,0,79.1,100,89,79.0999999999,89,100,79.1,70.19,89,79.1,89,79.1
4128,0.296816401367,98,3,1,0,79.1,100,89,79.0999999999,89,100,79.1,70.19,89,79.1,89,79.1
4129,0.296791399283,97,4,1,0,79.1,100,89,79.0999999999,89,100,79.1,70.19,89,79.1,89,79.1
4130,0.2967663972,92,9,1,1.3073986338e-12,79.1,100,89,79.0999999999,89,100,79.1,70.19,89,79.1,89,79.1
4131,0.296741395116,98,3,1,0,79.1,100,89,79.0999999999,89,100,79.1,70.19,89,79.1,89,79.1
4132,0.296716393033,98,3,1,0,79.1,100,89,79.0999999999,89,100,79.1,70.19,89,79.1,89,79.1
4133,0.296691390949,97,4,1,0,79.1,100,89,79.0999999999,89,100,79.1,70.19,89,79.1,89,79.1
4134,0.296666388866,98,3,1,0,79.1,100,89,79.0999999999,89,100,79.1,70.19,89,79.1,89,79.1
4135,0.296641386782,98,3,1,0,79.1,100,89,79.0999999999,89,100,79.1,70.19,89,79.1,89,79.1
4136,0.296616384699,98,3,1,0,79.1,100,89,79.0999999999,89,100,79.1,70.19,89,79.1,89,79.1
4137,0.296591382615,98,3,1,0,79.1,100,89,79.0999999999,89,100,79.1,70.19,89,79.1,89,79.1
4138,0.296566380532,97,4,1,0,79.1,100,89,79.0999999999,89,100,79.1,70.19,89,79.1,89,79.1
4139,0.296541378448,98,3,1,0,79.1,100,89,79.0999999999,89,100,79.1,70.19,89,79.1,89,79.1
4140,0.296516376365,96,5,1,0,79.1,100,89,79.0999999999,89,100,79.1,70.19,89,79.1,89,79.1
4141,0.296491374281,98,3,1,0,79.1,100,89,79.0999999999,89,100,79.1,70.19,89,79.1,89,79.1
4142,0.296466372198,98,3,1,0,79.1,100,89,79.0999999999,89,100,79.1,70.19,89,79.1,89,79.1
4143,0.296441370114,98,3,1,0,79.1,100,89,79.0999999999,89,100,79.1,70.19,89,79.1,89,79.1
4144,0.296416368031,98,3,1,0,79.1,100,89,79.0999999999,89,100,79.1,70.19,89,79.1,89,79.1
4145,0.296391365947,98,3,1,0,79.1,100,89,79.0999999999,89,100,79.1,70.19,89,79.1,89,79.1
4146,0.296366363864,98,3,1,0,79.1,100,89,79.0999999999,89,100,79.1,70.19,89,79.1,89,79.1
4147,0.29634136178,98,3,1,0,79.1,100,89,79.0999999999,89,100,79.1,70.19,89,79.1,89,79.1
4148,0.296316359697,98,3,1,0,79.1,100,89,79.0999999999,89,100,79.1,70.19,89,79.1,89,79.1
4149,0.296291357613,98,3,1,0,79.1,100,89,79.0999999999,89,100,79.1,70.19,89,79.1,89,79.1
4150,0.29626635553,98,3,1,0,79.1,100,89,79.0999999999,89,100,79.1,70.19,89,79.1,89,79.1
4151,0.296241353446,98,3,1,0,79.1,100,89,79.0999999999,89,100,79.1,70.19,89,79.1,89,79.1
4152,0.296216351363,98,3,1,0,79.1,100,89,79.0999999999,89,100,79.1,70.19,89,79.1,89,79.1
4153,0.296191349279,97,4,1,0,79.1,100,89,79.0999999999,89,100,79.1,70.19,89,79.1,89,79.1
4154,0.296166347196,98,3,1,0,79.1,100,89,79.0999999999,89,100,79.1,70.19,89,79.1,89,79.1
4155,0.296141345112,98,3,1,0,79.1,100,89,79.0999999999,89,100,79.1,70.19,89,79.1,89,79.1
4156,0.296116343029,97,4,1,0,79.1,100,89,79.0999999999,89,100,79.1,70.19,89,79.1,89,79.1
4157,0.296091340945,97,4,1,0,79.1,100,89,79.0999999999,89,100,79.1,70.19,89,79.1,89,79.1
4158,0.296066338862,97,4,1,0,79.1,100,89,79.0999999999,89,100,79.1,70.19,89,79.1,89,79.1
4159,0.296041336778,98,3,1,0,79.1,100,89,79.0999999999,89,100,79.1,70.19,89,79.1,89,79.1
4160,0.296016334695,98,3,1,0,79.1,100,89,79.0999999999,89,100,79.1,70.19,89,79.1,89,79.1
4161,0.295991332611,98,3,1,0,79.1,100,89,79.0999999999,89,100,79.1,70.19,89,79.1,89,79.1
4162,0.295966330528,98,3,1,0,79.1,100,89,79.0999999999,89,100,79.1,70.19,89,79.1,89,79.1
4163,0.295941328444,98,3,1,0,79.1,100,89,79.0999999999,89,100,79.1,70.19,89,79.1,89,79.1
4164,0.295916326361,98,3,1,0,79.1,100,89,79.0999999999,89,100,79.1,70.19,89,79.1,89,79.1
4165,0.295891324277,98,3,1,0,79.1,100,89,79.0999999999,89,100,79.1,70.19,89,79.1,89,79.1
4166,0.295866322194,98,3,1,0,79.1,100,89,79.0999999999,89,100,79.1,70.19,89,79.1,89,79.1
4167,0.29584132011,98,3,1,0,79.1,100,89,79.0999999999,89,100,79.1,70.19,89,79.1,89,79.1
4168,0.295816318027,98,3,1,0,79.1,100,89,79.0999999999,89,100,79.1,70.19,89,79.1,89,79.1
4169,0.295791315943,98,3,1,0,79.1,100,89,79.0999999999,89,100,79.1,70.19,89,79.1,89,79.1
4170,0.295766313859,90,11,1,0,79.1,100,89,79.0999999999,89,100,79.1,70.19,89,79.1,89,79.1
4171,0.295741311776,98,3,1,0,79.1,100,89,79.0999999999,89,100,79.1,70.19,89,79.1,89,79.1
4172,0.295716309692,98,3,1,0,79.1,100,89,79.0999999999,89,100,79.1,70.19,89,79.1,89,79.1
4173,0.295691307609,98,3,1,0,79.1,100,89,79.0999999999,89,100,79.1,70.19,89,79.1,89,79.1
4174,0.295666305525,94,7,1,0,79.1,100,89,79.0999999999,89,100,79.1,70.19,89,79.1,89,79.1
4175,0.295641303442,98,3,1,0,79.1,100,89,79.0999999999,89,100,79.1,70.19,89,79.1,89,79.1
4176,0.295616301358,96,5,1,0,79.1,100,89,79.0999999999,89,100,79.1,70.19,89,79.1,89,79.1
4177,0.295591299275,98,3,1,0,79.1,100,89,79.0999999999,89,100,79.1,70.19,89,79.1,89,79.1
4178,0.295566297191,98,3,1,0,79.1,100,89,79.0999999999,89,100,79.1,70.19,89,79.1,89,79.1
4179,0.295541295108,95,6,1,0,79.1,100,89,79.0999999999,89,100,79.1,70.19,89,79.1,89,79.1
4180,0.295516293024,98,3,1,0,79.1,100,89,79.0999999999,89,100,79.1,70.19,89,79.1,89,79.1
4181,0.295491290941,95,6,1,0,79.1,100,89,79.0999999999,89,100,79.1,70.19,89,79.1,89,79.1
4182,0.295466288857,96,5,1,0,79.1,100,89,79.0999999999,89,100,79.1,70.19,89,79.1,89,79.1
4183,0.295441286774,98,3,1,0,79.1,100,89,79.0999999999,89,100,79.1,70.19,89,79.1,89,79.1
4184,0.29541628469,98,3,1,0,79.1,100,89,79.0999999999,89,100,79.1,70.19,89,79.1,89,79.1
4185,0.295391282607,98,3,1,0,79.1,100,89,79.0999999999,89,100,79.1,70.19,89,79.1,89,79.1
4186,0.295366280523,96,5,1,0,79.1,100,89,79.0999999999,89,100,79.1,70.19,89,79.1,89,79.1
4187,0.29534127844,97,4,1,0,79.1,100,89,79.0999999999,89,100,79.1,70.19,89,79.1,89,79.1
4188,0.295316276356,98,3,1,0,79.1,100,89,79.0999999999,89,100,79.1,70.19,89,79.1,89,79.1
4189,0.295291274273,98,3,1,0,79.1,100,89,79.0999999999,89,100,79.1,70.19,89,79.1,89,79.1
4190,0.295266272189,98,3,1,0,79.1,100,89,79.0999999999,89,100,79.1,70.19,89,79.1,89,79.1
4191,0.295241270106,97,4,1,0,79.1,100,89,79.0999999999,89,100,79.1,70.19,89,79.1,89,79.1
4192,0.295216268022,98,3,1,0,79.1,100,89,79.0999999999,89,100,79.1,70.19,89,79.1,89,79.1
4193,0.295191265939,98,3,1,0,79.1,100,89,79.0999999999,89,100,79.1,70.19,89,79.1,89,79.1
4194,0.295166263855,98,3,1,0,79.1,100,89,79.0999999999,89,100,79.1,70.19,89,79.1,89,79.1
4195,0.295141261772,98,3,1,0,79.1,100,89,79.0999999999,89,100,79.1,70.19,89,79.1,89,79.1
4196,0.295116259688,98,3,1,0,79.1,100,89,79.0999999999,89,100,79.1,70.19,89,79.1,89,79.1
4197,0.295091257605,93,8,1,1.20934373626e-11,79.1,100,89,79.1,89,100,79.1,70.19,89,79.1,89,79.1
4198,0.295066255521,97,4,1,0,79.1,100,89,79.1,89,100,79.1,70.19,89,79.1,89,79.1
4199,0.295041253438,98,3,1,0,79.1,100,89,79.1,89,100,79.1,70.19,89,79.1,89,79.1
4200,0.295016251354,98,3,1,0,79.1,100,89,79.1,89,100,79.1,70.19,89,79.1,89,79.1
4201,0.294991249271,98,3,1,0,79.1,100,89,79.1,89,100,79.1,70.19,89,79.1,89,79.1
4202,0.294966247187,98,3,1,0,79.1,100,89,79.1,89,100,79.1,70.19,89,79.1,89,79.1
4203,0.294941245104,96,5,1,0,79.1,100,89,79.1,89,100,79.1,70.19,89,79.1,89,79.1
4204,0.29491624302,98,3,1,0,79.1,100,89,79.1,89,100,79.1,70.19,89,79.1,89,79.1
4205,0.294891240937,98,3,1,0,79.1,100,89,79.1,89,100,79.1,70.19,89,79.1,89,79.1
4206,0.294866238853,98,3,1,0,79.1,100,89,79.1,89,100,79.1,70.19,89,79.1,89,79.1
4207,0.29484123677,98,3,1,0,79.1,100,89,79.1,89,100,79.1,70.19,89,79.1,89,79.1
4208,0.294816234686,98,3,1,0,79.1,100,89,79.1,89,100,79.1,70.19,89,79.1,89,79.1
4209,0.294791232603,98,3,1,0,79.1,100,89,79.1,89,100,79.1,70.19,89,79.1,89,79.1
4210,0.294766230519,98,3,1,0,79.1,100,89,79.1,89,100,79.1,70.19,89,79.1,89,79.1
4211,0.294741228436,98,3,1,0,79.1,100,89,79.1,89,100,79.1,70.19,89,79.1,89,79.1
4212,0.294716226352,98,3,1,0,79.1,100,89,79.1,89,100,79.1,70.19,89,79.1,89,79.1
4213,0.294691224269,98,3,1,0,79.1,100,89,79.1,89,100,79.1,70.19,89,79.1,89,79.1
4214,0.294666222185,98,3,1,0,79.1,100,89,79.1,89,100,79.1,70.19,89,79.1,89,79.1
4215,0.294641220102,97,4,1,0,79.1,100,89,79.1,89,100,79.1,70.19,89,79.1,89,79.1
4216,0.294616218018,98,3,1,0,79.1,100,89,79.1,89,100,79.1,70.19,89,79.1,89,79.1
4217,0.294591215935,96,5,1,0,79.1,100,89,79.1,89,100,79.1,70.19,89,79.1,89,79.1
4218,0.294566213851,98,3,1,0,79.1,100,89,79.1,89,100,79.1,70.19,89,79.1,89,79.1
4219,0.294541211768,98,3,1,0,79.1,100,89,79.1,89,100,79.1,70.19,89,79.1,89,79.1
4220,0.294516209684,96,5,1,3.59534624295e-12,79.1,100,89,79.1,89,100,79.1,70.19,89,79.1,89,79.1
4221,0.294491207601,98,3,1,0,79.1,100,89,79.1,89,100,79.1,70.19,89,79.1,89,79.1
4222,0.294466205517,98,3,1,0,79.1,100,89,79.1,89,100,79.1,70.19,89,79.1,89,79.1
4223,0.294441203434,98,3,1,0,79.1,100,89,79.1,89,100,79.1,70.19,89,79.1,89,79.1
4224,0.29441620135,98,3,1,0,79.1,100,89,79.1,89,100,79.1,70.19,89,79.1,89,79.1
4225,0.294391199267,95,6,1,0,79.1,100,89,79.1,89,100,79.1,70.19,89,79.1,89,79.1
4226,0.294366197183,98,3,1,0,79.1,100,89,79.1,89,100,79.1,70.19,89,79.1,89,79.1
4227,0.2943411951,98,3,1,0,79.1,100,89,79.1,89,100,79.1,70.19,89,79.1,89,79.1
4228,0.294316193016,98,3,1,0,79.1,100,89,79.1,89,100,79.1,70.19,89,79.1,89,79.1
4229,0.294291190933,94,7,1,0,79.1,100,89,79.1,89,100,79.1,70.19,89,79.1,89,79.1
4230,0.294266188849,96,5,1,2.87059265247e-12,79.1,100,89,79.1,89,100,79.1,70.19,89,79.1,89,79.1
4231,0.294241186766,97,4,1,0,79.1,100,89,79.1,89,100,79.1,70.19,89,79.1,89,79.1
4232,0.294216184682,98,3,1,0,79.1,100,89,79.1,89,100,79.1,70.19,89,79.1,89,79.1
4233,0.294191182599,95,6,1,9.67759206105e-12,79.1,100,89,79.1,89,100,79.1,70.19,89,79.1,89,79.1
4234,0.294166180515,98,3,1,0,79.1,100,89,79.1,89,100,79.1,70.19,89,79.1,89,79.1
4235,0.294141178432,98,3,1,0,79.1,100,89,79.1,89,100,79.1,70.19,89,79.1,89,79.1
4236,0.294116176348,98,3,1,0,79.1,100,89,79.1,89,100,79.1,70.19,89,79.1,89,79.1
4237,0.294091174265,96,5,1,0,79.1,100,89,79.1,89,100,79.1,70.19,89,79.1,89,79.1
4238,0.294066172181,98,3,1,0,79.1,100,89,79.1,89,100,79.1,70.19,89,79.1,89,79.1
4239,0.294041170098,97,4,1,0,79.1,100,89,79.1,89,100,79.1,70.19,89,79.1,89,79.1
4240,0.294016168014,98,3,1,0,79.1,100,89,79.1,89,100,79.1,70.19,89,79.1,89,79.1
4241,0.29399116593,98,3,1,0,79.1,100,89,79.1,89,100,79.1,70.19,89,79.1,89,79.1
4242,0.293966163847,98,3,1,0,79.1,100,89,79.1,89,100,79.1,70.19,89,79.1,89,79.1
4243,0.293941161763,97,4,1,0,79.1,100,89,79.1,89,100,79.1,70.19,89,79.1,89,79.1
4244,0.29391615968,98,3,1,0,79.1,100,89,79.1,89,100,79.1,70.19,89,79.1,89,79.1
4245,0.293891157596,96,5,1,0,79.1,100,89,79.1,89,100,79.1,70.19,89,79.1,89,79.1
4246,0.293866155513,97,4,1,0,79.1,100,89,79.1,89,100,79.1,70.19,89,79.1,89,79.1
4247,0.293841153429,98,3,1,0,79.1,100,89,79.1,89,100,79.1,70.19,89,79.1,89,79.1
4248,0.293816151346,98,3,1,0,79.1,100,89,79.1,89,100,79.1,70.19,89,79.1,89,79.1
4249,0.293791149262,98,3,1,0,79.1,100,89,79.1,89,100,79.1,70.19,89,79.1,89,79.1
4250,0.293766147179,98,3,1,0,79.1,100,89,79.1,89,100,79.1,70.19,89,79.1,89,79.1
4251,0.293741145095,98,3,1,0,79.1,100,89,79.1,89,100,79.1,70.19,89,79.1,89,79.1
4252,0.293716143012,97,4,1,0,79.1,100,89,79.1,89,100,79.1,70.19,89,79.1,89,79.1
4253,0.293691140928,97,4,1,0,79.1,100,89,79.1,89,100,79.1,70.19,89,79.1,89,79.1
4254,0.293666138845,98,3,1,0,79.1,100,89,79.1,89,100,79.1,70.19,89,79.1,89,79.1
4255,0.293641136761,98,3,1,0,79.1,100,89,79.1,89,100,79.1,70.19,89,79.1,89,79.1
4256,0.293616134678,98,3,1,0,79.1,100,89,79.1,89,100,79.1,70.19,89,79.1,89,79.1
4257,0.293591132594,98,3,1,0,79.1,100,89,79.1,89,100,79.1,70.19,89,79.1,89,79.1
4258,0.293566130511,97,4,1,0,79.1,100,89,79.1,89,100,79.1,70.19,89,79.1,89,79.1
4259,0.293541128427,98,3,1,0,79.1,100,89,79.1,89,100,79.1,70.19,89,79.1,89,79.1
4260,0.293516126344,98,3,1,0,79.1,100,89,79.1,89,100,79.1,70.19,89,79.1,89,79.1
4261,0.29349112426,98,3,1,0,79.1,100,89,79.1,89,100,79.1,70.19,89,79.1,89,79.1
4262,0.293466122177,98,3,1,0,79.1,100,89,79.1,89,100,79.1,70.19,89,79.1,89,79.1
4263,0.293441120093,98,3,1,0,79.1,100,89,79.1,89,100,79.1,70.19,89,79.1,89,79.1
4264,0.29341611801,98,3,1,0,79.1,100,89,79.1,89,100,79.1,70.19,89,79.1,89,79.1
4265,0.293391115926,98,3,1,0,79.1,100,89,79.1,89,100,79.1,70.19,89,79.1,89,79.1
4266,0.293366113843,96,5,1,0,79.1,100,89,79.1,89,100,79.1,70.19,89,79.1,89,79.1
4267,0.293341111759,95,6,1,0,79.1,100,89,79.1,89,100,79.1,70.19,89,79.1,89,79.1
4268,0.293316109676,98,3,1,0,79.1,100,89,79.1,89,100,79.1,70.19,89,79.1,89,79.1
4269,0.293291107592,98,3,1,0,79.1,100,89,79.1,89,100,79.1,70.19,89,79.1,89,79.1
4270,0.293266105509,95,6,1,0,79.1,100,89,79.1,89,100,79.1,70.19,89,79.1,89,79.1
4271,0.293241103425,92,9,1,0,79.1,100,89,79.1,89,100,79.1,70.19,89,79.1,89,79.1
4272,0.293216101342,97,4,1,0,79.1,100,89,79.1,89,100,79.1,70.19,89,79.1,89,79.1
4273,0.293191099258,97,4,1,0,79.1,100,89,79.1,89,100,79.1,70.19,89,79.1,89,79.1
4274,0.293166097175,98,3,1,0,79.1,100,89,79.1,89,100,79.1,70.19,89,79.1,89,79.1
4275,0.293141095091,95,6,1,0,79.1,100,89,79.1,89,100,79.1,70.19,89,79.1,89,79.1
4276,0.293116093008,98,3,1,0,79.1,100,89,79.1,89,100,79.1,70.19,89,79.1,89,79.1
4277,0.293091090924,98,3,1,0,79.1,100,89,79.1,89,100,79.1,70.19,89,79.1,89,79.1
4278,0.293066088841,97,4,1,0,79.1,100,89,79.1,89,100,79.1,70.19,89,79.1,89,79.1
4279,0.293041086757,97,4,1,0,79.1,100,89,79.1,89,100,79.1,70.19,89,79.1,89,79.1
4280,0.293016084674,98,3,1,0,79.1,100,89,79.1,89,100,79.1,70.19,89,79.1,89,79.1
4281,0.29299108259,98,3,1,0,79.1,100,89,79.1,89,100,79.1,70.19,89,79.1,89,79.1
4282,0.292966080507,98,3,1,0,79.1,100,89,79.1,89,100,79.1,70.19,89,79.1,89,79.1
4283,0.292941078423,97,4,1,0,79.1,100,89,79.1,89,100,79.1,70.19,89,79.1,89,79.1
4284,0.29291607634,98,3,1,0,79.1,100,89,79.1,89,100,79.1,70.19,89,79.1,89,79.1
4285,0.292891074256,96,5,1,0,79.1,100,89,79.1,89,100,79.1,70.19,89,79.1,89,79.1
4286,0.292866072173,98,3,1,0,79.1,100,89,79.1,89,100,79.1,70.19,89,79.1,89,79.1
4287,0.292841070089,98,3,1,0,79.1,100,89,79.1,89,100,79.1,70.19,89,79.1,89,79.1
4288,0.292816068006,95,6,1,0,79.1,100,89,79.1,89,100,79.1,70.19,89,79.1,89,79.1
4289,0.292791065922,98,3,1,0,79.1,100,89,79.1,89,100,79.1,70.19,89,79.1,89,79.1
4290,0.292766063839,95,6,1,7.74491581979e-12,79.1,100,89,79.1,89,100,79.1,70.19,89,79.1,89,79.1
4291,0.292741061755,95,6,1,2.30215846386e-12,79.1,100,89,79.1,89,100,79.1,70.19,89,79.1,89,79.1
4292,0.292716059672,98,3,1,0,79.1,100,89,79.1,89,100,79.1,70.19,89,79.1,89,79.1
4293,0.292691057588,98,3,1,0,79.1,100,89,79.1,89,100,79.1,70.19,89,79.1,89,79.1
4294,0.292666055505,98,3,1,0,79.1,100,89,79.1,89,100,79.1,70.19,89,79.1,89,79.1
4295,0.292641053421,94,7,1,0,79.1,100,89,79.1,89,100,79.1,70.19,89,79.1,89,79.1
4296,0.292616051338,98,3,1,0,79.1,100,89,79.1,89,100,79.1,70.19,89,79.1,89,79.1
4297,0.292591049254,98,3,1,0,79.1,100,89,79.1,89,100,79.1,70.19,89,79.1,89,79.1
4298,0.292566047171,98,3,1,0,79.1,100,89,79.1,89,100,79.1,70.19,89,79.1,89,79.1
4299,0.292541045087,97,4,1,0,79.1,100,89,79.1,89,100,79.1,70.19,89,79.1,89,79.1
4300,0.292516043004,97,4,1,0,79.1,100,89,79.1,89,100,79.1,70.19,89,79.1,89,79.1
4301,0.29249104092,96,5,1,1.05160324892e-12,79.1,100,89,79.1,89,100,79.1,70.19,89,79.1,89,79.1
4302,0.292466038837,95,6,1,0,79.1,100,89,79.1,89,100,79.1,70.19,89,79.1,89,79.1
4303,0.292441036753,98,3,1,0,79.1,100,89,79.1,89,100,79.1,70.19,89,79.1,89,79.1
4304,0.29241603467,95,6,1,0,79.1,100,89,79.1,89,100,79.1,70.19,89,79.1,89,79.1
4305,0.292391032586,98,3,1,0,79.1,100,89,79.1,89,100,79.1,70.19,89,79.1,89,79.1
4306,0.292366030503,98,3,1,0,79.1,100,89,79.1,89,100,79.1,70.19,89,79.1,89,79.1
4307,0.292341028419,88,13,1,1.83320025826e-12,79.1,100,89,79.1,89,100,79.1,70.19,89,79.1,89,79.1
4308,0.292316026336,98,3,1,0,79.1,100,89,79.1,89,100,79.1,70.19,89,79.1,89,79.1
4309,0.292291024252,98,3,1,0,79.1,100,89,79.1,89,100,79.1,70.19,89,79.1,89,79.1
4310,0.292266022169,95,6,1,0,79.1,100,89,79.1,89,100,79.1,70.19,89,79.1,89,79.1
4311,0.292241020085,98,3,1,0,79.1,100,89,79.1,89,100,79.1,70.19,89,79.1,89,79.1
4312,0.292216018002,96,5,1,0,79.1,100,89,79.1,89,100,79.1,70.19,89,79.1,89,79.1
4313,0.292191015918,95,6,1,6.19593265583e-12,79.1,100,89,79.1,89,100,79.1,70.19,89,79.1,89,79.1
4314,0.292166013834,98,3,1,0,79.1,100,89,79.1,89,100,79.1,70.19,89,79.1,89,79.1
4315,0.292141011751,96,5,1,0,79.1,100,89,79.1,89,100,79.1,70.19,89,79.1,89,79.1
4316,0.292116009667,98,3,1,0,79.1,100,89,79.1,89,100,79.1,70.19,89,79.1,89,79.1
4317,0.292091007584,98,3,1,0,79.1,100,89,79.1,89,100,79.1,70.19,89,79.1,89,79.1
4318,0.2920660055,98,3,1,0,79.1,100,89,79.1,89,100,79.1,70.19,89,79.1,89,79.1
4319,0.292041003417,98,3,1,0,79.1,100,89,79.1,89,100,79.1,70.19,89,79.1,89,79.1
4320,0.292016001333,96,5,1,0,79.1,100,89,79.1,89,100,79.1,70.19,89,79.1,89,79.1
4321,0.29199099925,97,4,1,0,79.1,100,89,79.1,89,100,79.1,70.19,89,79.1,89,79.1
4322,0.291965997166,97,4,1,0,79.1,100,89,79.1,89,100,79.1,70.19,89,79.1,89,79.1
4323,0.291940995083,98,3,1,0,79.1,100,89,79.1,89,100,79.1,70.19,89,79.1,89,79.1
4324,0.291915992999,96,5,1,0,79.1,100,89,79.1,89,100,79.1,70.19,89,79.1,89,79.1
4325,0.291890990916,98,3,1,0,79.1,100,89,79.1,89,100,79.1,70.19,89,79.1,89,79.1
4326,0.291865988832,97,4,1,0,79.1,100,89,79.1,89,100,79.1,70.19,89,79.1,89,79.1
4327,0.291840986749,98,3,1,0,79.1,100,89,79.1,89,100,79.1,70.19,89,79.1,89,79.1
4328,0.291815984665,98,3,1,0,79.1,100,89,79.1,89,100,79.1,70.19,89,79.1,89,79.1
4329,0.291790982582,97,4,1,0,79.1,100,89,79.1,89,100,79.1,70.19,89,79.1,89,79.1
4330,0.291765980498,98,3,1,0,79.1,100,89,79.1,89,100,79.1,70.19,89,79.1,89,79.1
4331,0.291740978415,98,3,1,0,79.1,100,89,79.1,89,100,79.1,70.19,89,79.1,89,79.1
4332,0.291715976331,98,3,1,0,79.1,100,89,79.1,89,100,79.1,70.19,89,79.1,89,79.1
4333,0.291690974248,97,4,1,0,79.1,100,89,79.1,89,100,79.1,70.19,89,79.1,89,79.1
4334,0.291665972164,98,3,1,0,79.1,100,89,79.1,89,100,79.1,70.19,89,79.1,89,79.1
4335,0.291640970081,98,3,1,0,79.1,100,89,79.1,89,100,79.1,70.19,89,79.1,89,79.1
4336,0.291615967997,98,3,1,0,79.1,100,89,79.1,89,100,79.1,70.19,89,79.1,89,79.1
4337,0.291590965914,97,4,1,0,79.1,100,89,79.1,89,100,79.1,70.19,89,79.1,89,79.1
4338,0.29156596383,97,4,1,0,79.1,100,89,79.1,89,100,79.1,70.19,89,79.1,89,79.1
4339,0.291540961747,98,3,1,0,79.1,100,89,79.1,89,100,79.1,70.19,89,79.1,89,79.1
4340,0.291515959663,98,3,1,0,79.1,100,89,79.1,89,100,79.1,70.19,89,79.1,89,79.1
4341,0.29149095758,98,3,1,0,79.1,100,89,79.1,89,100,79.1,70.19,89,79.1,89,79.1
4342,0.291465955496,98,3,1,0,79.1,100,89,79.1,89,100,79.1,70.19,89,79.1,89,79.1
4343,0.291440953413,95,6,1,4.94537744089e-12,79.1,100,89,79.1,89,100,79.1,70.19,89,79.1,89,79.1
4344,0.291415951329,98,3,1,0,79.1,100,89,79.1,89,100,79.1,70.19,89,79.1,89,79.1
4345,0.291390949246,95,6,1,0,79.1,100,89,79.1,89,100,79.1,70.19,89,79.1,89,79.1
4346,0.291365947162,97,4,1,0,79.1,100,89,79.1,89,100,79.1,70.19,89,79.1,89,79.1
4347,0.291340945079,94,7,1,0,79.1,100,89,79.1,89,100,79.1,70.19,89,79.1,89,79.1
4348,0.291315942995,98,3,1,0,79.1,100,89,79.1,89,100,79.1,70.19,89,79.1,89,79.1
4349,0.291290940912,98,3,1,0,79.1,100,89,79.1,89,100,79.1,70.19,89,79.1,89,79.1
4350,0.291265938828,98,3,1,0,79.1,100,89,79.1,89,100,79.1,70.19,89,79.1,89,79.1
4351,0.291240936745,98,3,1,0,79.1,100,89,79.1,89,100,79.1,70.19,89,79.1,89,79.1
4352,0.291215934661,98,3,1,0,79.1,100,89,79.1,89,100,79.1,70.19,89,79.1,89,79.1
4353,0.291190932578,98,3,1,0,79.1,100,89,79.1,89,100,79.1,70.19,89,79.1,89,79.1
4354,0.291165930494,98,3,1,0,79.1,100,89,79.1,89,100,79.1,70.19,89,79.1,89,79.1
4355,0.291140928411,98,3,1,0,79.1,100,89,79.1,89,100,79.1,70.19,89,79.1,89,79.1
4356,0.291115926327,98,3,1,0,79.1,100,89,79.1,89,100,79.1,70.19,89,79.1,89,79.1
4357,0.291090924244,98,3,1,0,79.1,100,89,79.1,89,100,79.1,70.19,89,79.1,89,79.1
4358,0.29106592216,96,5,1,0,79.1,100,89,79.1,89,100,79.1,70.19,89,79.1,89,79.1
4359,0.291040920077,98,3,1,0,79.1,100,89,79.1,89,100,79.1,70.19,89,79.1,89,79.1
4360,0.291015917993,98,3,1,0,79.1,100,89,79.1,89,100,79.1,70.19,89,79.1,89,79.1
4361,0.29099091591,93,8,1,0,79.1,100,89,79.1,89,100,79.1,70.19,89,79.1,89,79.1
4362,0.290965913826,98,3,1,0,79.1,100,89,79.1,89,100,79.1,70.19,89,79.1,89,79.1
4363,0.290940911743,98,3,1,0,79.1,100,89,79.1,89,100,79.1,70.19,89,79.1,89,79.1
4364,0.290915909659,96,5,1,0,79.1,100,89,79.1,89,100,79.1,70.19,89,79.1,89,79.1
4365,0.290890907576,98,3,1,0,79.1,100,89,79.1,89,100,79.1,70.19,89,79.1,89,79.1
4366,0.290865905492,98,3,1,0,79.1,100,89,79.1,89,100,79.1,70.19,89,79.1,89,79.1
4367,0.290840903409,98,3,1,0,79.1,100,89,79.1,89,100,79.1,70.19,89,79.1,89,79.1
4368,0.290815901325,98,3,1,0,79.1,100,89,79.1,89,100,79.1,70.19,89,79.1,89,79.1
4369,0.290790899242,98,3,1,0,79.1,100,89,79.1,89,100,79.1,70.19,89,79.1,89,79.1
4370,0.290765897158,98,3,1,0,79.1,100,89,79.1,89,100,79.1,70.19,89,79.1,89,79.1
4371,0.290740895075,98,3,1,0,79.1,100,89,79.1,89,100,79.1,70.19,89,79.1,89,79.1
4372,0.290715892991,96,5,1,0,79.1,100,89,79.1,89,100,79.1,70.19,89,79.1,89,79.1
4373,0.290690890908,96,5,1,1.46371803567e-12,79.1,100,89,79.1,89,100,79.1,70.19,89,79.1,89,79.1
4374,0.290665888824,98,3,1,0,79.1,100,89,79.1,89,100,79.1,70.19,89,79.1,89,79.1
4375,0.290640886741,96,5,1,0,79.1,100,89,79.1,89,100,79.1,70.19,89,79.1,89,79.1
4376,0.290615884657,98,3,1,0,79.1,100,89,79.1,89,100,79.1,70.19,89,79.1,89,79.1
4377,0.290590882574,96,5,1,0,79.1,100,89,79.1,89,100,79.1,70.19,89,79.1,89,79.1
4378,0.29056588049,97,4,1,0,79.1,100,89,79.1,89,100,79.1,70.19,89,79.1,89,79.1
4379,0.290540878407,97,4,1,0,79.1,100,89,79.1,89,100,79.1,70.19,89,79.1,89,79.1
4380,0.290515876323,98,3,1,0,79.1,100,89,79.1,89,100,79.1,70.19,89,79.1,89,79.1
4381,0.29049087424,98,3,1,0,79.1,100,89,79.1,89,100,79.1,70.19,89,79.1,89,79.1
4382,0.290465872156,98,3,1,0,79.1,100,89,79.1,89,100,79.1,70.19,89,79.1,89,79.1
4383,0.290440870073,98,3,1,0,79.1,100,89,79.1,89,100,79.1,70.19,89,79.1,89,79.1
4384,0.290415867989,94,7,1,1.50635059981e-12,79.1,100,89,79.1,89,100,79.1,70.19,89,79.1,89,79.1
4385,0.290390865905,98,3,1,0,79.1,100,89,79.1,89,100,79.1,70.19,89,79.1,89,79.1
4386,0.290365863822,98,3,1,0,79.1,100,89,79.1,89,100,79.1,70.19,89,79.1,89,79.1
4387,0.290340861738,98,3,1,0,79.1,100,89,79.1,89,100,79.1,70.19,89,79.1,89,79.1
4388,0.290315859655,98,3,1,0,79.1,100,89,79.1,89,100,79.1,70.19,89,79.1,89,79.1
4389,0.290290857571,98,3,1,0,79.1,100,89,79.1,89,100,79.1,70.19,89,79.1,89,79.1
4390,0.290265855488,98,3,1,0,79.1,100,89,79.1,89,100,79.1,70.19,89,79.1,89,79.1
4391,0.290240853404,98,3,1,0,79.1,100,89,79.1,89,100,79.1,70.19,89,79.1,89,79.1
4392,0.290215851321,98,3,1,0,79.1,100,89,79.1,89,100,79.1,70.19,89,79.1,89,79.1
4393,0.290190849237,97,4,1,0,79.1,100,89,79.1,89,100,79.1,70.19,89,79.1,89,79.1
4394,0.290165847154,98,3,1,0,79.1,100,89,79.1,89,100,79.1,70.19,89,79.1,89,79.1
4395,0.29014084507,98,3,1,0,79.1,100,89,79.1,89,100,79.1,70.19,89,79.1,89,79.1
4396,0.290115842987,97,4,1,0,79.1,100,89,79.1,89,100,79.1,70.19,89,79.1,89,79.1
4397,0.290090840903,98,3,1,0,79.1,100,89,79.1,89,100,79.1,70.19,89,79.1,89,79.1
4398,0.29006583882,98,3,1,0,79.1,100,89,79.1,89,100,79.1,70.19,89,79.1,89,79.1
4399,0.290040836736,94,7,1,0,79.1,100,89,79.1,89,100,79.1,70.19,89,79.1,89,79.1
4400,0.290015834653,98,3,1,0,79.1,100,89,79.1,89,100,79.1,70.19,89,79.1,89,79.1
4401,0.289990832569,98,3,1,0,79.1,100,89,79.1,89,100,79.1,70.19,89,79.1,89,79.1
4402,0.289965830486,93,8,1,0,79.1,100,89,79.1,89,100,79.1,70.19,89,79.1,89,79.1
4403,0.289940828402,98,3,1,0,79.1,100,89,79.1,89,100,79.1,70.19,89,79.1,89,79.1
4404,0.289915826319,98,3,1,0,79.1,100,89,79.1,89,100,79.1,70.19,89,79.1,89,79.1
4405,0.289890824235,96,5,1,0,79.1,100,89,79.1,89,100,79.1,70.19,89,79.1,89,79.1
4406,0.289865822152,98,3,1,0,79.1,100,89,79.1,89,100,79.1,70.19,89,79.1,89,79.1
4407,0.289840820068,98,3,1,0,79.1,100,89,79.1,89,100,79.1,70.19,89,79.1,89,79.1
4408,0.289815817985,96,5,1,0,79.1,100,89,79.1,89,100,79.1,70.19,89,79.1,89,79.1
4409,0.289790815901,98,3,1,0,79.1,100,89,79.1,89,100,79.1,70.19,89,79.1,89,79.1
4410,0.289765813818,98,3,1,0,79.1,100,89,79.1,89,100,79.1,70.19,89,79.1,89,79.1
4411,0.289740811734,98,3,1,0,79.1,100,89,79.1,89,100,79.1,70.19,89,79.1,89,79.1
4412,0.289715809651,96,5,1,0,79.1,100,89,79.1,89,100,79.1,70.19,89,79.1,89,79.1
4413,0.289690807567,98,3,1,0,79.1,100,89,79.1,89,100,79.1,70.19,89,79.1,89,79.1
4414,0.289665805484,91,10,1,0,79.1,100,89,79.1,89,100,79.1,70.19,89,79.1,89,79.1
4415,0.2896408034,98,3,1,0,79.1,100,89,79.1,89,100,79.1,70.19,89,79.1,89,79.1
4416,0.289615801317,97,4,1,0,79.1,100,89,79.1,89,100,79.1,70.19,89,79.1,89,79.1
4417,0.289590799233,98,3,1,0,79.1,100,89,79.1,89,100,79.1,70.19,89,79.1,89,79.1
4418,0.28956579715,98,3,1,0,79.1,100,89,79.1,89,100,79.1,70.19,89,79.1,89,79.1
4419,0.289540795066,98,3,1,0,79.1,100,89,79.1,89,100,79.1,70.19,89,79.1,89,79.1
4420,0.289515792983,98,3,1,0,79.1,100,89,79.1,89,100,79.1,70.19,89,79.1,89,79.1
4421,0.289490790899,98,3,1,0,79.1,100,89,79.1,89,100,79.1,70.19,89,79.1,89,79.1
4422,0.289465788816,98,3,1,0,79.1,100,89,79.1,89,100,79.1,70.19,89,79.1,89,79.1
4423,0.289440786732,98,3,1,0,79.1,100,89,79.1,89,100,79.1,70.19,89,79.1,89,79.1
4424,0.289415784649,98,3,1,0,79.1,100,89,79.1,89,100,79.1,70.19,89,79.1,89,79.1
4425,0.289390782565,96,5,1,0,79.1,100,89,79.1,89,100,79.1,70.19,89,79.1,89,79.1
4426,0.289365780482,98,3,1,0,79.1,100,89,79.1,89,100,79.1,70.19,89,79.1,89,79.1
4427,0.289340778398,98,3,1,0,79.1,100,89,79.1,89,100,79.1,70.19,89,79.1,89,79.1
4428,0.289315776315,97,4,1,0,79.1,100,89,79.1,89,100,79.1,70.19,89,79.1,89,79.1
4429,0.289290774231,95,6,1,0,79.1,100,89,79.1,89,100,79.1,70.19,89,79.1,89,79.1
4430,0.289265772148,98,3,1,0,79.1,100,89,79.1,89,100,79.1,70.19,89,79.1,89,79.1
4431,0.289240770064,98,3,1,0,79.1,100,89,79.1,89,100,79.1,70.19,89,79.1,89,79.1
4432,0.289215767981,96,5,1,0,79.1,100,89,79.1,89,100,79.1,70.19,89,79.1,89,79.1
4433,0.289190765897,98,3,1,0,79.1,100,89,79.1,89,100,79.1,70.19,89,79.1,89,79.1
4434,0.289165763814,98,3,1,0,79.1,100,89,79.1,89,100,79.1,70.19,89,79.1,89,79.1
4435,0.28914076173,98,3,1,0,79.1,100,89,79.1,89,100,79.1,70.19,89,79.1,89,79.1
4436,0.289115759647,95,6,1,0,79.1,100,89,79.1,89,100,79.1,70.19,89,79.1,89,79.1
4437,0.289090757563,96,5,1,0,79.1,100,89,79.1,89,100,79.1,70.19,89,79.1,89,79.1
4438,0.28906575548,98,3,1,0,79.1,100,89,79.1,89,100,79.1,70.19,89,79.1,89,79.1
4439,0.289040753396,97,4,1,0,79.1,100,89,79.1,89,100,79.1,70.19,89,79.1,89,79.1
4440,0.289015751313,98,3,1,0,79.1,100,89,79.1,89,100,79.1,70.19,89,79.1,89,79.1
4441,0.288990749229,97,4,1,0,79.1,100,89,79.1,89,100,79.1,70.19,89,79.1,89,79.1
4442,0.288965747146,98,3,1,0,79.1,100,89,79.1,89,100,79.1,70.19,89,79.1,89,79.1
4443,0.288940745062,98,3,1,0,79.1,100,89,79.1,89,100,79.1,70.19,89,79.1,89,79.1
4444,0.288915742979,98,3,1,0,79.1,100,89,79.1,89,100,79.1,70.19,89,79.1,89,79.1
4445,0.288890740895,98,3,1,0,79.1,100,89,79.1,89,100,79.1,70.19,89,79.1,89,79.1
4446,0.288865738812,95,6,1,0,79.1,100,89,79.1,89,100,79.1,70.19,89,79.1,89,79.1
4447,0.288840736728,90,11,1,0,79.1,100,89,79.1,89,100,79.1,70.19,89,79.1,89,79.1
4448,0.288815734645,97,4,1,0,79.1,100,89,79.1,89,100,79.1,70.19,89,79.1,89,79.1
4449,0.288790732561,98,3,1,0,79.1,100,89,79.1,89,100,79.1,70.19,89,79.1,89,79.1
4450,0.288765730478,96,5,1,0,79.1,100,89,79.1,89,100,79.1,70.19,89,79.1,89,79.1
4451,0.288740728394,97,4,1,0,79.1,100,89,79.1,89,100,79.1,70.19,89,79.1,89,79.1
4452,0.288715726311,98,3,1,0,79.1,100,89,79.1,89,100,79.1,70.19,89,79.1,89,79.1
4453,0.288690724227,97,4,1,0,79.1,100,89,79.1,89,100,79.1,70.19,89,79.1,89,79.1
4454,0.288665722144,94,7,1,0,79.1,100,89,79.1,89,100,79.1,70.19,89,79.1,89,79.1
4455,0.28864072006,98,3,1,0,79.1,100,89,79.1,89,100,79.1,70.19,89,79.1,89,79.1
4456,0.288615717976,98,3,1,0,79.1,100,89,79.1,89,100,79.1,70.19,89,79.1,89,79.1
4457,0.288590715893,98,3,1,0,79.1,100,89,79.1,89,100,79.1,70.19,89,79.1,89,79.1
4458,0.288565713809,98,3,1,0,79.1,100,89,79.1,89,100,79.1,70.19,89,79.1,89,79.1
4459,0.288540711726,92,9,1,0,79.1,100,89,79.1,89,100,79.1,70.19,89,79.1,89,79.1
4460,0.288515709642,96,5,1,0,79.1,100,89,79.1,89,100,79.1,70.19,89,79.1,89,79.1
4461,0.288490707559,98,3,1,0,79.1,100,89,79.1,89,100,79.1,70.19,89,79.1,89,79.1
4462,0.288465705475,98,3,1,0,79.1,100,89,79.1,89,100,79.1,70.19,89,79.1,89,79.1
4463,0.288440703392,98,3,1,0,79.1,100,89,79.1,89,100,79.1,70.19,89,79.1,89,79.1
4464,0.288415701308,98,3,1,0,79.1,100,89,79.1,89,100,79.1,70.19,89,79.1,89,79.1
4465,0.288390699225,98,3,1,0,79.1,100,89,79.1,89,100,79.1,70.19,89,79.1,89,79.1
4466,0.288365697141,98,3,1,0,79.1,100,89,79.1,89,100,79.1,70.19,89,79.1,89,79.1
4467,0.288340695058,98,3,1,0,79.1,100,89,79.1,89,100,79.1,70.19,89,79.1,89,79.1
4468,0.288315692974,98,3,1,0,79.1,100,89,79.1,89,100,79.1,70.19,89,79.1,89,79.1
4469,0.288290690891,97,4,1,0,79.1,100,89,79.1,89,100,79.1,70.19,89,79.1,89,79.1
4470,0.288265688807,98,3,1,0,79.1,100,89,79.1,89,100,79.1,70.19,89,79.1,89,79.1
4471,0.288240686724,97,4,1,0,79.1,100,89,79.1,89,100,79.1,70.19,89,79.1,89,79.1
4472,0.28821568464,98,3,1,0,79.1,100,89,79.1,89,100,79.1,70.19,89,79.1,89,79.1
4473,0.288190682557,98,3,1,0,79.1,100,89,79.1,89,100,79.1,70.19,89,79.1,89,79.1
4474,0.288165680473,98,3,1,0,79.1,100,89,79.1,89,100,79.1,70.19,89,79.1,89,79.1
4475,0.28814067839,98,3,1,0,79.1,100,89,79.1,89,100,79.1,70.19,89,79.1,89,79.1
4476,0.288115676306,97,4,1,0,79.1,100,89,79.1,89,100,79.1,70.19,89,79.1,89,79.1
4477,0.288090674223,96,5,1,5.40012479178e-13,79.1,100,89,79.1,89,100,79.1,70.19,89,79.1,89,79.1
4478,0.288065672139,98,3,1,0,79.1,100,89,79.1,89,100,79.1,70.19,89,79.1,89,79.1
4479,0.288040670056,98,3,1,0,79.1,100,89,79.1,89,100,79.1,70.19,89,79.1,89,79.1
4480,0.288015667972,98,3,1,0,79.1,100,89,79.1,89,100,79.1,70.19,89,79.1,89,79.1
4481,0.287990665889,98,3,1,0,79.1,100,89,79.1,89,100,79.1,70.19,89,79.1,89,79.1
4482,0.287965663805,98,3,1,0,79.1,100,89,79.1,89,100,79.1,70.19,89,79.1,89,79.1
4483,0.287940661722,95,6,1,3.96482846554e-12,79.1,100,89,79.1,89,100,79.1,70.19,89,79.1,89,79.1
4484,0.287915659638,97,4,1,0,79.1,100,89,79.1,89,100,79.1,70.19,89,79.1,89,79.1
4485,0.287890657555,98,3,1,0,79.1,100,89,79.1,89,100,79.1,70.19,89,79.1,89,79.1
4486,0.287865655471,98,3,1,0,79.1,100,89,79.1,89,100,79.1,70.19,89,79.1,89,79.1
4487,0.287840653388,98,3,1,0,79.1,100,89,79.1,89,100,79.1,70.19,89,79.1,89,79.1
4488,0.287815651304,98,3,1,0,79.1,100,89,79.1,89,100,79.1,70.19,89,79.1,89,79.1
4489,0.287790649221,95,6,1,0,79.1,100,89,79.1,89,100,79.1,70.19,89,79.1,89,79.1
4490,0.287765647137,98,3,1,0,79.1,100,89,79.1,89,100,79.1,70.19,89,79.1,89,79.1
4491,0.287740645054,98,3,1,0,79.1,100,89,79.1,89,100,79.1,70.19,89,79.1,89,79.1
4492,0.28771564297,96,5,1,0,79.1,100,89,79.1,89,100,79.1,70.19,89,79.1,89,79.1
4493,0.287690640887,98,3,1,0,79.1,100,89,79.1,89,100,79.1,70.19,89,79.1,89,79.1
4494,0.287665638803,98,3,1,0,79.1,100,89,79.1,89,100,79.1,70.19,89,79.1,89,79.1
4495,0.28764063672,98,3,1,0,79.1,100,89,79.1,89,100,79.1,70.19,89,79.1,89,79.1
4496,0.287615634636,94,7,1,3.16902060149e-12,79.1,100,89,79.1,89,100,79.1,70.19,89,79.1,89,79.1
4497,0.287590632553,97,4,1,0,79.1,100,89,79.1,89,100,79.1,70.19,89,79.1,89,79.1
4498,0.287565630469,98,3,1,0,79.1,100,89,79.1,89,100,79.1,70.19,89,79.1,89,79.1
4499,0.287540628386,98,3,1,0,79.1,100,89,79.1,89,100,79.1,70.19,89,79.1,89,79.1
4500,0.287515626302,98,3,1,0,79.1,100,89,79.1,89,100,79.1,70.19,89,79.1,89,79.1
4501,0.287490624219,98,3,1,0,79.1,100,89,79.1,89,100,79.1,70.19,89,79.1,89,79.1
4502,0.287465622135,98,3,1,0,79.1,100,89,79.1,89,100,79.1,70.19,89,79.1,89,79.1
4503,0.287440620052,98,3,1,0,79.1,100,89,79.1,89,100,79.1,70.19,89,79.1,89,79.1
4504,0.287415617968,98,3,1,0,79.1,100,89,79.1,89,100,79.1,70.19,89,79.1,89,79.1
4505,0.287390615885,97,4,1,0,79.1,100,89,79.1,89,100,79.1,70.19,89,79.1,89,79.1
4506,0.287365613801,95,6,1,0,79.1,100,89,79.1,89,100,79.1,70.19,89,79.1,89,79.1
4507,0.287340611718,97,4,1,0,79.1,100,89,79.1,89,100,79.1,70.19,89,79.1,89,79.1
4508,0.287315609634,98,3,1,0,79.1,100,89,79.1,89,100,79.1,70.19,89,79.1,89,79.1
4509,0.287290607551,96,5,1,1.17950094136e-12,79.1,100,89,79.1,89,100,79.1,70.19,89,79.1,89,79.1
4510,0.287265605467,98,3,1,0,79.1,100,89,79.1,89,100,79.1,70.19,89,79.1,89,79.1
4511,0.287240603384,98,3,1,0,79.1,100,89,79.1,89,100,79.1,70.19,89,79.1,89,79.1
4512,0.2872156013,98,3,1,0,79.1,100,89,79.1,89,100,79.1,70.19,89,79.1,89,79.1
4513,0.287190599217,98,3,1,0,79.1,100,89,79.1,89,100,79.1,70.19,89,79.1,89,79.1
4514,0.287165597133,96,5,1,3.41060513165e-13,79.1,100,89,79.1,89,100,79.1,70.19,89,79.1,89,79.1
4515,0.28714059505,98,3,1,0,79.1,100,89,79.1,89,100,79.1,70.19,89,79.1,89,79.1
4516,0.287115592966,98,3,1,0,79.1,100,89,79.1,89,100,79.1,70.19,89,79.1,89,79.1
4517,0.287090590883,98,3,1,0,79.1,100,89,79.1,89,100,79.1,70.19,89,79.1,89,79.1
4518,0.287065588799,98,3,1,0,79.1,100,89,79.1,89,100,79.1,70.19,89,79.1,89,79.1
4519,0.287040586716,97,4,1,0,79.1,100,89,79.1,89,100,79.1,70.19,89,79.1,89,79.1
4520,0.287015584632,98,3,1,0,79.1,100,89,79.1,89,100,79.1,70.19,89,79.1,89,79.1
4521,0.286990582549,98,3,1,0,79.1,100,89,79.1,89,100,79.1,70.19,89,79.1,89,79.1
4522,0.286965580465,96,5,1,0,79.1,100,89,79.1,89,100,79.1,70.19,89,79.1,89,79.1
4523,0.286940578382,98,3,1,0,79.1,100,89,79.1,89,100,79.1,70.19,89,79.1,89,79.1
4524,0.286915576298,98,3,1,0,79.1,100,89,79.1,89,100,79.1,70.19,89,79.1,89,79.1
4525,0.286890574215,98,3,1,0,79.1,100,89,79.1,89,100,79.1,70.19,89,79.1,89,79.1
4526,0.286865572131,98,3,1,0,79.1,100,89,79.1,89,100,79.1,70.19,89,79.1,89,79.1
4527,0.286840570048,98,3,1,0,79.1,100,89,79.1,89,100,79.1,70.19,89,79.1,89,79.1
4528,0.286815567964,98,3,1,0,79.1,100,89,79.1,89,100,79.1,70.19,89,79.1,89,79.1
4529,0.28679056588,97,4,1,0,79.1,100,89,79.1,89,100,79.1,70.19,89,79.1,89,79.1
4530,0.286765563797,97,4,1,0,79.1,100,89,79.1,89,100,79.1,70.19,89,79.1,89,79.1
4531,0.286740561713,97,4,1,0,79.1,100,89,79.1,89,100,79.1,70.19,89,79.1,89,79.1
4532,0.28671555963,96,5,1,0,79.1,100,89,79.1,89,100,79.1,70.19,89,79.1,89,79.1
4533,0.286690557546,98,3,1,0,79.1,100,89,79.1,89,100,79.1,70.19,89,79.1,89,79.1
4534,0.286665555463,98,3,1,0,79.1,100,89,79.1,89,100,79.1,70.19,89,79.1,89,79.1
4535,0.286640553379,97,4,1,0,79.1,100,89,79.1,89,100,79.1,70.19,89,79.1,89,79.1
4536,0.286615551296,98,3,1,0,79.1,100,89,79.1,89,100,79.1,70.19,89,79.1,89,79.1
4537,0.286590549212,94,7,1,2.52953213931e-12,79.1,100,89,79.1,89,100,79.1,70.19,89,79.1,89,79.1
4538,0.286565547129,97,4,1,0,79.1,100,89,79.1,89,100,79.1,70.19,89,79.1,89,79.1
4539,0.286540545045,98,3,1,0,79.1,100,89,79.1,89,100,79.1,70.19,89,79.1,89,79.1
4540,0.286515542962,96,5,1,0,79.1,100,89,79.1,89,100,79.1,70.19,89,79.1,89,79.1
4541,0.286490540878,98,3,1,0,79.1,100,89,79.1,89,100,79.1,70.19,89,79.1,89,79.1
4542,0.286465538795,98,3,1,0,79.1,100,89,79.1,89,100,79.1,70.19,89,79.1,89,79.1
4543,0.286440536711,96,5,1,0,79.1,100,89,79.1,89,100,79.1,70.19,89,79.1,89,79.1
4544,0.286415534628,97,4,1,0,79.1,100,89,79.1,89,100,79.1,70.19,89,79.1,89,79.1
4545,0.286390532544,96,5,1,0,79.1,100,89,79.1,89,100,79.1,70.19,89,79.1,89,79.1
4546,0.286365530461,98,3,1,0,79.1,100,89,79.1,89,100,79.1,70.19,89,79.1,89,79.1
4547,0.286340528377,96,5,1,0,79.1,100,89,79.1,89,100,79.1,70.19,89,79.1,89,79.1
4548,0.286315526294,98,3,1,0,79.1,100,89,79.1,89,100,79.1,70.19,89,79.1,89,79.1
4549,0.28629052421,98,3,1,0,79.1,100,89,79.1,89,100,79.1,70.19,89,79.1,89,79.1
4550,0.286265522127,98,3,1,0,79.1,100,89,79.1,89,100,79.1,70.19,89,79.1,89,79.1
4551,0.286240520043,96,5,1,0,79.1,100,89,79.1,89,100,79.1,70.19,89,79.1,89,79.1
4552,0.28621551796,96,5,1,2.84217094304e-13,79.1,100,89,79.1,89,100,79.1,70.19,89,79.1,89,79.1
4553,0.286190515876,98,3,1,0,79.1,100,89,79.1,89,100,79.1,70.19,89,79.1,89,79.1
4554,0.286165513793,98,3,1,0,79.1,100,89,79.1,89,100,79.1,70.19,89,79.1,89,79.1
4555,0.286140511709,98,3,1,0,79.1,100,89,79.1,89,100,79.1,70.19,89,79.1,89,79.1
4556,0.286115509626,96,5,1,0,79.1,100,89,79.1,89,100,79.1,70.19,89,79.1,89,79.1
4557,0.286090507542,98,3,1,0,79.1,100,89,79.1,89,100,79.1,70.19,89,79.1,89,79.1
4558,0.286065505459,98,3,1,0,79.1,100,89,79.1,89,100,79.1,70.19,89,79.1,89,79.1
4559,0.286040503375,98,3,1,0,79.1,100,89,79.1,89,100,79.1,70.19,89,79.1,89,79.1
4560,0.286015501292,98,3,1,0,79.1,100,89,79.1,89,100,79.1,70.19,89,79.1,89,79.1
4561,0.285990499208,97,4,1,0,79.1,100,89,79.1,89,100,79.1,70.19,89,79.1,89,79.1
4562,0.285965497125,97,4,1,0,79.1,100,89,79.1,89,100,79.1,70.19,89,79.1,89,79.1
4563,0.285940495041,98,3,1,0,79.1,100,89,79.1,89,100,79.1,70.19,89,79.1,89,79.1
4564,0.285915492958,98,3,1,0,79.1,100,89,79.1,89,100,79.1,70.19,89,79.1,89,79.1
4565,0.285890490874,98,3,1,0,79.1,100,89,79.1,89,100,79.1,70.19,89,79.1,89,79.1
4566,0.285865488791,98,3,1,0,79.1,100,89,79.1,89,100,79.1,70.19,89,79.1,89,79.1
4567,0.285840486707,98,3,1,0,79.1,100,89,79.1,89,100,79.1,70.19,89,79.1,89,79.1
4568,0.285815484624,98,3,1,0,79.1,100,89,79.1,89,100,79.1,70.19,89,79.1,89,79.1
4569,0.28579048254,98,3,1,0,79.1,100,89,79.1,89,100,79.1,70.19,89,79.1,89,79.1
4570,0.285765480457,98,3,1,0,79.1,100,89,79.1,89,100,79.1,70.19,89,79.1,89,79.1
4571,0.285740478373,98,3,1,0,79.1,100,89,79.1,89,100,79.1,70.19,89,79.1,89,79.1
4572,0.28571547629,96,5,1,7.53175299906e-13,79.1,100,89,79.1,89,100,79.1,70.19,89,79.1,89,79.1
4573,0.285690474206,97,4,1,0,79.1,100,89,79.1,89,100,79.1,70.19,89,79.1,89,79.1
4574,0.285665472123,98,3,1,0,79.1,100,89,79.1,89,100,79.1,70.19,89,79.1,89,79.1
4575,0.285640470039,98,3,1,0,79.1,100,89,79.1,89,100,79.1,70.19,89,79.1,89,79.1
4576,0.285615467956,97,4,1,0,79.1,100,89,79.1,89,100,79.1,70.19,89,79.1,89,79.1
4577,0.285590465872,98,3,1,0,79.1,100,89,79.1,89,100,79.1,70.19,89,79.1,89,79.1
4578,0.285565463789,96,5,1,5.96855898038e-13,79.1,100,89,79.1,89,100,79.1,70.19,89,79.1,89,79.1
4579,0.285540461705,94,7,1,0,79.1,100,89,79.1,89,100,79.1,70.19,89,79.1,89,79.1
4580,0.285515459622,97,4,1,0,79.1,100,89,79.1,89,100,79.1,70.19,89,79.1,89,79.1
4581,0.285490457538,98,3,1,0,79.1,100,89,79.1,89,100,79.1,70.19,89,79.1,89,79.1
4582,0.285465455455,96,5,1,4.83169060317e-13,79.1,100,89,79.1,89,100,79.1,70.19,89,79.1,89,79.1
4583,0.285440453371,97,4,1,0,79.1,100,89,79.1,89,100,79.1,70.19,89,79.1,89,79.1
4584,0.285415451288,98,3,1,0,79.1,100,89,79.1,89,100,79.1,70.19,89,79.1,89,79.1
4585,0.285390449204,95,6,1,0,79.1,100,89,79.1,89,100,79.1,70.19,89,79.1,89,79.1
4586,0.285365447121,98,3,1,0,79.1,100,89,79.1,89,100,79.1,70.19,89,79.1,89,79.1
4587,0.285340445037,98,3,1,0,79.1,100,89,79.1,89,100,79.1,70.19,89,79.1,89,79.1
4588,0.285315442954,98,3,1,0,79.1,100,89,79.1,89,100,79.1,70.19,89,79.1,89,79.1
4589,0.28529044087,98,3,1,0,79.1,100,89,79.1,89,100,79.1,70.19,89,79.1,89,79.1
4590,0.285265438787,98,3,1,0,79.1,100,89,79.1,89,100,79.1,70.19,89,79.1,89,79.1
4591,0.285240436703,98,3,1,0,79.1,100,89,79.1,89,100,79.1,70.19,89,79.1,89,79.1
4592,0.28521543462,97,4,1,0,79.1,100,89,79.1,89,100,79.1,70.19,89,79.1,89,79.1
4593,0.285190432536,98,3,1,0,79.1,100,89,79.1,89,100,79.1,70.19,89,79.1,89,79.1
4594,0.285165430453,98,3,1,0,79.1,100,89,79.1,89,100,79.1,70.19,89,79.1,89,79.1
4595,0.285140428369,97,4,1,0,79.1,100,89,79.1,89,100,79.1,70.19,89,79.1,89,79.1
4596,0.285115426286,96,5,1,2.27373675443e-13,79.1,100,89,79.1,89,100,79.1,70.19,89,79.1,89,79.1
4597,0.285090424202,98,3,1,0,79.1,100,89,79.1,89,100,79.1,70.19,89,79.1,89,79.1
4598,0.285065422119,98,3,1,0,79.1,100,89,79.1,89,100,79.1,70.19,89,79.1,89,79.1
4599,0.285040420035,98,3,1,0,79.1,100,89,79.1,89,100,79.1,70.19,89,79.1,89,79.1
4600,0.285015417951,98,3,1,0,79.1,100,89,79.1,89,100,79.1,70.19,89,79.1,89,79.1
4601,0.284990415868,98,3,1,0,79.1,100,89,79.1,89,100,79.1,70.19,89,79.1,89,79.1
4602,0.284965413784,95,6,1,0,79.1,100,89,79.1,89,100,79.1,70.19,89,79.1,89,79.1
4603,0.284940411701,98,3,1,0,79.1,100,89,79.1,89,100,79.1,70.19,89,79.1,89,79.1
4604,0.284915409617,98,3,1,0,79.1,100,89,79.1,89,100,79.1,70.19,89,79.1,89,79.1
4605,0.284890407534,98,3,1,0,79.1,100,89,79.1,89,100,79.1,70.19,89,79.1,89,79.1
4606,0.28486540545,97,4,1,0,79.1,100,89,79.1,89,100,79.1,70.19,89,79.1,89,79.1
4607,0.284840403367,98,3,1,0,79.1,100,89,79.1,89,100,79.1,70.19,89,79.1,89,79.1
4608,0.284815401283,98,3,1,0,79.1,100,89,79.1,89,100,79.1,70.19,89,79.1,89,79.1
4609,0.2847903992,97,4,1,0,79.1,100,89,79.1,89,100,79.1,70.19,89,79.1,89,79.1
4610,0.284765397116,97,4,1,0,79.1,100,89,79.1,89,100,79.1,70.19,89,79.1,89,79.1
4611,0.284740395033,96,5,1,0,79.1,100,89,79.1,89,100,79.1,70.19,89,79.1,89,79.1
4612,0.284715392949,98,3,1,0,79.1,100,89,79.1,89,100,79.1,70.19,89,79.1,89,79.1
4613,0.284690390866,98,3,1,0,79.1,100,89,79.1,89,100,79.1,70.19,89,79.1,89,79.1
4614,0.284665388782,95,6,1,0,79.1,100,89,79.1,89,100,79.1,70.19,89,79.1,89,79.1
4615,0.284640386699,98,3,1,0,79.1,100,89,79.1,89,100,79.1,70.19,89,79.1,89,79.1
4616,0.284615384615,96,5,1,3.8369307731e-13,79.1,100,89,79.1,89,100,79.1,70.19,89,79.1,89,79.1
4617,0.284590382532,98,3,1,0,79.1,100,89,79.1,89,100,79.1,70.19,89,79.1,89,79.1
4618,0.284565380448,98,3,1,0,79.1,100,89,79.1,89,100,79.1,70.19,89,79.1,89,79.1
4619,0.284540378365,95,6,1,2.03215222427e-12,79.1,100,89,79.1,89,100,79.1,70.19,89,79.1,89,79.1
4620,0.284515376281,98,3,1,0,79.1,100,89,79.1,89,100,79.1,70.19,89,79.1,89,79.1
4621,0.284490374198,96,5,1,0,79.1,100,89,79.1,89,100,79.1,70.19,89,79.1,89,79.1
4622,0.284465372114,96,5,1,0,79.1,100,89,79.1,89,100,79.1,70.19,89,79.1,89,79.1
4623,0.284440370031,98,3,1,0,79.1,100,89,79.1,89,100,79.1,70.19,89,79.1,89,79.1
4624,0.284415367947,98,3,1,0,79.1,100,89,79.1,89,100,79.1,70.19,89,79.1,89,79.1
4625,0.284390365864,96,5,1,0,79.1,100,89,79.1,89,100,79.1,70.19,89,79.1,89,79.1
4626,0.28436536378,98,3,1,0,79.1,100,89,79.1,89,100,79.1,70.19,89,79.1,89,79.1
4627,0.284340361697,96,5,1,0,79.1,100,89,79.1,89,100,79.1,70.19,89,79.1,89,79.1
4628,0.284315359613,98,3,1,0,79.1,100,89,79.1,89,100,79.1,70.19,89,79.1,89,79.1
4629,0.28429035753,98,3,1,0,79.1,100,89,79.1,89,100,79.1,70.19,89,79.1,89,79.1
4630,0.284265355446,96,5,1,0,79.1,100,89,79.1,89,100,79.1,70.19,89,79.1,89,79.1
4631,0.284240353363,98,3,1,0,79.1,100,89,79.1,89,100,79.1,70.19,89,79.1,89,79.1
4632,0.284215351279,97,4,1,0,79.1,100,89,79.1,89,100,79.1,70.19,89,79.1,89,79.1
4633,0.284190349196,97,4,1,0,79.1,100,89,79.1,89,100,79.1,70.19,89,79.1,89,79.1
4634,0.284165347112,98,3,1,0,79.1,100,89,79.1,89,100,79.1,70.19,89,79.1,89,79.1
4635,0.284140345029,96,5,1,0,79.1,100,89,79.1,89,100,79.1,70.19,89,79.1,89,79.1
4636,0.284115342945,98,3,1,0,79.1,100,89,79.1,89,100,79.1,70.19,89,79.1,89,79.1
4637,0.284090340862,98,3,1,0,79.1,100,89,79.1,89,100,79.1,70.19,89,79.1,89,79.1
4638,0.284065338778,98,3,1,0,79.1,100,89,79.1,89,100,79.1,70.19,89,79.1,89,79.1
4639,0.284040336695,98,3,1,0,79.1,100,89,79.1,89,100,79.1,70.19,89,79.1,89,79.1
4640,0.284015334611,97,4,1,0,79.1,100,89,79.1,89,100,79.1,70.19,89,79.1,89,79.1
4641,0.283990332528,98,3,1,0,79.1,100,89,79.1,89,100,79.1,70.19,89,79.1,89,79.1
4642,0.283965330444,98,3,1,0,79.1,100,89,79.1,89,100,79.1,70.19,89,79.1,89,79.1
4643,0.283940328361,98,3,1,0,79.1,100,89,79.1,89,100,79.1,70.19,89,79.1,89,79.1
4644,0.283915326277,98,3,1,0,79.1,100,89,79.1,89,100,79.1,70.19,89,79.1,89,79.1
4645,0.283890324194,98,3,1,0,79.1,100,89,79.1,89,100,79.1,70.19,89,79.1,89,79.1
4646,0.28386532211,98,3,1,0,79.1,100,89,79.1,89,100,79.1,70.19,89,79.1,89,79.1
4647,0.283840320027,98,3,1,0,79.1,100,89,79.1,89,100,79.1,70.19,89,79.1,89,79.1
4648,0.283815317943,98,3,1,0,79.1,100,89,79.1,89,100,79.1,70.19,89,79.1,89,79.1
4649,0.28379031586,98,3,1,0,79.1,100,89,79.1,89,100,79.1,70.19,89,79.1,89,79.1
4650,0.283765313776,98,3,1,0,79.1,100,89,79.1,89,100,79.1,70.19,89,79.1,89,79.1
4651,0.283740311693,98,3,1,0,79.1,100,89,79.1,89,100,79.1,70.19,89,79.1,89,79.1
4652,0.283715309609,98,3,1,0,79.1,100,89,79.1,89,100,79.1,70.19,89,79.1,89,79.1
4653,0.283690307526,96,5,1,0,79.1,100,89,79.1,89,100,79.1,70.19,89,79.1,89,79.1
4654,0.283665305442,96,5,1,3.12638803734e-13,79.1,100,89,79.1,89,100,79.1,70.19,89,79.1,89,79.1
4655,0.283640303359,98,3,1,0,79.1,100,89,79.1,89,100,79.1,70.19,89,79.1,89,79.1
4656,0.283615301275,98,3,1,0,79.1,100,89,79.1,89,100,79.1,70.19,89,79.1,89,79.1
4657,0.283590299192,97,4,1,0,79.1,100,89,79.1,89,100,79.1,70.19,89,79.1,89,79.1
4658,0.283565297108,98,3,1,0,79.1,100,89,79.1,89,100,79.1,70.19,89,79.1,89,79.1
4659,0.283540295025,96,5,1,0,79.1,100,89,79.1,89,100,79.1,70.19,89,79.1,89,79.1
4660,0.283515292941,98,3,1,0,79.1,100,89,79.1,89,100,79.1,70.19,89,79.1,89,79.1
4661,0.283490290858,97,4,1,0,79.1,100,89,79.1,89,100,79.1,70.19,89,79.1,89,79.1
4662,0.283465288774,94,7,1,1.70530256582e-13,79.1,100,89,79.1,89,100,79.1,70.19,89,79.1,89,79.1
4663,0.283440286691,97,4,1,0,79.1,100,89,79.1,89,100,79.1,70.19,89,79.1,89,79.1
4664,0.283415284607,94,7,1,0,79.1,100,89,79.1,89,100,79.1,70.19,89,79.1,89,79.1
4665,0.283390282524,98,3,1,0,79.1,100,89,79.1,89,100,79.1,70.19,89,79.1,89,79.1
4666,0.28336528044,96,5,1,0,79.1,100,89,79.1,89,100,79.1,70.19,89,79.1,89,79.1
4667,0.283340278357,98,3,1,0,79.1,100,89,79.1,89,100,79.1,70.19,89,79.1,89,79.1
4668,0.283315276273,94,7,1,1.62003743753e-12,79.1,100,89,79.1,89,100,79.1,70.19,89,79.1,89,79.1
4669,0.28329027419,98,3,1,0,79.1,100,89,79.1,89,100,79.1,70.19,89,79.1,89,79.1
4670,0.283265272106,98,3,1,0,79.1,100,89,79.1,89,100,79.1,70.19,89,79.1,89,79.1
4671,0.283240270023,97,4,1,0,79.1,100,89,79.1,89,100,79.1,70.19,89,79.1,89,79.1
4672,0.283215267939,98,3,1,0,79.1,100,89,79.1,89,100,79.1,70.19,89,79.1,89,79.1
4673,0.283190265855,98,3,1,0,79.1,100,89,79.1,89,100,79.1,70.19,89,79.1,89,79.1
4674,0.283165263772,94,7,1,1.29318777908e-12,79.1,100,89,79.1,89,100,79.1,70.19,89,79.1,89,79.1
4675,0.283140261688,97,4,1,0,79.1,100,89,79.1,89,100,79.1,70.19,89,79.1,89,79.1
4676,0.283115259605,97,4,1,0,79.1,100,89,79.1,89,100,79.1,70.19,89,79.1,89,79.1
4677,0.283090257521,97,4,1,0,79.1,100,89,79.1,89,100,79.1,70.19,89,79.1,89,79.1
4678,0.283065255438,98,3,1,0,79.1,100,89,79.1,89,100,79.1,70.19,89,79.1,89,79.1
4679,0.283040253354,97,4,1,0,79.1,100,89,79.1,89,100,79.1,70.19,89,79.1,89,79.1
4680,0.283015251271,97,4,1,0,79.1,100,89,79.1,89,100,79.1,70.19,89,79.1,89,79.1
4681,0.282990249187,98,3,1,0,79.1,100,89,79.1,89,100,79.1,70.19,89,79.1,89,79.1
4682,0.282965247104,98,3,1,0,79.1,100,89,79.1,89,100,79.1,70.19,89,79.1,89,79.1
4683,0.28294024502,96,5,1,0,79.1,100,89,79.1,89,100,79.1,70.19,89,79.1,89,79.1
4684,0.282915242937,98,3,1,0,79.1,100,89,79.1,89,100,79.1,70.19,89,79.1,89,79.1
4685,0.282890240853,96,5,1,0,79.1,100,89,79.1,89,100,79.1,70.19,89,79.1,89,79.1
4686,0.28286523877,98,3,1,0,79.1,100,89,79.1,89,100,79.1,70.19,89,79.1,89,79.1
4687,0.282840236686,98,3,1,0,79.1,100,89,79.1,89,100,79.1,70.19,89,79.1,89,79.1
4688,0.282815234603,97,4,1,0,79.1,100,89,79.1,89,100,79.1,70.19,89,79.1,89,79.1
4689,0.282790232519,98,3,1,0,79.1,100,89,79.1,89,100,79.1,70.19,89,79.1,89,79.1
4690,0.282765230436,98,3,1,0,79.1,100,89,79.1,89,100,79.1,70.19,89,79.1,89,79.1
4691,0.282740228352,97,4,1,0,79.1,100,89,79.1,89,100,79.1,70.19,89,79.1,89,79.1
4692,0.282715226269,93,8,1,1.03739239421e-12,79.1,100,89,79.1,89,100,79.1,70.19,89,79.1,89,79.1
4693,0.282690224185,98,3,1,0,79.1,100,89,79.1,89,100,79.1,70.19,89,79.1,89,79.1
4694,0.282665222102,98,3,1,0,79.1,100,89,79.1,89,100,79.1,70.19,89,79.1,89,79.1
4695,0.282640220018,97,4,1,0,79.1,100,89,79.1,89,100,79.1,70.19,89,79.1,89,79.1
4696,0.282615217935,98,3,1,0,79.1,100,89,79.1,89,100,79.1,70.19,89,79.1,89,79.1
4697,0.282590215851,98,3,1,0,79.1,100,89,79.1,89,100,79.1,70.19,89,79.1,89,79.1
4698,0.282565213768,98,3,1,0,79.1,100,89,79.1,89,100,79.1,70.19,89,79.1,89,79.1
4699,0.282540211684,97,4,1,0,79.1,100,89,79.1,89,100,79.1,70.19,89,79.1,89,79.1
4700,0.282515209601,95,6,1,0,79.1,100,89,79.1,89,100,79.1,70.19,89,79.1,89,79.1
4701,0.282490207517,96,5,1,0,79.1,100,89,79.1,89,100,79.1,70.19,89,79.1,89,79.1
4702,0.282465205434,98,3,1,0,79.1,100,89,79.1,89,100,79.1,70.19,89,79.1,89,79.1
4703,0.28244020335,98,3,1,0,79.1,100,89,79.1,89,100,79.1,70.19,89,79.1,89,79.1
4704,0.282415201267,98,3,1,0,79.1,100,89,79.1,89,100,79.1,70.19,89,79.1,89,79.1
4705,0.282390199183,96,5,1,0,79.1,100,89,79.1,89,100,79.1,70.19,89,79.1,89,79.1
4706,0.2823651971,97,4,1,0,79.1,100,89,79.1,89,100,79.1,70.19,89,79.1,89,79.1
4707,0.282340195016,97,4,1,0,79.1,100,89,79.1,89,100,79.1,70.19,89,79.1,89,79.1
4708,0.282315192933,98,3,1,0,79.1,100,89,79.1,89,100,79.1,70.19,89,79.1,89,79.1
4709,0.282290190849,98,3,1,0,79.1,100,89,79.1,89,100,79.1,70.19,89,79.1,89,79.1
4710,0.282265188766,97,4,1,0,79.1,100,89,79.1,89,100,79.1,70.19,89,79.1,89,79.1
4711,0.282240186682,88,13,1,8.38440428197e-13,79.1,100,89,79.1,89,100,79.1,70.19,89,79.1,89,79.1
4712,0.282215184599,98,3,1,0,79.1,100,89,79.1,89,100,79.1,70.19,89,79.1,89,79.1
4713,0.282190182515,98,3,1,0,79.1,100,89,79.1,89,100,79.1,70.19,89,79.1,89,79.1
4714,0.282165180432,96,5,1,0,79.1,100,89,79.1,89,100,79.1,70.19,89,79.1,89,79.1
4715,0.282140178348,98,3,1,0,79.1,100,89,79.1,89,100,79.1,70.19,89,79.1,89,79.1
4716,0.282115176265,98,3,1,0,79.1,100,89,79.1,89,100,79.1,70.19,89,79.1,89,79.1
4717,0.282090174181,98,3,1,0,79.1,100,89,79.1,89,100,79.1,70.19,89,79.1,89,79.1
4718,0.282065172098,98,3,1,0,79.1,100,89,79.1,89,100,79.1,70.19,89,79.1,89,79.1
4719,0.282040170014,98,3,1,0,79.1,100,89,79.1,89,100,79.1,70.19,89,79.1,89,79.1
4720,0.282015167931,98,3,1,0,79.1,100,89,79.1,89,100,79.1,70.19,89,79.1,89,79.1
4721,0.281990165847,98,3,1,0,79.1,100,89,79.1,89,100,79.1,70.19,89,79.1,89,79.1
4722,0.281965163764,98,3,1,0,79.1,100,89,79.1,89,100,79.1,70.19,89,79.1,89,79.1
4723,0.28194016168,98,3,1,0,79.1,100,89,79.1,89,100,79.1,70.19,89,79.1,89,79.1
4724,0.281915159597,98,3,1,0,79.1,100,89,79.1,89,100,79.1,70.19,89,79.1,89,79.1
4725,0.281890157513,98,3,1,0,79.1,100,89,79.1,89,100,79.1,70.19,89,79.1,89,79.1
4726,0.28186515543,98,3,1,0,79.1,100,89,79.1,89,100,79.1,70.19,89,79.1,89,79.1
4727,0.281840153346,95,6,1,6.67910171614e-13,79.1,100,89,79.1,89,100,79.1,70.19,89,79.1,89,79.1
4728,0.281815151263,98,3,1,0,79.1,100,89,79.1,89,100,79.1,70.19,89,79.1,89,79.1
4729,0.281790149179,97,4,1,0,79.1,100,89,79.1,89,100,79.1,70.19,89,79.1,89,79.1
4730,0.281765147096,96,5,1,0,79.1,100,89,79.1,89,100,79.1,70.19,89,79.1,89,79.1
4731,0.281740145012,98,3,1,0,79.1,100,89,79.1,89,100,79.1,70.19,89,79.1,89,79.1
4732,0.281715142929,96,5,1,0,79.1,100,89,79.1,89,100,79.1,70.19,89,79.1,89,79.1
4733,0.281690140845,96,5,1,0,79.1,100,89,79.1,89,100,79.1,70.19,89,79.1,89,79.1
4734,0.281665138762,98,3,1,0,79.1,100,89,79.1,89,100,79.1,70.19,89,79.1,89,79.1
4735,0.281640136678,96,5,1,0,79.1,100,89,79.1,89,100,79.1,70.19,89,79.1,89,79.1
4736,0.281615134595,98,3,1,0,79.1,100,89,79.1,89,100,79.1,70.19,89,79.1,89,79.1
4737,0.281590132511,98,3,1,0,79.1,100,89,79.1,89,100,79.1,70.19,89,79.1,89,79.1
4738,0.281565130428,96,5,1,0,79.1,100,89,79.1,89,100,79.1,70.19,89,79.1,89,79.1
4739,0.281540128344,98,3,1,0,79.1,100,89,79.1,89,100,79.1,70.19,89,79.1,89,79.1
4740,0.281515126261,98,3,1,0,79.1,100,89,79.1,89,100,79.1,70.19,89,79.1,89,79.1
4741,0.281490124177,97,4,1,0,79.1,100,89,79.1,89,100,79.1,70.19,89,79.1,89,79.1
4742,0.281465122094,98,3,1,0,79.1,100,89,79.1,89,100,79.1,70.19,89,79.1,89,79.1
4743,0.28144012001,98,3,1,0,79.1,100,89,79.1,89,100,79.1,70.19,89,79.1,89,79.1
4744,0.281415117926,98,3,1,0,79.1,100,89,79.1,89,100,79.1,70.19,89,79.1,89,79.1
4745,0.281390115843,97,4,1,0,79.1,100,89,79.1,89,100,79.1,70.19,89,79.1,89,79.1
4746,0.281365113759,98,3,1,0,79.1,100,89,79.1,89,100,79.1,70.19,89,79.1,89,79.1
4747,0.281340111676,96,5,1,0,79.1,100,89,79.1,89,100,79.1,70.19,89,79.1,89,79.1
4748,0.281315109592,98,3,1,0,79.1,100,89,79.1,89,100,79.1,70.19,89,79.1,89,79.1
4749,0.281290107509,98,3,1,0,79.1,100,89,79.1,89,100,79.1,70.19,89,79.1,89,79.1
4750,0.281265105425,98,3,1,0,79.1,100,89,79.1,89,100,79.1,70.19,89,79.1,89,79.1
4751,0.281240103342,98,3,1,0,79.1,100,89,79.1,89,100,79.1,70.19,89,79.1,89,79.1
4752,0.281215101258,92,9,1,0,79.1,100,89,79.1,89,100,79.1,70.19,89,79.1,89,79.1
4753,0.281190099175,98,3,1,0,79.1,100,89,79.1,89,100,79.1,70.19,89,79.1,89,79.1
4754,0.281165097091,98,3,1,0,79.1,100,89,79.1,89,100,79.1,70.19,89,79.1,89,79.1
4755,0.281140095008,98,3,1,0,79.1,100,89,79.1,89,100,79.1,70.19,89,79.1,89,79.1
4756,0.281115092924,96,5,1,0,79.1,100,89,79.1,89,100,79.1,70.19,89,79.1,89,79.1
4757,0.281090090841,98,3,1,0,79.1,100,89,79.1,89,100,79.1,70.19,89,79.1,89,79.1
4758,0.281065088757,98,3,1,0,79.1,100,89,79.1,89,100,79.1,70.19,89,79.1,89,79.1
4759,0.281040086674,97,4,1,0,79.1,100,89,79.1,89,100,79.1,70.19,89,79.1,89,79.1
4760,0.28101508459,98,3,1,0,79.1,100,89,79.1,89,100,79.1,70.19,89,79.1,89,79.1
4761,0.280990082507,98,3,1,0,79.1,100,89,79.1,89,100,79.1,70.19,89,79.1,89,79.1
4762,0.280965080423,98,3,1,0,79.1,100,89,79.1,89,100,79.1,70.19,89,79.1,89,79.1
4763,0.28094007834,93,8,1,5.25801624462e-13,79.1,100,89,79.1,89,100,79.1,70.19,89,79.1,89,79.1
4764,0.280915076256,98,3,1,0,79.1,100,89,79.1,89,100,79.1,70.19,89,79.1,89,79.1
4765,0.280890074173,98,3,1,0,79.1,100,89,79.1,89,100,79.1,70.19,89,79.1,89,79.1
4766,0.280865072089,98,3,1,0,79.1,100,89,79.1,89,100,79.1,70.19,89,79.1,89,79.1
4767,0.280840070006,98,3,1,0,79.1,100,89,79.1,89,100,79.1,70.19,89,79.1,89,79.1
4768,0.280815067922,89,12,1,1.03739239421e-12,79.1,100,89,79.1,89,100,79.1,70.19,89,79.1,89,79.1
4769,0.280790065839,96,5,1,1.98951966013e-13,79.1,100,89,79.1,89,100,79.1,70.19,89,79.1,89,79.1
4770,0.280765063755,98,3,1,0,79.1,100,89,79.1,89,100,79.1,70.19,89,79.1,89,79.1
4771,0.280740061672,98,3,1,0,79.1,100,89,79.1,89,100,79.1,70.19,89,79.1,89,79.1
4772,0.280715059588,97,4,1,0,79.1,100,89,79.1,89,100,79.1,70.19,89,79.1,89,79.1
4773,0.280690057505,98,3,1,0,79.1,100,89,79.1,89,100,79.1,70.19,89,79.1,89,79.1
4774,0.280665055421,98,3,1,0,79.1,100,89,79.1,89,100,79.1,70.19,89,79.1,89,79.1
4775,0.280640053338,96,5,1,0,79.1,100,89,79.1,89,100,79.1,70.19,89,79.1,89,79.1
4776,0.280615051254,98,3,1,0,79.1,100,89,79.1,89,100,79.1,70.19,89,79.1,89,79.1
4777,0.280590049171,96,5,1,0,79.1,100,89,79.1,89,100,79.1,70.19,89,79.1,89,79.1
4778,0.280565047087,98,3,1,0,79.1,100,89,79.1,89,100,79.1,70.19,89,79.1,89,79.1
4779,0.280540045004,96,5,1,1.56319401867e-13,79.1,100,89,79.1,89,100,79.1,70.19,89,79.1,89,79.1
4780,0.28051504292,98,3,1,0,79.1,100,89,79.1,89,100,79.1,70.19,89,79.1,89,79.1
4781,0.280490040837,98,3,1,0,79.1,100,89,79.1,89,100,79.1,70.19,89,79.1,89,79.1
4782,0.280465038753,97,4,1,0,79.1,100,89,79.1,89,100,79.1,70.19,89,79.1,89,79.1
4783,0.28044003667,95,6,1,0,79.1,100,89,79.1,89,100,79.1,70.19,89,79.1,89,79.1
4784,0.280415034586,98,3,1,0,79.1,100,89,79.1,89,100,79.1,70.19,89,79.1,89,79.1
4785,0.280390032503,96,5,1,0,79.1,100,89,79.1,89,100,79.1,70.19,89,79.1,89,79.1
4786,0.280365030419,98,3,1,0,79.1,100,89,79.1,89,100,79.1,70.19,89,79.1,89,79.1
4787,0.280340028336,98,3,1,0,79.1,100,89,79.1,89,100,79.1,70.19,89,79.1,89,79.1
4788,0.280315026252,98,3,1,0,79.1,100,89,79.1,89,100,79.1,70.19,89,79.1,89,79.1
4789,0.280290024169,98,3,1,0,79.1,100,89,79.1,89,100,79.1,70.19,89,79.1,89,79.1
4790,0.280265022085,97,4,1,0,79.1,100,89,79.1,89,100,79.1,70.19,89,79.1,89,79.1
4791,0.280240020002,98,3,1,0,79.1,100,89,79.1,89,100,79.1,70.19,89,79.1,89,79.1
4792,0.280215017918,97,4,1,0,79.1,100,89,79.1,89,100,79.1,70.19,89,79.1,89,79.1
4793,0.280190015835,97,4,1,0,79.1,100,89,79.1,89,100,79.1,70.19,89,79.1,89,79.1
4794,0.280165013751,98,3,1,0,79.1,100,89,79.1,89,100,79.1,70.19,89,79.1,89,79.1
4795,0.280140011668,98,3,1,0,79.1,100,89,79.1,89,100,79.1,70.19,89,79.1,89,79.1
4796,0.280115009584,96,5,1,0,79.1,100,89,79.1,89,100,79.1,70.19,89,79.1,89,79.1
4797,0.280090007501,98,3,1,0,79.1,100,89,79.1,89,100,79.1,70.19,89,79.1,89,79.1
4798,0.280065005417,98,3,1,0,79.1,100,89,79.1,89,100,79.1,70.19,89,79.1,89,79.1
4799,0.280040003334,98,3,1,0,79.1,100,89,79.1,89,100,79.1,70.19,89,79.1,89,79.1
4800,0.28001500125,98,3,1,0,79.1,100,89,79.1,89,100,79.1,70.19,89,79.1,89,79.1
4801,0.279989999167,98,3,1,0,79.1,100,89,79.1,89,100,79.1,70.19,89,79.1,89,79.1
4802,0.279964997083,98,3,1,0,79.1,100,89,79.1,89,100,79.1,70.19,89,79.1,89,79.1
4803,0.279939995,97,4,1,0,79.1,100,89,79.1,89,100,79.1,70.19,89,79.1,89,79.1
4804,0.279914992916,98,3,1,0,79.1,100,89,79.1,89,100,79.1,70.19,89,79.1,89,79.1
4805,0.279889990833,97,4,1,0,79.1,100,89,79.1,89,100,79.1,70.19,89,79.1,89,79.1
4806,0.279864988749,98,3,1,0,79.1,100,89,79.1,89,100,79.1,70.19,89,79.1,89,79.1
4807,0.279839986666,98,3,1,0,79.1,100,89,79.1,89,100,79.1,70.19,89,79.1,89,79.1
4808,0.279814984582,97,4,1,0,79.1,100,89,79.1,89,100,79.1,70.19,89,79.1,89,79.1
4809,0.279789982499,98,3,1,0,79.1,100,89,79.1,89,100,79.1,70.19,89,79.1,89,79.1
4810,0.279764980415,98,3,1,0,79.1,100,89,79.1,89,100,79.1,70.19,89,79.1,89,79.1
4811,0.279739978332,96,5,1,8.52651282912e-14,79.1,100,89,79.1,89,100,79.1,70.19,89,79.1,89,79.1
4812,0.279714976248,98,3,1,0,79.1,100,89,79.1,89,100,79.1,70.19,89,79.1,89,79.1
4813,0.279689974165,98,3,1,0,79.1,100,89,79.1,89,100,79.1,70.19,89,79.1,89,79.1
4814,0.279664972081,98,3,1,0,79.1,100,89,79.1,89,100,79.1,70.19,89,79.1,89,79.1
4815,0.279639969997,94,7,1,0,79.1,100,89,79.1,89,100,79.1,70.19,89,79.1,89,79.1
4816,0.279614967914,95,6,1,0,79.1,100,89,79.1,89,100,79.1,70.19,89,79.1,89,79.1
4817,0.27958996583,98,3,1,0,79.1,100,89,79.1,89,100,79.1,70.19,89,79.1,89,79.1
4818,0.279564963747,96,5,1,0,79.1,100,89,79.1,89,100,79.1,70.19,89,79.1,89,79.1
4819,0.279539961663,98,3,1,0,79.1,100,89,79.1,89,100,79.1,70.19,89,79.1,89,79.1
4820,0.27951495958,98,3,1,0,79.1,100,89,79.1,89,100,79.1,70.19,89,79.1,89,79.1
4821,0.279489957496,98,3,1,0,79.1,100,89,79.1,89,100,79.1,70.19,89,79.1,89,79.1
4822,0.279464955413,97,4,1,0,79.1,100,89,79.1,89,100,79.1,70.19,89,79.1,89,79.1
4823,0.279439953329,98,3,1,0,79.1,100,89,79.1,89,100,79.1,70.19,89,79.1,89,79.1
4824,0.279414951246,95,6,1,0,79.1,100,89,79.1,89,100,79.1,70.19,89,79.1,89,79.1
4825,0.279389949162,98,3,1,0,79.1,100,89,79.1,89,100,79.1,70.19,89,79.1,89,79.1
4826,0.279364947079,98,3,1,0,79.1,100,89,79.1,89,100,79.1,70.19,89,79.1,89,79.1
4827,0.279339944995,98,3,1,0,79.1,100,89,79.1,89,100,79.1,70.19,89,79.1,89,79.1
4828,0.279314942912,98,3,1,0,79.1,100,89,79.1,89,100,79.1,70.19,89,79.1,89,79.1
4829,0.279289940828,97,4,1,0,79.1,100,89,79.1,89,100,79.1,70.19,89,79.1,89,79.1
4830,0.279264938745,98,3,1,0,79.1,100,89,79.1,89,100,79.1,70.19,89,79.1,89,79.1
4831,0.279239936661,98,3,1,0,79.1,100,89,79.1,89,100,79.1,70.19,89,79.1,89,79.1
4832,0.279214934578,98,3,1,0,79.1,100,89,79.1,89,100,79.1,70.19,89,79.1,89,79.1
4833,0.279189932494,98,3,1,0,79.1,100,89,79.1,89,100,79.1,70.19,89,79.1,89,79.1
4834,0.279164930411,98,3,1,0,79.1,100,89,79.1,89,100,79.1,70.19,89,79.1,89,79.1
4835,0.279139928327,98,3,1,0,79.1,100,89,79.1,89,100,79.1,70.19,89,79.1,89,79.1
4836,0.279114926244,98,3,1,0,79.1,100,89,79.1,89,100,79.1,70.19,89,79.1,89,79.1
4837,0.27908992416,94,7,1,7.1054273576e-14,79.1,100,89,79.1,89,100,79.1,70.19,89,79.1,89,79.1
4838,0.279064922077,96,5,1,0,79.1,100,89,79.1,89,100,79.1,70.19,89,79.1,89,79.1
4839,0.279039919993,98,3,1,0,79.1,100,89,79.1,89,100,79.1,70.19,89,79.1,89,79.1
4840,0.27901491791,94,7,1,0,79.1,100,89,79.1,89,100,79.1,70.19,89,79.1,89,79.1
4841,0.278989915826,98,3,1,0,79.1,100,89,79.1,89,100,79.1,70.19,89,79.1,89,79.1
4842,0.278964913743,97,4,1,0,79.1,100,89,79.1,89,100,79.1,70.19,89,79.1,89,79.1
4843,0.278939911659,98,3,1,0,79.1,100,89,79.1,89,100,79.1,70.19,89,79.1,89,79.1
4844,0.278914909576,98,3,1,0,79.1,100,89,79.1,89,100,79.1,70.19,89,79.1,89,79.1
4845,0.278889907492,98,3,1,0,79.1,100,89,79.1,89,100,79.1,70.19,89,79.1,89,79.1
4846,0.278864905409,98,3,1,0,79.1,100,89,79.1,89,100,79.1,70.19,89,79.1,89,79.1
4847,0.278839903325,92,9,1,0,79.1,100,89,79.1,89,100,79.1,70.19,89,79.1,89,79.1
4848,0.278814901242,98,3,1,0,79.1,100,89,79.1,89,100,79.1,70.19,89,79.1,89,79.1
4849,0.278789899158,98,3,1,0,79.1,100,89,79.1,89,100,79.1,70.19,89,79.1,89,79.1
4850,0.278764897075,97,4,1,0,79.1,100,89,79.1,89,100,79.1,70.19,89,79.1,89,79.1
4851,0.278739894991,96,5,1,0,79.1,100,89,79.1,89,100,79.1,70.19,89,79.1,89,79.1
4852,0.278714892908,94,7,1,0,79.1,100,89,79.1,89,100,79.1,70.19,89,79.1,89,79.1
4853,0.278689890824,96,5,1,0,79.1,100,89,79.1,89,100,79.1,70.19,89,79.1,89,79.1
4854,0.278664888741,98,3,1,0,79.1,100,89,79.1,89,100,79.1,70.19,89,79.1,89,79.1
4855,0.278639886657,95,6,1,0,79.1,100,89,79.1,89,100,79.1,70.19,89,79.1,89,79.1
4856,0.278614884574,98,3,1,0,79.1,100,89,79.1,89,100,79.1,70.19,89,79.1,89,79.1
4857,0.27858988249,98,3,1,0,79.1,100,89,79.1,89,100,79.1,70.19,89,79.1,89,79.1
4858,0.278564880407,98,3,1,0,79.1,100,89,79.1,89,100,79.1,70.19,89,79.1,89,79.1
4859,0.278539878323,98,3,1,0,79.1,100,89,79.1,89,100,79.1,70.19,89,79.1,89,79.1
4860,0.27851487624,96,5,1,0,79.1,100,89,79.1,89,100,79.1,70.19,89,79.1,89,79.1
4861,0.278489874156,96,5,1,0,79.1,100,89,79.1,89,100,79.1,70.19,89,79.1,89,79.1
4862,0.278464872073,97,4,1,0,79.1,100,89,79.1,89,100,79.1,70.19,89,79.1,89,79.1
4863,0.278439869989,96,5,1,0,79.1,100,89,79.1,89,100,79.1,70.19,89,79.1,89,79.1
4864,0.278414867906,96,5,1,0,79.1,100,89,79.1,89,100,79.1,70.19,89,79.1,89,79.1
4865,0.278389865822,95,6,1,2.13162820728e-13,79.1,100,89,79.1,89,100,79.1,70.19,89,79.1,89,79.1
4866,0.278364863739,98,3,1,0,79.1,100,89,79.1,89,100,79.1,70.19,89,79.1,89,79.1
4867,0.278339861655,98,3,1,0,79.1,100,89,79.1,89,100,79.1,70.19,89,79.1,89,79.1
4868,0.278314859572,98,3,1,0,79.1,100,89,79.1,89,100,79.1,70.19,89,79.1,89,79.1
4869,0.278289857488,96,5,1,0,79.1,100,89,79.1,89,100,79.1,70.19,89,79.1,89,79.1
4870,0.278264855405,96,5,1,0,79.1,100,89,79.1,89,100,79.1,70.19,89,79.1,89,79.1
4871,0.278239853321,96,5,1,1.27897692437e-13,79.1,100,89,79.1,89,100,79.1,70.19,89,79.1,89,79.1
4872,0.278214851238,98,3,1,0,79.1,100,89,79.1,89,100,79.1,70.19,89,79.1,89,79.1
4873,0.278189849154,97,4,1,0,79.1,100,89,79.1,89,100,79.1,70.19,89,79.1,89,79.1
4874,0.278164847071,98,3,1,0,79.1,100,89,79.1,89,100,79.1,70.19,89,79.1,89,79.1
4875,0.278139844987,98,3,1,0,79.1,100,89,79.1,89,100,79.1,70.19,89,79.1,89,79.1
4876,0.278114842904,98,3,1,0,79.1,100,89,79.1,89,100,79.1,70.19,89,79.1,89,79.1
4877,0.27808984082,98,3,1,0,79.1,100,89,79.1,89,100,79.1,70.19,89,79.1,89,79.1
4878,0.278064838737,96,5,1,0,79.1,100,89,79.1,89,100,79.1,70.19,89,79.1,89,79.1
4879,0.278039836653,98,3,1,0,79.1,100,89,79.1,89,100,79.1,70.19,89,79.1,89,79.1
4880,0.27801483457,98,3,1,0,79.1,100,89,79.1,89,100,79.1,70.19,89,79.1,89,79.1
4881,0.277989832486,98,3,1,0,79.1,100,89,79.1,89,100,79.1,70.19,89,79.1,89,79.1
4882,0.277964830403,98,3,1,0,79.1,100,89,79.1,89,100,79.1,70.19,89,79.1,89,79.1
4883,0.277939828319,95,6,1,1.70530256582e-13,79.1,100,89,79.1,89,100,79.1,70.19,89,79.1,89,79.1
4884,0.277914826236,98,3,1,0,79.1,100,89,79.1,89,100,79.1,70.19,89,79.1,89,79.1
4885,0.277889824152,98,3,1,0,79.1,100,89,79.1,89,100,79.1,70.19,89,79.1,89,79.1
4886,0.277864822069,98,3,1,0,79.1,100,89,79.1,89,100,79.1,70.19,89,79.1,89,79.1
4887,0.277839819985,98,3,1,0,79.1,100,89,79.1,89,100,79.1,70.19,89,79.1,89,79.1
4888,0.277814817901,98,3,1,0,79.1,100,89,79.1,89,100,79.1,70.19,89,79.1,89,79.1
4889,0.277789815818,98,3,1,0,79.1,100,89,79.1,89,100,79.1,70.19,89,79.1,89,79.1
4890,0.277764813734,98,3,1,0,79.1,100,89,79.1,89,100,79.1,70.19,89,79.1,89,79.1
4891,0.277739811651,97,4,1,0,79.1,100,89,79.1,89,100,79.1,70.19,89,79.1,89,79.1
4892,0.277714809567,98,3,1,0,79.1,100,89,79.1,89,100,79.1,70.19,89,79.1,89,79.1
4893,0.277689807484,98,3,1,0,79.1,100,89,79.1,89,100,79.1,70.19,89,79.1,89,79.1
4894,0.2776648054,98,3,1,0,79.1,100,89,79.1,89,100,79.1,70.19,89,79.1,89,79.1
4895,0.277639803317,98,3,1,0,79.1,100,89,79.1,89,100,79.1,70.19,89,79.1,89,79.1
4896,0.277614801233,96,5,1,0,79.1,100,89,79.1,89,100,79.1,70.19,89,79.1,89,79.1
4897,0.27758979915,94,7,1,0,79.1,100,89,79.1,89,100,79.1,70.19,89,79.1,89,79.1
4898,0.277564797066,98,3,1,0,79.1,100,89,79.1,89,100,79.1,70.19,89,79.1,89,79.1
4899,0.277539794983,98,3,1,0,79.1,100,89,79.1,89,100,79.1,70.19,89,79.1,89,79.1
4900,0.277514792899,98,3,1,0,79.1,100,89,79.1,89,100,79.1,70.19,89,79.1,89,79.1
4901,0.277489790816,98,3,1,0,79.1,100,89,79.1,89,100,79.1,70.19,89,79.1,89,79.1
4902,0.277464788732,98,3,1,0,79.1,100,89,79.1,89,100,79.1,70.19,89,79.1,89,79.1
4903,0.277439786649,98,3,1,0,79.1,100,89,79.1,89,100,79.1,70.19,89,79.1,89,79.1
4904,0.277414784565,98,3,1,0,79.1,100,89,79.1,89,100,79.1,70.19,89,79.1,89,79.1
4905,0.277389782482,96,5,1,0,79.1,100,89,79.1,89,100,79.1,70.19,89,79.1,89,79.1
4906,0.277364780398,98,3,1,0,79.1,100,89,79.1,89,100,79.1,70.19,89,79.1,89,79.1
4907,0.277339778315,94,7,1,0,79.1,100,89,79.1,89,100,79.1,70.19,89,79.1,89,79.1
4908,0.277314776231,96,5,1,0,79.1,100,89,79.1,89,100,79.1,70.19,89,79.1,89,79.1
4909,0.277289774148,98,3,1,0,79.1,100,89,79.1,89,100,79.1,70.19,89,79.1,89,79.1
4910,0.277264772064,98,3,1,0,79.1,100,89,79.1,89,100,79.1,70.19,89,79.1,89,79.1
4911,0.277239769981,96,5,1,0,79.1,100,89,79.1,89,100,79.1,70.19,89,79.1,89,79.1
4912,0.277214767897,98,3,1,0,79.1,100,89,79.1,89,100,79.1,70.19,89,79.1,89,79.1
4913,0.277189765814,98,3,1,0,79.1,100,89,79.1,89,100,79.1,70.19,89,79.1,89,79.1
4914,0.27716476373,97,4,1,0,79.1,100,89,79.1,89,100,79.1,70.19,89,79.1,89,79.1
4915,0.277139761647,97,4,1,0,79.1,100,89,79.1,89,100,79.1,70.19,89,79.1,89,79.1
4916,0.277114759563,97,4,1,0,79.1,100,89,79.1,89,100,79.1,70.19,89,79.1,89,79.1
4917,0.27708975748,97,4,1,0,79.1,100,89,79.1,89,100,79.1,70.19,89,79.1,89,79.1
4918,0.277064755396,98,3,1,0,79.1,100,89,79.1,89,100,79.1,70.19,89,79.1,89,79.1
4919,0.277039753313,96,5,1,0,79.1,100,89,79.1,89,100,79.1,70.19,89,79.1,89,79.1
4920,0.277014751229,98,3,1,0,79.1,100,89,79.1,89,100,79.1,70.19,89,79.1,89,79.1
4921,0.276989749146,97,4,1,0,79.1,100,89,79.1,89,100,79.1,70.19,89,79.1,89,79.1
4922,0.276964747062,98,3,1,0,79.1,100,89,79.1,89,100,79.1,70.19,89,79.1,89,79.1
4923,0.276939744979,98,3,1,0,79.1,100,89,79.1,89,100,79.1,70.19,89,79.1,89,79.1
4924,0.276914742895,96,5,1,0,79.1,100,89,79.1,89,100,79.1,70.19,89,79.1,89,79.1
4925,0.276889740812,98,3,1,0,79.1,100,89,79.1,89,100,79.1,70.19,89,79.1,89,79.1
4926,0.276864738728,97,4,1,0,79.1,100,89,79.1,89,100,79.1,70.19,89,79.1,89,79.1
4927,0.276839736645,98,3,1,0,79.1,100,89,79.1,89,100,79.1,70.19,89,79.1,89,79.1
4928,0.276814734561,98,3,1,0,79.1,100,89,79.1,89,100,79.1,70.19,89,79.1,89,79.1
4929,0.276789732478,96,5,1,0,79.1,100,89,79.1,89,100,79.1,70.19,89,79.1,89,79.1
4930,0.276764730394,98,3,1,0,79.1,100,89,79.1,89,100,79.1,70.19,89,79.1,89,79.1
4931,0.276739728311,98,3,1,0,79.1,100,89,79.1,89,100,79.1,70.19,89,79.1,89,79.1
4932,0.276714726227,97,4,1,0,79.1,100,89,79.1,89,100,79.1,70.19,89,79.1,89,79.1
4933,0.276689724144,98,3,1,0,79.1,100,89,79.1,89,100,79.1,70.19,89,79.1,89,79.1
4934,0.27666472206,98,3,1,0,79.1,100,89,79.1,89,100,79.1,70.19,89,79.1,89,79.1
4935,0.276639719977,97,4,1,0,79.1,100,89,79.1,89,100,79.1,70.19,89,79.1,89,79.1
4936,0.276614717893,98,3,1,0,79.1,100,89,79.1,89,100,79.1,70.19,89,79.1,89,79.1
4937,0.27658971581,98,3,1,0,79.1,100,89,79.1,89,100,79.1,70.19,89,79.1,89,79.1
4938,0.276564713726,98,3,1,0,79.1,100,89,79.1,89,100,79.1,70.19,89,79.1,89,79.1
4939,0.276539711643,96,5,1,0,79.1,100,89,79.1,89,100,79.1,70.19,89,79.1,89,79.1
4940,0.276514709559,98,3,1,0,79.1,100,89,79.1,89,100,79.1,70.19,89,79.1,89,79.1
4941,0.276489707476,94,7,1,0,79.1,100,89,79.1,89,100,79.1,70.19,89,79.1,89,79.1
4942,0.276464705392,96,5,1,9.94759830064e-14,79.1,100,89,79.1,89,100,79.1,70.19,89,79.1,89,79.1
4943,0.276439703309,98,3,1,0,79.1,100,89,79.1,89,100,79.1,70.19,89,79.1,89,79.1
4944,0.276414701225,98,3,1,0,79.1,100,89,79.1,89,100,79.1,70.19,89,79.1,89,79.1
4945,0.276389699142,98,3,1,0,79.1,100,89,79.1,89,100,79.1,70.19,89,79.1,89,79.1
4946,0.276364697058,98,3,1,0,79.1,100,89,79.1,89,100,79.1,70.19,89,79.1,89,79.1
4947,0.276339694975,97,4,1,0,79.1,100,89,79.1,89,100,79.1,70.19,89,79.1,89,79.1
4948,0.276314692891,96,5,1,0,79.1,100,89,79.1,89,100,79.1,70.19,89,79.1,89,79.1
4949,0.276289690808,96,5,1,0,79.1,100,89,79.1,89,100,79.1,70.19,89,79.1,89,79.1
4950,0.276264688724,97,4,1,0,79.1,100,89,79.1,89,100,79.1,70.19,89,79.1,89,79.1
4951,0.276239686641,98,3,1,0,79.1,100,89,79.1,89,100,79.1,70.19,89,79.1,89,79.1
4952,0.276214684557,98,3,1,0,79.1,100,89,79.1,89,100,79.1,70.19,89,79.1,89,79.1
4953,0.276189682474,98,3,1,0,79.1,100,89,79.1,89,100,79.1,70.19,89,79.1,89,79.1
4954,0.27616468039,98,3,1,0,79.1,100,89,79.1,89,100,79.1,70.19,89,79.1,89,79.1
4955,0.276139678307,97,4,1,0,79.1,100,89,79.1,89,100,79.1,70.19,89,79.1,89,79.1
4956,0.276114676223,98,3,1,0,79.1,100,89,79.1,89,100,79.1,70.19,89,79.1,89,79.1
4957,0.27608967414,98,3,1,0,79.1,100,89,79.1,89,100,79.1,70.19,89,79.1,89,79.1
4958,0.276064672056,98,3,1,0,79.1,100,89,79.1,89,100,79.1,70.19,89,79.1,89,79.1
4959,0.276039669972,96,5,1,0,79.1,100,89,79.1,89,100,79.1,70.19,89,79.1,89,79.1
4960,0.276014667889,98,3,1,0,79.1,100,89,79.1,89,100,79.1,70.19,89,79.1,89,79.1
4961,0.275989665805,98,3,1,0,79.1,100,89,79.1,89,100,79.1,70.19,89,79.1,89,79.1
4962,0.275964663722,98,3,1,0,79.1,100,89,79.1,89,100,79.1,70.19,89,79.1,89,79.1
4963,0.275939661638,98,3,1,0,79.1,100,89,79.1,89,100,79.1,70.19,89,79.1,89,79.1
4964,0.275914659555,98,3,1,0,79.1,100,89,79.1,89,100,79.1,70.19,89,79.1,89,79.1
4965,0.275889657471,97,4,1,0,79.1,100,89,79.1,89,100,79.1,70.19,89,79.1,89,79.1
4966,0.275864655388,97,4,1,0,79.1,100,89,79.1,89,100,79.1,70.19,89,79.1,89,79.1
4967,0.275839653304,97,4,1,0,79.1,100,89,79.1,89,100,79.1,70.19,89,79.1,89,79.1
4968,0.275814651221,98,3,1,0,79.1,100,89,79.1,89,100,79.1,70.19,89,79.1,89,79.1
4969,0.275789649137,98,3,1,0,79.1,100,89,79.1,89,100,79.1,70.19,89,79.1,89,79.1
4970,0.275764647054,98,3,1,0,79.1,100,89,79.1,89,100,79.1,70.19,89,79.1,89,79.1
4971,0.27573964497,97,4,1,0,79.1,100,89,79.1,89,100,79.1,70.19,89,79.1,89,79.1
4972,0.275714642887,98,3,1,0,79.1,100,89,79.1,89,100,79.1,70.19,89,79.1,89,79.1
4973,0.275689640803,98,3,1,0,79.1,100,89,79.1,89,100,79.1,70.19,89,79.1,89,79.1
4974,0.27566463872,98,3,1,0,79.1,100,89,79.1,89,100,79.1,70.19,89,79.1,89,79.1
4975,0.275639636636,98,3,1,0,79.1,100,89,79.1,89,100,79.1,70.19,89,79.1,89,79.1
4976,0.275614634553,98,3,1,0,79.1,100,89,79.1,89,100,79.1,70.19,89,79.1,89,79.1
4977,0.275589632469,98,3,1,0,79.1,100,89,79.1,89,100,79.1,70.19,89,79.1,89,79.1
4978,0.275564630386,98,3,1,0,79.1,100,89,79.1,89,100,79.1,70.19,89,79.1,89,79.1
4979,0.275539628302,98,3,1,0,79.1,100,89,79.1,89,100,79.1,70.19,89,79.1,89,79.1
4980,0.275514626219,98,3,1,0,79.1,100,89,79.1,89,100,79.1,70.19,89,79.1,89,79.1
4981,0.275489624135,98,3,1,0,79.1,100,89,79.1,89,100,79.1,70.19,89,79.1,89,79.1
4982,0.275464622052,98,3,1,0,79.1,100,89,79.1,89,100,79.1,70.19,89,79.1,89,79.1
4983,0.275439619968,98,3,1,0,79.1,100,89,79.1,89,100,79.1,70.19,89,79.1,89,79.1
4984,0.275414617885,94,7,1,5.68434188608e-14,79.1,100,89,79.1,89,100,79.1,70.19,89,79.1,89,79.1
4985,0.275389615801,97,4,1,0,79.1,100,89,79.1,89,100,79.1,70.19,89,79.1,89,79.1
4986,0.275364613718,96,5,1,0,79.1,100,89,79.1,89,100,79.1,70.19,89,79.1,89,79.1
4987,0.275339611634,97,4,1,0,79.1,100,89,79.1,89,100,79.1,70.19,89,79.1,89,79.1
4988,0.275314609551,98,3,1,0,79.1,100,89,79.1,89,100,79.1,70.19,89,79.1,89,79.1
4989,0.275289607467,98,3,1,0,79.1,100,89,79.1,89,100,79.1,70.19,89,79.1,89,79.1
4990,0.275264605384,95,6,1,0,79.1,100,89,79.1,89,100,79.1,70.19,89,79.1,89,79.1
4991,0.2752396033,98,3,1,0,79.1,100,89,79.1,89,100,79.1,70.19,89,79.1,89,79.1
4992,0.275214601217,98,3,1,0,79.1,100,89,79.1,89,100,79.1,70.19,89,79.1,89,79.1
4993,0.275189599133,98,3,1,0,79.1,100,89,79.1,89,100,79.1,70.19,89,79.1,89,79.1
4994,0.27516459705,98,3,1,0,79.1,100,89,79.1,89,100,79.1,70.19,89,79.1,89,79.1
4995,0.275139594966,97,4,1,0,79.1,100,89,79.1,89,100,79.1,70.19,89,79.1,89,79.1
4996,0.275114592883,97,4,1,0,79.1,100,89,79.1,89,100,79.1,70.19,89,79.1,89,79.1
4997,0.275089590799,98,3,1,0,79.1,100,89,79.1,89,100,79.1,70.19,89,79.1,89,79.1
4998,0.275064588716,98,3,1,0,79.1,100,89,79.1,89,100,79.1,70.19,89,79.1,89,79.1
4999,0.275039586632,98,3,1,0,79.1,100,89,79.1,89,100,79.1,70.19,89,79.1,89,79.1
5000,0.275014584549,98,3,1,0,79.1,100,89,79.1,89,100,79.1,70.19,89,79.1,89,79.1
5001,0.274989582465,98,3,1,0,79.1,100,89,79.1,89,100,79.1,70.19,89,79.1,89,79.1
5002,0.274964580382,98,3,1,0,79.1,100,89,79.1,89,100,79.1,70.19,89,79.1,89,79.1
5003,0.274939578298,95,6,1,0,79.1,100,89,79.1,89,100,79.1,70.19,89,79.1,89,79.1
5004,0.274914576215,98,3,1,0,79.1,100,89,79.1,89,100,79.1,70.19,89,79.1,89,79.1
5005,0.274889574131,97,4,1,0,79.1,100,89,79.1,89,100,79.1,70.19,89,79.1,89,79.1
5006,0.274864572048,98,3,1,0,79.1,100,89,79.1,89,100,79.1,70.19,89,79.1,89,79.1
5007,0.274839569964,98,3,1,0,79.1,100,89,79.1,89,100,79.1,70.19,89,79.1,89,79.1
5008,0.274814567881,97,4,1,0,79.1,100,89,79.1,89,100,79.1,70.19,89,79.1,89,79.1
5009,0.274789565797,98,3,1,0,79.1,100,89,79.1,89,100,79.1,70.19,89,79.1,89,79.1
5010,0.274764563714,94,7,1,0,79.1,100,89,79.1,89,100,79.1,70.19,89,79.1,89,79.1
5011,0.27473956163,94,7,1,1.42108547152e-13,79.1,100,89,79.1,89,100,79.1,70.19,89,79.1,89,79.1
5012,0.274714559547,98,3,1,0,79.1,100,89,79.1,89,100,79.1,70.19,89,79.1,89,79.1
5013,0.274689557463,95,6,1,0,79.1,100,89,79.1,89,100,79.1,70.19,89,79.1,89,79.1
5014,0.27466455538,98,3,1,0,79.1,100,89,79.1,89,100,79.1,70.19,89,79.1,89,79.1
5015,0.274639553296,98,3,1,0,79.1,100,89,79.1,89,100,79.1,70.19,89,79.1,89,79.1
5016,0.274614551213,97,4,1,0,79.1,100,89,79.1,89,100,79.1,70.19,89,79.1,89,79.1
5017,0.274589549129,98,3,1,0,79.1,100,89,79.1,89,100,79.1,70.19,89,79.1,89,79.1
5018,0.274564547046,98,3,1,0,79.1,100,89,79.1,89,100,79.1,70.19,89,79.1,89,79.1
5019,0.274539544962,97,4,1,0,79.1,100,89,79.1,89,100,79.1,70.19,89,79.1,89,79.1
5020,0.274514542879,98,3,1,0,79.1,100,89,79.1,89,100,79.1,70.19,89,79.1,89,79.1
5021,0.274489540795,96,5,1,0,79.1,100,89,79.1,89,100,79.1,70.19,89,79.1,89,79.1
5022,0.274464538712,97,4,1,0,79.1,100,89,79.1,89,100,79.1,70.19,89,79.1,89,79.1
5023,0.274439536628,98,3,1,0,79.1,100,89,79.1,89,100,79.1,70.19,89,79.1,89,79.1
5024,0.274414534545,98,3,1,0,79.1,100,89,79.1,89,100,79.1,70.19,89,79.1,89,79.1
5025,0.274389532461,98,3,1,0,79.1,100,89,79.1,89,100,79.1,70.19,89,79.1,89,79.1
5026,0.274364530378,98,3,1,0,79.1,100,89,79.1,89,100,79.1,70.19,89,79.1,89,79.1
5027,0.274339528294,98,3,1,0,79.1,100,89,79.1,89,100,79.1,70.19,89,79.1,89,79.1
5028,0.274314526211,98,3,1,0,79.1,100,89,79.1,89,100,79.1,70.19,89,79.1,89,79.1
5029,0.274289524127,97,4,1,0,79.1,100,89,79.1,89,100,79.1,70.19,89,79.1,89,79.1
5030,0.274264522044,96,5,1,7.1054273576e-14,79.1,100,89,79.1,89,100,79.1,70.19,89,79.1,89,79.1
5031,0.27423951996,98,3,1,0,79.1,100,89,79.1,89,100,79.1,70.19,89,79.1,89,79.1
5032,0.274214517876,98,3,1,0,79.1,100,89,79.1,89,100,79.1,70.19,89,79.1,89,79.1
5033,0.274189515793,98,3,1,0,79.1,100,89,79.1,89,100,79.1,70.19,89,79.1,89,79.1
5034,0.274164513709,98,3,1,0,79.1,100,89,79.1,89,100,79.1,70.19,89,79.1,89,79.1
5035,0.274139511626,98,3,1,0,79.1,100,89,79.1,89,100,79.1,70.19,89,79.1,89,79.1
5036,0.274114509542,96,5,1,0,79.1,100,89,79.1,89,100,79.1,70.19,89,79.1,89,79.1
5037,0.274089507459,97,4,1,0,79.1,100,89,79.1,89,100,79.1,70.19,89,79.1,89,79.1
5038,0.274064505375,96,5,1,0,79.1,100,89,79.1,89,100,79.1,70.19,89,79.1,89,79.1
5039,0.274039503292,98,3,1,0,79.1,100,89,79.1,89,100,79.1,70.19,89,79.1,89,79.1
5040,0.274014501208,96,5,1,0,79.1,100,89,79.1,89,100,79.1,70.19,89,79.1,89,79.1
5041,0.273989499125,95,6,1,0,79.1,100,89,79.1,89,100,79.1,70.19,89,79.1,89,79.1
5042,0.273964497041,98,3,1,0,79.1,100,89,79.1,89,100,79.1,70.19,89,79.1,89,79.1
5043,0.273939494958,98,3,1,0,79.1,100,89,79.1,89,100,79.1,70.19,89,79.1,89,79.1
5044,0.273914492874,97,4,1,0,79.1,100,89,79.1,89,100,79.1,70.19,89,79.1,89,79.1
5045,0.273889490791,96,5,1,0,79.1,100,89,79.1,89,100,79.1,70.19,89,79.1,89,79.1
5046,0.273864488707,98,3,1,0,79.1,100,89,79.1,89,100,79.1,70.19,89,79.1,89,79.1
5047,0.273839486624,97,4,1,0,79.1,100,89,79.1,89,100,79.1,70.19,89,79.1,89,79.1
5048,0.27381448454,98,3,1,0,79.1,100,89,79.1,89,100,79.1,70.19,89,79.1,89,79.1
5049,0.273789482457,98,3,1,0,79.1,100,89,79.1,89,100,79.1,70.19,89,79.1,89,79.1
5050,0.273764480373,98,3,1,0,79.1,100,89,79.1,89,100,79.1,70.19,89,79.1,89,79.1
5051,0.27373947829,98,3,1,0,79.1,100,89,79.1,89,100,79.1,70.19,89,79.1,89,79.1
5052,0.273714476206,98,3,1,0,79.1,100,89,79.1,89,100,79.1,70.19,89,79.1,89,79.1
5053,0.273689474123,98,3,1,0,79.1,100,89,79.1,89,100,79.1,70.19,89,79.1,89,79.1
5054,0.273664472039,96,5,1,0,79.1,100,89,79.1,89,100,79.1,70.19,89,79.1,89,79.1
5055,0.273639469956,98,3,1,0,79.1,100,89,79.1,89,100,79.1,70.19,89,79.1,89,79.1
5056,0.273614467872,97,4,1,0,79.1,100,89,79.1,89,100,79.1,70.19,89,79.1,89,79.1
5057,0.273589465789,98,3,1,0,79.1,100,89,79.1,89,100,79.1,70.19,89,79.1,89,79.1
5058,0.273564463705,97,4,1,0,79.1,100,89,79.1,89,100,79.1,70.19,89,79.1,89,79.1
5059,0.273539461622,98,3,1,0,79.1,100,89,79.1,89,100,79.1,70.19,89,79.1,89,79.1
5060,0.273514459538,96,5,1,0,79.1,100,89,79.1,89,100,79.1,70.19,89,79.1,89,79.1
5061,0.273489457455,96,5,1,0,79.1,100,89,79.1,89,100,79.1,70.19,89,79.1,89,79.1
5062,0.273464455371,98,3,1,0,79.1,100,89,79.1,89,100,79.1,70.19,89,79.1,89,79.1
5063,0.273439453288,96,5,1,0,79.1,100,89,79.1,89,100,79.1,70.19,89,79.1,89,79.1
5064,0.273414451204,98,3,1,0,79.1,100,89,79.1,89,100,79.1,70.19,89,79.1,89,79.1
5065,0.273389449121,98,3,1,0,79.1,100,89,79.1,89,100,79.1,70.19,89,79.1,89,79.1
5066,0.273364447037,98,3,1,0,79.1,100,89,79.1,89,100,79.1,70.19,89,79.1,89,79.1
5067,0.273339444954,98,3,1,0,79.1,100,89,79.1,89,100,79.1,70.19,89,79.1,89,79.1
5068,0.27331444287,98,3,1,0,79.1,100,89,79.1,89,100,79.1,70.19,89,79.1,89,79.1
5069,0.273289440787,98,3,1,0,79.1,100,89,79.1,89,100,79.1,70.19,89,79.1,89,79.1
5070,0.273264438703,95,6,1,0,79.1,100,89,79.1,89,100,79.1,70.19,89,79.1,89,79.1
5071,0.27323943662,98,3,1,0,79.1,100,89,79.1,89,100,79.1,70.19,89,79.1,89,79.1
5072,0.273214434536,95,6,1,0,79.1,100,89,79.1,89,100,79.1,70.19,89,79.1,89,79.1
5073,0.273189432453,95,6,1,1.13686837722e-13,79.1,100,89,79.1,89,100,79.1,70.19,89,79.1,89,79.1
5074,0.273164430369,98,3,1,0,79.1,100,89,79.1,89,100,79.1,70.19,89,79.1,89,79.1
5075,0.273139428286,98,3,1,0,79.1,100,89,79.1,89,100,79.1,70.19,89,79.1,89,79.1
5076,0.273114426202,98,3,1,0,79.1,100,89,79.1,89,100,79.1,70.19,89,79.1,89,79.1
5077,0.273089424119,96,5,1,0,79.1,100,89,79.1,89,100,79.1,70.19,89,79.1,89,79.1
5078,0.273064422035,98,3,1,0,79.1,100,89,79.1,89,100,79.1,70.19,89,79.1,89,79.1
5079,0.273039419952,98,3,1,0,79.1,100,89,79.1,89,100,79.1,70.19,89,79.1,89,79.1
5080,0.273014417868,98,3,1,0,79.1,100,89,79.1,89,100,79.1,70.19,89,79.1,89,79.1
5081,0.272989415785,93,8,1,0,79.1,100,89,79.1,89,100,79.1,70.19,89,79.1,89,79.1
5082,0.272964413701,98,3,1,0,79.1,100,89,79.1,89,100,79.1,70.19,89,79.1,89,79.1
5083,0.272939411618,98,3,1,0,79.1,100,89,79.1,89,100,79.1,70.19,89,79.1,89,79.1
5084,0.272914409534,98,3,1,0,79.1,100,89,79.1,89,100,79.1,70.19,89,79.1,89,79.1
5085,0.272889407451,98,3,1,0,79.1,100,89,79.1,89,100,79.1,70.19,89,79.1,89,79.1
5086,0.272864405367,98,3,1,0,79.1,100,89,79.1,89,100,79.1,70.19,89,79.1,89,79.1
5087,0.272839403284,98,3,1,0,79.1,100,89,79.1,89,100,79.1,70.19,89,79.1,89,79.1
5088,0.2728144012,98,3,1,0,79.1,100,89,79.1,89,100,79.1,70.19,89,79.1,89,79.1
5089,0.272789399117,96,5,1,0,79.1,100,89,79.1,89,100,79.1,70.19,89,79.1,89,79.1
5090,0.272764397033,96,5,1,0,79.1,100,89,79.1,89,100,79.1,70.19,89,79.1,89,79.1
5091,0.27273939495,98,3,1,0,79.1,100,89,79.1,89,100,79.1,70.19,89,79.1,89,79.1
5092,0.272714392866,98,3,1,0,79.1,100,89,79.1,89,100,79.1,70.19,89,79.1,89,79.1
5093,0.272689390783,98,3,1,0,79.1,100,89,79.1,89,100,79.1,70.19,89,79.1,89,79.1
5094,0.272664388699,98,3,1,0,79.1,100,89,79.1,89,100,79.1,70.19,89,79.1,89,79.1
5095,0.272639386616,98,3,1,0,79.1,100,89,79.1,89,100,79.1,70.19,89,79.1,89,79.1
5096,0.272614384532,98,3,1,0,79.1,100,89,79.1,89,100,79.1,70.19,89,79.1,89,79.1
5097,0.272589382449,97,4,1,0,79.1,100,89,79.1,89,100,79.1,70.19,89,79.1,89,79.1
5098,0.272564380365,96,5,1,0,79.1,100,89,79.1,89,100,79.1,70.19,89,79.1,89,79.1
5099,0.272539378282,98,3,1,0,79.1,100,89,79.1,89,100,79.1,70.19,89,79.1,89,79.1
5100,0.272514376198,96,5,1,0,79.1,100,89,79.1,89,100,79.1,70.19,89,79.1,89,79.1
5101,0.272489374115,98,3,1,0,79.1,100,89,79.1,89,100,79.1,70.19,89,79.1,89,79.1
5102,0.272464372031,98,3,1,0,79.1,100,89,79.1,89,100,79.1,70.19,89,79.1,89,79.1
5103,0.272439369947,98,3,1,0,79.1,100,89,79.1,89,100,79.1,70.19,89,79.1,89,79.1
5104,0.272414367864,98,3,1,0,79.1,100,89,79.1,89,100,79.1,70.19,89,79.1,89,79.1
5105,0.27238936578,98,3,1,0,79.1,100,89,79.1,89,100,79.1,70.19,89,79.1,89,79.1
5106,0.272364363697,98,3,1,0,79.1,100,89,79.1,89,100,79.1,70.19,89,79.1,89,79.1
5107,0.272339361613,98,3,1,0,79.1,100,89,79.1,89,100,79.1,70.19,89,79.1,89,79.1
5108,0.27231435953,98,3,1,0,79.1,100,89,79.1,89,100,79.1,70.19,89,79.1,89,79.1
5109,0.272289357446,98,3,1,0,79.1,100,89,79.1,89,100,79.1,70.19,89,79.1,89,79.1
5110,0.272264355363,98,3,1,0,79.1,100,89,79.1,89,100,79.1,70.19,89,79.1,89,79.1
5111,0.272239353279,98,3,1,0,79.1,100,89,79.1,89,100,79.1,70.19,89,79.1,89,79.1
5112,0.272214351196,98,3,1,0,79.1,100,89,79.1,89,100,79.1,70.19,89,79.1,89,79.1
5113,0.272189349112,97,4,1,0,79.1,100,89,79.1,89,100,79.1,70.19,89,79.1,89,79.1
5114,0.272164347029,97,4,1,0,79.1,100,89,79.1,89,100,79.1,70.19,89,79.1,89,79.1
5115,0.272139344945,98,3,1,0,79.1,100,89,79.1,89,100,79.1,70.19,89,79.1,89,79.1
5116,0.272114342862,98,3,1,0,79.1,100,89,79.1,89,100,79.1,70.19,89,79.1,89,79.1
5117,0.272089340778,96,5,1,0,79.1,100,89,79.1,89,100,79.1,70.19,89,79.1,89,79.1
5118,0.272064338695,98,3,1,0,79.1,100,89,79.1,89,100,79.1,70.19,89,79.1,89,79.1
5119,0.272039336611,98,3,1,0,79.1,100,89,79.1,89,100,79.1,70.19,89,79.1,89,79.1
5120,0.272014334528,98,3,1,0,79.1,100,89,79.1,89,100,79.1,70.19,89,79.1,89,79.1
5121,0.271989332444,98,3,1,0,79.1,100,89,79.1,89,100,79.1,70.19,89,79.1,89,79.1
5122,0.271964330361,98,3,1,0,79.1,100,89,79.1,89,100,79.1,70.19,89,79.1,89,79.1
5123,0.271939328277,98,3,1,0,79.1,100,89,79.1,89,100,79.1,70.19,89,79.1,89,79.1
5124,0.271914326194,98,3,1,0,79.1,100,89,79.1,89,100,79.1,70.19,89,79.1,89,79.1
5125,0.27188932411,96,5,1,5.68434188608e-14,79.1,100,89,79.1,89,100,79.1,70.19,89,79.1,89,79.1
5126,0.271864322027,98,3,1,0,79.1,100,89,79.1,89,100,79.1,70.19,89,79.1,89,79.1
5127,0.271839319943,98,3,1,0,79.1,100,89,79.1,89,100,79.1,70.19,89,79.1,89,79.1
5128,0.27181431786,95,6,1,4.26325641456e-14,79.1,100,89,79.1,89,100,79.1,70.19,89,79.1,89,79.1
5129,0.271789315776,98,3,1,0,79.1,100,89,79.1,89,100,79.1,70.19,89,79.1,89,79.1
5130,0.271764313693,96,5,1,0,79.1,100,89,79.1,89,100,79.1,70.19,89,79.1,89,79.1
5131,0.271739311609,97,4,1,0,79.1,100,89,79.1,89,100,79.1,70.19,89,79.1,89,79.1
5132,0.271714309526,98,3,1,0,79.1,100,89,79.1,89,100,79.1,70.19,89,79.1,89,79.1
5133,0.271689307442,98,3,1,0,79.1,100,89,79.1,89,100,79.1,70.19,89,79.1,89,79.1
5134,0.271664305359,96,5,1,4.26325641456e-14,79.1,100,89,79.1,89,100,79.1,70.19,89,79.1,89,79.1
5135,0.271639303275,97,4,1,0,79.1,100,89,79.1,89,100,79.1,70.19,89,79.1,89,79.1
5136,0.271614301192,98,3,1,0,79.1,100,89,79.1,89,100,79.1,70.19,89,79.1,89,79.1
5137,0.271589299108,98,3,1,0,79.1,100,89,79.1,89,100,79.1,70.19,89,79.1,89,79.1
5138,0.271564297025,98,3,1,0,79.1,100,89,79.1,89,100,79.1,70.19,89,79.1,89,79.1
5139,0.271539294941,98,3,1,0,79.1,100,89,79.1,89,100,79.1,70.19,89,79.1,89,79.1
5140,0.271514292858,98,3,1,0,79.1,100,89,79.1,89,100,79.1,70.19,89,79.1,89,79.1
5141,0.271489290774,98,3,1,0,79.1,100,89,79.1,89,100,79.1,70.19,89,79.1,89,79.1
5142,0.271464288691,98,3,1,0,79.1,100,89,79.1,89,100,79.1,70.19,89,79.1,89,79.1
5143,0.271439286607,97,4,1,0,79.1,100,89,79.1,89,100,79.1,70.19,89,79.1,89,79.1
5144,0.271414284524,98,3,1,0,79.1,100,89,79.1,89,100,79.1,70.19,89,79.1,89,79.1
5145,0.27138928244,98,3,1,0,79.1,100,89,79.1,89,100,79.1,70.19,89,79.1,89,79.1
5146,0.271364280357,98,3,1,0,79.1,100,89,79.1,89,100,79.1,70.19,89,79.1,89,79.1
5147,0.271339278273,97,4,1,0,79.1,100,89,79.1,89,100,79.1,70.19,89,79.1,89,79.1
5148,0.27131427619,98,3,1,0,79.1,100,89,79.1,89,100,79.1,70.19,89,79.1,89,79.1
5149,0.271289274106,97,4,1,0,79.1,100,89,79.1,89,100,79.1,70.19,89,79.1,89,79.1
5150,0.271264272023,98,3,1,0,79.1,100,89,79.1,89,100,79.1,70.19,89,79.1,89,79.1
5151,0.271239269939,97,4,1,0,79.1,100,89,79.1,89,100,79.1,70.19,89,79.1,89,79.1
5152,0.271214267856,97,4,1,0,79.1,100,89,79.1,89,100,79.1,70.19,89,79.1,89,79.1
5153,0.271189265772,96,5,1,0,79.1,100,89,79.1,89,100,79.1,70.19,89,79.1,89,79.1
5154,0.271164263689,92,9,1,0,79.1,100,89,79.1,89,100,79.1,70.19,89,79.1,89,79.1
5155,0.271139261605,96,5,1,0,79.1,100,89,79.1,89,100,79.1,70.19,89,79.1,89,79.1
5156,0.271114259522,98,3,1,0,79.1,100,89,79.1,89,100,79.1,70.19,89,79.1,89,79.1
5157,0.271089257438,97,4,1,0,79.1,100,89,79.1,89,100,79.1,70.19,89,79.1,89,79.1
5158,0.271064255355,98,3,1,0,79.1,100,89,79.1,89,100,79.1,70.19,89,79.1,89,79.1
5159,0.271039253271,97,4,1,0,79.1,100,89,79.1,89,100,79.1,70.19,89,79.1,89,79.1
5160,0.271014251188,98,3,1,0,79.1,100,89,79.1,89,100,79.1,70.19,89,79.1,89,79.1
5161,0.270989249104,98,3,1,0,79.1,100,89,79.1,89,100,79.1,70.19,89,79.1,89,79.1
5162,0.270964247021,98,3,1,0,79.1,100,89,79.1,89,100,79.1,70.19,89,79.1,89,79.1
5163,0.270939244937,96,5,1,0,79.1,100,89,79.1,89,100,79.1,70.19,89,79.1,89,79.1
5164,0.270914242854,98,3,1,0,79.1,100,89,79.1,89,100,79.1,70.19,89,79.1,89,79.1
5165,0.27088924077,98,3,1,0,79.1,100,89,79.1,89,100,79.1,70.19,89,79.1,89,79.1
5166,0.270864238687,98,3,1,0,79.1,100,89,79.1,89,100,79.1,70.19,89,79.1,89,79.1
5167,0.270839236603,98,3,1,0,79.1,100,89,79.1,89,100,79.1,70.19,89,79.1,89,79.1
5168,0.27081423452,98,3,1,0,79.1,100,89,79.1,89,100,79.1,70.19,89,79.1,89,79.1
5169,0.270789232436,97,4,1,0,79.1,100,89,79.1,89,100,79.1,70.19,89,79.1,89,79.1
5170,0.270764230353,96,5,1,4.26325641456e-14,79.1,100,89,79.1,89,100,79.1,70.19,89,79.1,89,79.1
5171,0.270739228269,98,3,1,0,79.1,100,89,79.1,89,100,79.1,70.19,89,79.1,89,79.1
5172,0.270714226186,96,5,1,2.84217094304e-14,79.1,100,89,79.1,89,100,79.1,70.19,89,79.1,89,79.1
5173,0.270689224102,98,3,1,0,79.1,100,89,79.1,89,100,79.1,70.19,89,79.1,89,79.1
5174,0.270664222019,98,3,1,0,79.1,100,89,79.1,89,100,79.1,70.19,89,79.1,89,79.1
5175,0.270639219935,98,3,1,0,79.1,100,89,79.1,89,100,79.1,70.19,89,79.1,89,79.1
5176,0.270614217851,98,3,1,0,79.1,100,89,79.1,89,100,79.1,70.19,89,79.1,89,79.1
5177,0.270589215768,98,3,1,0,79.1,100,89,79.1,89,100,79.1,70.19,89,79.1,89,79.1
5178,0.270564213684,98,3,1,0,79.1,100,89,79.1,89,100,79.1,70.19,89,79.1,89,79.1
5179,0.270539211601,98,3,1,0,79.1,100,89,79.1,89,100,79.1,70.19,89,79.1,89,79.1
5180,0.270514209517,98,3,1,0,79.1,100,89,79.1,89,100,79.1,70.19,89,79.1,89,79.1
5181,0.270489207434,97,4,1,0,79.1,100,89,79.1,89,100,79.1,70.19,89,79.1,89,79.1
5182,0.27046420535,98,3,1,0,79.1,100,89,79.1,89,100,79.1,70.19,89,79.1,89,79.1
5183,0.270439203267,98,3,1,0,79.1,100,89,79.1,89,100,79.1,70.19,89,79.1,89,79.1
5184,0.270414201183,98,3,1,0,79.1,100,89,79.1,89,100,79.1,70.19,89,79.1,89,79.1
5185,0.2703891991,96,5,1,0,79.1,100,89,79.1,89,100,79.1,70.19,89,79.1,89,79.1
5186,0.270364197016,98,3,1,0,79.1,100,89,79.1,89,100,79.1,70.19,89,79.1,89,79.1
5187,0.270339194933,98,3,1,0,79.1,100,89,79.1,89,100,79.1,70.19,89,79.1,89,79.1
5188,0.270314192849,98,3,1,0,79.1,100,89,79.1,89,100,79.1,70.19,89,79.1,89,79.1
5189,0.270289190766,98,3,1,0,79.1,100,89,79.1,89,100,79.1,70.19,89,79.1,89,79.1
5190,0.270264188682,98,3,1,0,79.1,100,89,79.1,89,100,79.1,70.19,89,79.1,89,79.1
5191,0.270239186599,98,3,1,0,79.1,100,89,79.1,89,100,79.1,70.19,89,79.1,89,79.1
5192,0.270214184515,98,3,1,0,79.1,100,89,79.1,89,100,79.1,70.19,89,79.1,89,79.1
5193,0.270189182432,98,3,1,0,79.1,100,89,79.1,89,100,79.1,70.19,89,79.1,89,79.1
5194,0.270164180348,98,3,1,0,79.1,100,89,79.1,89,100,79.1,70.19,89,79.1,89,79.1
5195,0.270139178265,98,3,1,0,79.1,100,89,79.1,89,100,79.1,70.19,89,79.1,89,79.1
5196,0.270114176181,98,3,1,0,79.1,100,89,79.1,89,100,79.1,70.19,89,79.1,89,79.1
5197,0.270089174098,98,3,1,0,79.1,100,89,79.1,89,100,79.1,70.19,89,79.1,89,79.1
5198,0.270064172014,98,3,1,0,79.1,100,89,79.1,89,100,79.1,70.19,89,79.1,89,79.1
5199,0.270039169931,98,3,1,0,79.1,100,89,79.1,89,100,79.1,70.19,89,79.1,89,79.1
5200,0.270014167847,96,5,1,0,79.1,100,89,79.1,89,100,79.1,70.19,89,79.1,89,79.1
5201,0.269989165764,98,3,1,0,79.1,100,89,79.1,89,100,79.1,70.19,89,79.1,89,79.1
5202,0.26996416368,98,3,1,0,79.1,100,89,79.1,89,100,79.1,70.19,89,79.1,89,79.1
5203,0.269939161597,98,3,1,0,79.1,100,89,79.1,89,100,79.1,70.19,89,79.1,89,79.1
5204,0.269914159513,97,4,1,0,79.1,100,89,79.1,89,100,79.1,70.19,89,79.1,89,79.1
5205,0.26988915743,98,3,1,0,79.1,100,89,79.1,89,100,79.1,70.19,89,79.1,89,79.1
5206,0.269864155346,98,3,1,0,79.1,100,89,79.1,89,100,79.1,70.19,89,79.1,89,79.1
5207,0.269839153263,98,3,1,0,79.1,100,89,79.1,89,100,79.1,70.19,89,79.1,89,79.1
5208,0.269814151179,98,3,1,0,79.1,100,89,79.1,89,100,79.1,70.19,89,79.1,89,79.1
5209,0.269789149096,98,3,1,0,79.1,100,89,79.1,89,100,79.1,70.19,89,79.1,89,79.1
5210,0.269764147012,96,5,1,0,79.1,100,89,79.1,89,100,79.1,70.19,89,79.1,89,79.1
5211,0.269739144929,96,5,1,0,79.1,100,89,79.1,89,100,79.1,70.19,89,79.1,89,79.1
5212,0.269714142845,98,3,1,0,79.1,100,89,79.1,89,100,79.1,70.19,89,79.1,89,79.1
5213,0.269689140762,98,3,1,0,79.1,100,89,79.1,89,100,79.1,70.19,89,79.1,89,79.1
5214,0.269664138678,97,4,1,0,79.1,100,89,79.1,89,100,79.1,70.19,89,79.1,89,79.1
5215,0.269639136595,98,3,1,0,79.1,100,89,79.1,89,100,79.1,70.19,89,79.1,89,79.1
5216,0.269614134511,96,5,1,0,79.1,100,89,79.1,89,100,79.1,70.19,89,79.1,89,79.1
5217,0.269589132428,98,3,1,0,79.1,100,89,79.1,89,100,79.1,70.19,89,79.1,89,79.1
5218,0.269564130344,96,5,1,0,79.1,100,89,79.1,89,100,79.1,70.19,89,79.1,89,79.1
5219,0.269539128261,98,3,1,0,79.1,100,89,79.1,89,100,79.1,70.19,89,79.1,89,79.1
5220,0.269514126177,98,3,1,0,79.1,100,89,79.1,89,100,79.1,70.19,89,79.1,89,79.1
5221,0.269489124094,98,3,1,0,79.1,100,89,79.1,89,100,79.1,70.19,89,79.1,89,79.1
5222,0.26946412201,98,3,1,0,79.1,100,89,79.1,89,100,79.1,70.19,89,79.1,89,79.1
5223,0.269439119927,98,3,1,0,79.1,100,89,79.1,89,100,79.1,70.19,89,79.1,89,79.1
5224,0.269414117843,95,6,1,2.84217094304e-14,79.1,100,89,79.1,89,100,79.1,70.19,89,79.1,89,79.1
5225,0.26938911576,97,4,1,0,79.1,100,89,79.1,89,100,79.1,70.19,89,79.1,89,79.1
5226,0.269364113676,96,5,1,0,79.1,100,89,79.1,89,100,79.1,70.19,89,79.1,89,79.1
5227,0.269339111593,97,4,1,0,79.1,100,89,79.1,89,100,79.1,70.19,89,79.1,89,79.1
5228,0.269314109509,98,3,1,0,79.1,100,89,79.1,89,100,79.1,70.19,89,79.1,89,79.1
5229,0.269289107426,93,8,1,0,79.1,100,89,79.1,89,100,79.1,70.19,89,79.1,89,79.1
5230,0.269264105342,97,4,1,0,79.1,100,89,79.1,89,100,79.1,70.19,89,79.1,89,79.1
5231,0.269239103259,98,3,1,0,79.1,100,89,79.1,89,100,79.1,70.19,89,79.1,89,79.1
5232,0.269214101175,98,3,1,0,79.1,100,89,79.1,89,100,79.1,70.19,89,79.1,89,79.1
5233,0.269189099092,98,3,1,0,79.1,100,89,79.1,89,100,79.1,70.19,89,79.1,89,79.1
5234,0.269164097008,98,3,1,0,79.1,100,89,79.1,89,100,79.1,70.19,89,79.1,89,79.1
5235,0.269139094925,98,3,1,0,79.1,100,89,79.1,89,100,79.1,70.19,89,79.1,89,79.1
5236,0.269114092841,97,4,1,0,79.1,100,89,79.1,89,100,79.1,70.19,89,79.1,89,79.1
5237,0.269089090758,98,3,1,0,79.1,100,89,79.1,89,100,79.1,70.19,89,79.1,89,79.1
5238,0.269064088674,97,4,1,0,79.1,100,89,79.1,89,100,79.1,70.19,89,79.1,89,79.1
5239,0.269039086591,98,3,1,0,79.1,100,89,79.1,89,100,79.1,70.19,89,79.1,89,79.1
5240,0.269014084507,98,3,1,0,79.1,100,89,79.1,89,100,79.1,70.19,89,79.1,89,79.1
5241,0.268989082424,98,3,1,0,79.1,100,89,79.1,89,100,79.1,70.19,89,79.1,89,79.1
5242,0.26896408034,98,3,1,0,79.1,100,89,79.1,89,100,79.1,70.19,89,79.1,89,79.1
5243,0.268939078257,96,5,1,0,79.1,100,89,79.1,89,100,79.1,70.19,89,79.1,89,79.1
5244,0.268914076173,98,3,1,0,79.1,100,89,79.1,89,100,79.1,70.19,89,79.1,89,79.1
5245,0.26888907409,94,7,1,0,79.1,100,89,79.1,89,100,79.1,70.19,89,79.1,89,79.1
5246,0.268864072006,98,3,1,0,79.1,100,89,79.1,89,100,79.1,70.19,89,79.1,89,79.1
5247,0.268839069922,97,4,1,0,79.1,100,89,79.1,89,100,79.1,70.19,89,79.1,89,79.1
5248,0.268814067839,98,3,1,0,79.1,100,89,79.1,89,100,79.1,70.19,89,79.1,89,79.1
5249,0.268789065755,98,3,1,0,79.1,100,89,79.1,89,100,79.1,70.19,89,79.1,89,79.1
5250,0.268764063672,98,3,1,0,79.1,100,89,79.1,89,100,79.1,70.19,89,79.1,89,79.1
5251,0.268739061588,97,4,1,0,79.1,100,89,79.1,89,100,79.1,70.19,89,79.1,89,79.1
5252,0.268714059505,98,3,1,0,79.1,100,89,79.1,89,100,79.1,70.19,89,79.1,89,79.1
5253,0.268689057421,98,3,1,0,79.1,100,89,79.1,89,100,79.1,70.19,89,79.1,89,79.1
5254,0.268664055338,94,7,1,0,79.1,100,89,79.1,89,100,79.1,70.19,89,79.1,89,79.1
5255,0.268639053254,98,3,1,0,79.1,100,89,79.1,89,100,79.1,70.19,89,79.1,89,79.1
5256,0.268614051171,98,3,1,0,79.1,100,89,79.1,89,100,79.1,70.19,89,79.1,89,79.1
5257,0.268589049087,98,3,1,0,79.1,100,89,79.1,89,100,79.1,70.19,89,79.1,89,79.1
5258,0.268564047004,98,3,1,0,79.1,100,89,79.1,89,100,79.1,70.19,89,79.1,89,79.1
5259,0.26853904492,96,5,1,0,79.1,100,89,79.1,89,100,79.1,70.19,89,79.1,89,79.1
5260,0.268514042837,98,3,1,0,79.1,100,89,79.1,89,100,79.1,70.19,89,79.1,89,79.1
5261,0.268489040753,98,3,1,0,79.1,100,89,79.1,89,100,79.1,70.19,89,79.1,89,79.1
5262,0.26846403867,94,7,1,0,79.1,100,89,79.1,89,100,79.1,70.19,89,79.1,89,79.1
5263,0.268439036586,97,4,1,0,79.1,100,89,79.1,89,100,79.1,70.19,89,79.1,89,79.1
5264,0.268414034503,98,3,1,0,79.1,100,89,79.1,89,100,79.1,70.19,89,79.1,89,79.1
5265,0.268389032419,95,6,1,0,79.1,100,89,79.1,89,100,79.1,70.19,89,79.1,89,79.1
5266,0.268364030336,98,3,1,0,79.1,100,89,79.1,89,100,79.1,70.19,89,79.1,89,79.1
5267,0.268339028252,98,3,1,0,79.1,100,89,79.1,89,100,79.1,70.19,89,79.1,89,79.1
5268,0.268314026169,98,3,1,0,79.1,100,89,79.1,89,100,79.1,70.19,89,79.1,89,79.1
5269,0.268289024085,96,5,1,0,79.1,100,89,79.1,89,100,79.1,70.19,89,79.1,89,79.1
5270,0.268264022002,97,4,1,0,79.1,100,89,79.1,89,100,79.1,70.19,89,79.1,89,79.1
5271,0.268239019918,98,3,1,0,79.1,100,89,79.1,89,100,79.1,70.19,89,79.1,89,79.1
5272,0.268214017835,98,3,1,0,79.1,100,89,79.1,89,100,79.1,70.19,89,79.1,89,79.1
5273,0.268189015751,96,5,1,0,79.1,100,89,79.1,89,100,79.1,70.19,89,79.1,89,79.1
5274,0.268164013668,96,5,1,2.84217094304e-14,79.1,100,89,79.1,89,100,79.1,70.19,89,79.1,89,79.1
5275,0.268139011584,98,3,1,0,79.1,100,89,79.1,89,100,79.1,70.19,89,79.1,89,79.1
5276,0.268114009501,98,3,1,0,79.1,100,89,79.1,89,100,79.1,70.19,89,79.1,89,79.1
5277,0.268089007417,98,3,1,0,79.1,100,89,79.1,89,100,79.1,70.19,89,79.1,89,79.1
5278,0.268064005334,98,3,1,0,79.1,100,89,79.1,89,100,79.1,70.19,89,79.1,89,79.1
5279,0.26803900325,98,3,1,0,79.1,100,89,79.1,89,100,79.1,70.19,89,79.1,89,79.1
5280,0.268014001167,96,5,1,0,79.1,100,89,79.1,89,100,79.1,70.19,89,79.1,89,79.1
5281,0.267988999083,97,4,1,0,79.1,100,89,79.1,89,100,79.1,70.19,89,79.1,89,79.1
5282,0.267963997,98,3,1,0,79.1,100,89,79.1,89,100,79.1,70.19,89,79.1,89,79.1
5283,0.267938994916,97,4,1,0,79.1,100,89,79.1,89,100,79.1,70.19,89,79.1,89,79.1
5284,0.267913992833,98,3,1,0,79.1,100,89,79.1,89,100,79.1,70.19,89,79.1,89,79.1
5285,0.267888990749,96,5,1,0,79.1,100,89,79.1,89,100,79.1,70.19,89,79.1,89,79.1
5286,0.267863988666,98,3,1,0,79.1,100,89,79.1,89,100,79.1,70.19,89,79.1,89,79.1
5287,0.267838986582,98,3,1,0,79.1,100,89,79.1,89,100,79.1,70.19,89,79.1,89,79.1
5288,0.267813984499,96,5,1,0,79.1,100,89,79.1,89,100,79.1,70.19,89,79.1,89,79.1
5289,0.267788982415,98,3,1,0,79.1,100,89,79.1,89,100,79.1,70.19,89,79.1,89,79.1
5290,0.267763980332,97,4,1,0,79.1,100,89,79.1,89,100,79.1,70.19,89,79.1,89,79.1
5291,0.267738978248,96,5,1,0,79.1,100,89,79.1,89,100,79.1,70.19,89,79.1,89,79.1
5292,0.267713976165,97,4,1,0,79.1,100,89,79.1,89,100,79.1,70.19,89,79.1,89,79.1
5293,0.267688974081,98,3,1,0,79.1,100,89,79.1,89,100,79.1,70.19,89,79.1,89,79.1
5294,0.267663971998,98,3,1,0,79.1,100,89,79.1,89,100,79.1,70.19,89,79.1,89,79.1
5295,0.267638969914,98,3,1,0,79.1,100,89,79.1,89,100,79.1,70.19,89,79.1,89,79.1
5296,0.267613967831,98,3,1,0,79.1,100,89,79.1,89,100,79.1,70.19,89,79.1,89,79.1
5297,0.267588965747,98,3,1,0,79.1,100,89,79.1,89,100,79.1,70.19,89,79.1,89,79.1
5298,0.267563963664,98,3,1,0,79.1,100,89,79.1,89,100,79.1,70.19,89,79.1,89,79.1
5299,0.26753896158,98,3,1,0,79.1,100,89,79.1,89,100,79.1,70.19,89,79.1,89,79.1
5300,0.267513959497,98,3,1,0,79.1,100,89,79.1,89,100,79.1,70.19,89,79.1,89,79.1
5301,0.267488957413,98,3,1,0,79.1,100,89,79.1,89,100,79.1,70.19,89,79.1,89,79.1
5302,0.26746395533,98,3,1,0,79.1,100,89,79.1,89,100,79.1,70.19,89,79.1,89,79.1
5303,0.267438953246,92,9,1,1.56319401867e-13,79.1,100,89,79.1,89,100,79.1,70.19,89,79.1,89,79.1
5304,0.267413951163,98,3,1,0,79.1,100,89,79.1,89,100,79.1,70.19,89,79.1,89,79.1
5305,0.267388949079,96,5,1,0,79.1,100,89,79.1,89,100,79.1,70.19,89,79.1,89,79.1
5306,0.267363946996,98,3,1,0,79.1,100,89,79.1,89,100,79.1,70.19,89,79.1,89,79.1
5307,0.267338944912,96,5,1,0,79.1,100,89,79.1,89,100,79.1,70.19,89,79.1,89,79.1
5308,0.267313942829,96,5,1,0,79.1,100,89,79.1,89,100,79.1,70.19,89,79.1,89,79.1
5309,0.267288940745,98,3,1,0,79.1,100,89,79.1,89,100,79.1,70.19,89,79.1,89,79.1
5310,0.267263938662,98,3,1,0,79.1,100,89,79.1,89,100,79.1,70.19,89,79.1,89,79.1
5311,0.267238936578,98,3,1,0,79.1,100,89,79.1,89,100,79.1,70.19,89,79.1,89,79.1
5312,0.267213934495,98,3,1,0,79.1,100,89,79.1,89,100,79.1,70.19,89,79.1,89,79.1
5313,0.267188932411,98,3,1,0,79.1,100,89,79.1,89,100,79.1,70.19,89,79.1,89,79.1
5314,0.267163930328,98,3,1,0,79.1,100,89,79.1,89,100,79.1,70.19,89,79.1,89,79.1
5315,0.267138928244,97,4,1,0,79.1,100,89,79.1,89,100,79.1,70.19,89,79.1,89,79.1
5316,0.267113926161,98,3,1,0,79.1,100,89,79.1,89,100,79.1,70.19,89,79.1,89,79.1
5317,0.267088924077,98,3,1,0,79.1,100,89,79.1,89,100,79.1,70.19,89,79.1,89,79.1
5318,0.267063921993,98,3,1,0,79.1,100,89,79.1,89,100,79.1,70.19,89,79.1,89,79.1
5319,0.26703891991,97,4,1,0,79.1,100,89,79.1,89,100,79.1,70.19,89,79.1,89,79.1
5320,0.267013917826,98,3,1,0,79.1,100,89,79.1,89,100,79.1,70.19,89,79.1,89,79.1
5321,0.266988915743,98,3,1,0,79.1,100,89,79.1,89,100,79.1,70.19,89,79.1,89,79.1
5322,0.266963913659,98,3,1,0,79.1,100,89,79.1,89,100,79.1,70.19,89,79.1,89,79.1
5323,0.266938911576,98,3,1,0,79.1,100,89,79.1,89,100,79.1,70.19,89,79.1,89,79.1
5324,0.266913909492,98,3,1,0,79.1,100,89,79.1,89,100,79.1,70.19,89,79.1,89,79.1
5325,0.266888907409,98,3,1,0,79.1,100,89,79.1,89,100,79.1,70.19,89,79.1,89,79.1
5326,0.266863905325,96,5,1,0,79.1,100,89,79.1,89,100,79.1,70.19,89,79.1,89,79.1
5327,0.266838903242,98,3,1,0,79.1,100,89,79.1,89,100,79.1,70.19,89,79.1,89,79.1
5328,0.266813901158,97,4,1,0,79.1,100,89,79.1,89,100,79.1,70.19,89,79.1,89,79.1
5329,0.266788899075,97,4,1,0,79.1,100,89,79.1,89,100,79.1,70.19,89,79.1,89,79.1
5330,0.266763896991,98,3,1,0,79.1,100,89,79.1,89,100,79.1,70.19,89,79.1,89,79.1
5331,0.266738894908,97,4,1,0,79.1,100,89,79.1,89,100,79.1,70.19,89,79.1,89,79.1
5332,0.266713892824,98,3,1,0,79.1,100,89,79.1,89,100,79.1,70.19,89,79.1,89,79.1
5333,0.266688890741,95,6,1,5.68434188608e-14,79.1,100,89,79.1,89,100,79.1,70.19,89,79.1,89,79.1
5334,0.266663888657,98,3,1,0,79.1,100,89,79.1,89,100,79.1,70.19,89,79.1,89,79.1
5335,0.266638886574,98,3,1,0,79.1,100,89,79.1,89,100,79.1,70.19,89,79.1,89,79.1
5336,0.26661388449,96,5,1,1.42108547152e-14,79.1,100,89,79.1,89,100,79.1,70.19,89,79.1,89,79.1
5337,0.266588882407,96,5,1,0,79.1,100,89,79.1,89,100,79.1,70.19,89,79.1,89,79.1
5338,0.266563880323,98,3,1,0,79.1,100,89,79.1,89,100,79.1,70.19,89,79.1,89,79.1
5339,0.26653887824,98,3,1,0,79.1,100,89,79.1,89,100,79.1,70.19,89,79.1,89,79.1
5340,0.266513876156,97,4,1,0,79.1,100,89,79.1,89,100,79.1,70.19,89,79.1,89,79.1
5341,0.266488874073,98,3,1,0,79.1,100,89,79.1,89,100,79.1,70.19,89,79.1,89,79.1
5342,0.266463871989,98,3,1,0,79.1,100,89,79.1,89,100,79.1,70.19,89,79.1,89,79.1
5343,0.266438869906,98,3,1,0,79.1,100,89,79.1,89,100,79.1,70.19,89,79.1,89,79.1
5344,0.266413867822,98,3,1,0,79.1,100,89,79.1,89,100,79.1,70.19,89,79.1,89,79.1
5345,0.266388865739,98,3,1,0,79.1,100,89,79.1,89,100,79.1,70.19,89,79.1,89,79.1
5346,0.266363863655,98,3,1,0,79.1,100,89,79.1,89,100,79.1,70.19,89,79.1,89,79.1
5347,0.266338861572,98,3,1,0,79.1,100,89,79.1,89,100,79.1,70.19,89,79.1,89,79.1
5348,0.266313859488,98,3,1,0,79.1,100,89,79.1,89,100,79.1,70.19,89,79.1,89,79.1
5349,0.266288857405,98,3,1,0,79.1,100,89,79.1,89,100,79.1,70.19,89,79.1,89,79.1
5350,0.266263855321,98,3,1,0,79.1,100,89,79.1,89,100,79.1,70.19,89,79.1,89,79.1
5351,0.266238853238,98,3,1,0,79.1,100,89,79.1,89,100,79.1,70.19,89,79.1,89,79.1
5352,0.266213851154,97,4,1,0,79.1,100,89,79.1,89,100,79.1,70.19,89,79.1,89,79.1
5353,0.266188849071,98,3,1,0,79.1,100,89,79.1,89,100,79.1,70.19,89,79.1,89,79.1
5354,0.266163846987,98,3,1,0,79.1,100,89,79.1,89,100,79.1,70.19,89,79.1,89,79.1
5355,0.266138844904,97,4,1,0,79.1,100,89,79.1,89,100,79.1,70.19,89,79.1,89,79.1
5356,0.26611384282,98,3,1,0,79.1,100,89,79.1,89,100,79.1,70.19,89,79.1,89,79.1
5357,0.266088840737,97,4,1,0,79.1,100,89,79.1,89,100,79.1,70.19,89,79.1,89,79.1
5358,0.266063838653,95,6,1,0,79.1,100,89,79.1,89,100,79.1,70.19,89,79.1,89,79.1
5359,0.26603883657,98,3,1,0,79.1,100,89,79.1,89,100,79.1,70.19,89,79.1,89,79.1
5360,0.266013834486,98,3,1,0,79.1,100,89,79.1,89,100,79.1,70.19,89,79.1,89,79.1
5361,0.265988832403,96,5,1,2.84217094304e-14,79.1,100,89,79.1,89,100,79.1,70.19,89,79.1,89,79.1
5362,0.265963830319,98,3,1,0,79.1,100,89,79.1,89,100,79.1,70.19,89,79.1,89,79.1
5363,0.265938828236,98,3,1,0,79.1,100,89,79.1,89,100,79.1,70.19,89,79.1,89,79.1
5364,0.265913826152,91,10,1,1.13686837722e-13,79.1,100,89,79.1,89,100,79.1,70.19,89,79.1,89,79.1
5365,0.265888824069,96,5,1,0,79.1,100,89,79.1,89,100,79.1,70.19,89,79.1,89,79.1
5366,0.265863821985,98,3,1,0,79.1,100,89,79.1,89,100,79.1,70.19,89,79.1,89,79.1
5367,0.265838819902,98,3,1,0,79.1,100,89,79.1,89,100,79.1,70.19,89,79.1,89,79.1
5368,0.265813817818,94,7,1,0,79.1,100,89,79.1,89,100,79.1,70.19,89,79.1,89,79.1
5369,0.265788815735,98,3,1,0,79.1,100,89,79.1,89,100,79.1,70.19,89,79.1,89,79.1
5370,0.265763813651,98,3,1,0,79.1,100,89,79.1,89,100,79.1,70.19,89,79.1,89,79.1
5371,0.265738811568,98,3,1,0,79.1,100,89,79.1,89,100,79.1,70.19,89,79.1,89,79.1
5372,0.265713809484,98,3,1,0,79.1,100,89,79.1,89,100,79.1,70.19,89,79.1,89,79.1
5373,0.265688807401,98,3,1,0,79.1,100,89,79.1,89,100,79.1,70.19,89,79.1,89,79.1
5374,0.265663805317,98,3,1,0,79.1,100,89,79.1,89,100,79.1,70.19,89,79.1,89,79.1
5375,0.265638803234,96,5,1,0,79.1,100,89,79.1,89,100,79.1,70.19,89,79.1,89,79.1
5376,0.26561380115,98,3,1,0,79.1,100,89,79.1,89,100,79.1,70.19,89,79.1,89,79.1
5377,0.265588799067,96,5,1,0,79.1,100,89,79.1,89,100,79.1,70.19,89,79.1,89,79.1
5378,0.265563796983,98,3,1,0,79.1,100,89,79.1,89,100,79.1,70.19,89,79.1,89,79.1
5379,0.2655387949,98,3,1,0,79.1,100,89,79.1,89,100,79.1,70.19,89,79.1,89,79.1
5380,0.265513792816,94,7,1,0,79.1,100,89,79.1,89,100,79.1,70.19,89,79.1,89,79.1
5381,0.265488790733,98,3,1,0,79.1,100,89,79.1,89,100,79.1,70.19,89,79.1,89,79.1
5382,0.265463788649,98,3,1,0,79.1,100,89,79.1,89,100,79.1,70.19,89,79.1,89,79.1
5383,0.265438786566,95,6,1,2.84217094304e-14,79.1,100,89,79.1,89,100,79.1,70.19,89,79.1,89,79.1
5384,0.265413784482,98,3,1,0,79.1,100,89,79.1,89,100,79.1,70.19,89,79.1,89,79.1
5385,0.265388782399,96,5,1,0,79.1,100,89,79.1,89,100,79.1,70.19,89,79.1,89,79.1
5386,0.265363780315,98,3,1,0,79.1,100,89,79.1,89,100,79.1,70.19,89,79.1,89,79.1
5387,0.265338778232,95,6,1,0,79.1,100,89,79.1,89,100,79.1,70.19,89,79.1,89,79.1
5388,0.265313776148,98,3,1,0,79.1,100,89,79.1,89,100,79.1,70.19,89,79.1,89,79.1
5389,0.265288774065,98,3,1,0,79.1,100,89,79.1,89,100,79.1,70.19,89,79.1,89,79.1
5390,0.265263771981,98,3,1,0,79.1,100,89,79.1,89,100,79.1,70.19,89,79.1,89,79.1
5391,0.265238769897,98,3,1,0,79.1,100,89,79.1,89,100,79.1,70.19,89,79.1,89,79.1
5392,0.265213767814,98,3,1,0,79.1,100,89,79.1,89,100,79.1,70.19,89,79.1,89,79.1
5393,0.26518876573,98,3,1,0,79.1,100,89,79.1,89,100,79.1,70.19,89,79.1,89,79.1
5394,0.265163763647,98,3,1,0,79.1,100,89,79.1,89,100,79.1,70.19,89,79.1,89,79.1
5395,0.265138761563,96,5,1,0,79.1,100,89,79.1,89,100,79.1,70.19,89,79.1,89,79.1
5396,0.26511375948,98,3,1,0,79.1,100,89,79.1,89,100,79.1,70.19,89,79.1,89,79.1
5397,0.265088757396,98,3,1,0,79.1,100,89,79.1,89,100,79.1,70.19,89,79.1,89,79.1
5398,0.265063755313,98,3,1,0,79.1,100,89,79.1,89,100,79.1,70.19,89,79.1,89,79.1
5399,0.265038753229,94,7,1,0,79.1,100,89,79.1,89,100,79.1,70.19,89,79.1,89,79.1
5400,0.265013751146,98,3,1,0,79.1,100,89,79.1,89,100,79.1,70.19,89,79.1,89,79.1
5401,0.264988749062,96,5,1,0,79.1,100,89,79.1,89,100,79.1,70.19,89,79.1,89,79.1
5402,0.264963746979,98,3,1,0,79.1,100,89,79.1,89,100,79.1,70.19,89,79.1,89,79.1
5403,0.264938744895,98,3,1,0,79.1,100,89,79.1,89,100,79.1,70.19,89,79.1,89,79.1
5404,0.264913742812,98,3,1,0,79.1,100,89,79.1,89,100,79.1,70.19,89,79.1,89,79.1
5405,0.264888740728,95,6,1,0,79.1,100,89,79.1,89,100,79.1,70.19,89,79.1,89,79.1
5406,0.264863738645,98,3,1,0,79.1,100,89,79.1,89,100,79.1,70.19,89,79.1,89,79.1
5407,0.264838736561,96,5,1,1.42108547152e-14,79.1,100,89,79.1,89,100,79.1,70.19,89,79.1,89,79.1
5408,0.264813734478,98,3,1,0,79.1,100,89,79.1,89,100,79.1,70.19,89,79.1,89,79.1
5409,0.264788732394,96,5,1,1.42108547152e-14,79.1,100,89,79.1,89,100,79.1,70.19,89,79.1,89,79.1
5410,0.264763730311,98,3,1,0,79.1,100,89,79.1,89,100,79.1,70.19,89,79.1,89,79.1
5411,0.264738728227,96,5,1,0,79.1,100,89,79.1,89,100,79.1,70.19,89,79.1,89,79.1
5412,0.264713726144,98,3,1,0,79.1,100,89,79.1,89,100,79.1,70.19,89,79.1,89,79.1
5413,0.26468872406,98,3,1,0,79.1,100,89,79.1,89,100,79.1,70.19,89,79.1,89,79.1
5414,0.264663721977,98,3,1,0,79.1,100,89,79.1,89,100,79.1,70.19,89,79.1,89,79.1
5415,0.264638719893,98,3,1,0,79.1,100,89,79.1,89,100,79.1,70.19,89,79.1,89,79.1
5416,0.26461371781,98,3,1,0,79.1,100,89,79.1,89,100,79.1,70.19,89,79.1,89,79.1
5417,0.264588715726,96,5,1,0,79.1,100,89,79.1,89,100,79.1,70.19,89,79.1,89,79.1
5418,0.264563713643,98,3,1,0,79.1,100,89,79.1,89,100,79.1,70.19,89,79.1,89,79.1
5419,0.264538711559,96,5,1,0,79.1,100,89,79.1,89,100,79.1,70.19,89,79.1,89,79.1
5420,0.264513709476,96,5,1,1.42108547152e-14,79.1,100,89,79.1,89,100,79.1,70.19,89,79.1,89,79.1
5421,0.264488707392,98,3,1,0,79.1,100,89,79.1,89,100,79.1,70.19,89,79.1,89,79.1
5422,0.264463705309,94,7,1,0,79.1,100,89,79.1,89,100,79.1,70.19,89,79.1,89,79.1
5423,0.264438703225,98,3,1,0,79.1,100,89,79.1,89,100,79.1,70.19,89,79.1,89,79.1
5424,0.264413701142,97,4,1,0,79.1,100,89,79.1,89,100,79.1,70.19,89,79.1,89,79.1
5425,0.264388699058,98,3,1,0,79.1,100,89,79.1,89,100,79.1,70.19,89,79.1,89,79.1
5426,0.264363696975,98,3,1,0,79.1,100,89,79.1,89,100,79.1,70.19,89,79.1,89,79.1
5427,0.264338694891,95,6,1,1.42108547152e-14,79.1,100,89,79.1,89,100,79.1,70.19,89,79.1,89,79.1
5428,0.264313692808,98,3,1,0,79.1,100,89,79.1,89,100,79.1,70.19,89,79.1,89,79.1
5429,0.264288690724,96,5,1,0,79.1,100,89,79.1,89,100,79.1,70.19,89,79.1,89,79.1
5430,0.264263688641,94,7,1,0,79.1,100,89,79.1,89,100,79.1,70.19,89,79.1,89,79.1
5431,0.264238686557,98,3,1,0,79.1,100,89,79.1,89,100,79.1,70.19,89,79.1,89,79.1
5432,0.264213684474,95,6,1,0,79.1,100,89,79.1,89,100,79.1,70.19,89,79.1,89,79.1
5433,0.26418868239,98,3,1,0,79.1,100,89,79.1,89,100,79.1,70.19,89,79.1,89,79.1
5434,0.264163680307,98,3,1,0,79.1,100,89,79.1,89,100,79.1,70.19,89,79.1,89,79.1
5435,0.264138678223,96,5,1,0,79.1,100,89,79.1,89,100,79.1,70.19,89,79.1,89,79.1
5436,0.26411367614,98,3,1,0,79.1,100,89,79.1,89,100,79.1,70.19,89,79.1,89,79.1
5437,0.264088674056,98,3,1,0,79.1,100,89,79.1,89,100,79.1,70.19,89,79.1,89,79.1
5438,0.264063671973,98,3,1,0,79.1,100,89,79.1,89,100,79.1,70.19,89,79.1,89,79.1
5439,0.264038669889,98,3,1,0,79.1,100,89,79.1,89,100,79.1,70.19,89,79.1,89,79.1
5440,0.264013667806,95,6,1,0,79.1,100,89,79.1,89,100,79.1,70.19,89,79.1,89,79.1
5441,0.263988665722,98,3,1,0,79.1,100,89,79.1,89,100,79.1,70.19,89,79.1,89,79.1
5442,0.263963663639,98,3,1,0,79.1,100,89,79.1,89,100,79.1,70.19,89,79.1,89,79.1
5443,0.263938661555,98,3,1,0,79.1,100,89,79.1,89,100,79.1,70.19,89,79.1,89,79.1
5444,0.263913659472,96,5,1,0,79.1,100,89,79.1,89,100,79.1,70.19,89,79.1,89,79.1
5445,0.263888657388,96,5,1,0,79.1,100,89,79.1,89,100,79.1,70.19,89,79.1,89,79.1
5446,0.263863655305,95,6,1,1.42108547152e-14,79.1,100,89,79.1,89,100,79.1,70.19,89,79.1,89,79.1
5447,0.263838653221,98,3,1,0,79.1,100,89,79.1,89,100,79.1,70.19,89,79.1,89,79.1
5448,0.263813651138,98,3,1,0,79.1,100,89,79.1,89,100,79.1,70.19,89,79.1,89,79.1
5449,0.263788649054,98,3,1,0,79.1,100,89,79.1,89,100,79.1,70.19,89,79.1,89,79.1
5450,0.263763646971,96,5,1,0,79.1,100,89,79.1,89,100,79.1,70.19,89,79.1,89,79.1
5451,0.263738644887,98,3,1,0,79.1,100,89,79.1,89,100,79.1,70.19,89,79.1,89,79.1
5452,0.263713642804,98,3,1,0,79.1,100,89,79.1,89,100,79.1,70.19,89,79.1,89,79.1
5453,0.26368864072,98,3,1,0,79.1,100,89,79.1,89,100,79.1,70.19,89,79.1,89,79.1
5454,0.263663638637,98,3,1,0,79.1,100,89,79.1,89,100,79.1,70.19,89,79.1,89,79.1
5455,0.263638636553,96,5,1,0,79.1,100,89,79.1,89,100,79.1,70.19,89,79.1,89,79.1
5456,0.26361363447,98,3,1,0,79.1,100,89,79.1,89,100,79.1,70.19,89,79.1,89,79.1
5457,0.263588632386,97,4,1,0,79.1,100,89,79.1,89,100,79.1,70.19,89,79.1,89,79.1
5458,0.263563630303,97,4,1,0,79.1,100,89,79.1,89,100,79.1,70.19,89,79.1,89,79.1
5459,0.263538628219,97,4,1,0,79.1,100,89,79.1,89,100,79.1,70.19,89,79.1,89,79.1
5460,0.263513626136,96,5,1,0,79.1,100,89,79.1,89,100,79.1,70.19,89,79.1,89,79.1
5461,0.263488624052,98,3,1,0,79.1,100,89,79.1,89,100,79.1,70.19,89,79.1,89,79.1
5462,0.263463621968,98,3,1,0,79.1,100,89,79.1,89,100,79.1,70.19,89,79.1,89,79.1
5463,0.263438619885,90,11,1,0,79.1,100,89,79.1,89,100,79.1,70.19,89,79.1,89,79.1
5464,0.263413617801,98,3,1,0,79.1,100,89,79.1,89,100,79.1,70.19,89,79.1,89,79.1
5465,0.263388615718,97,4,1,0,79.1,100,89,79.1,89,100,79.1,70.19,89,79.1,89,79.1
5466,0.263363613634,98,3,1,0,79.1,100,89,79.1,89,100,79.1,70.19,89,79.1,89,79.1
5467,0.263338611551,96,5,1,0,79.1,100,89,79.1,89,100,79.1,70.19,89,79.1,89,79.1
5468,0.263313609467,97,4,1,0,79.1,100,89,79.1,89,100,79.1,70.19,89,79.1,89,79.1
5469,0.263288607384,98,3,1,0,79.1,100,89,79.1,89,100,79.1,70.19,89,79.1,89,79.1
5470,0.2632636053,97,4,1,0,79.1,100,89,79.1,89,100,79.1,70.19,89,79.1,89,79.1
5471,0.263238603217,98,3,1,0,79.1,100,89,79.1,89,100,79.1,70.19,89,79.1,89,79.1
5472,0.263213601133,96,5,1,0,79.1,100,89,79.1,89,100,79.1,70.19,89,79.1,89,79.1
5473,0.26318859905,94,7,1,0,79.1,100,89,79.1,89,100,79.1,70.19,89,79.1,89,79.1
5474,0.263163596966,98,3,1,0,79.1,100,89,79.1,89,100,79.1,70.19,89,79.1,89,79.1
5475,0.263138594883,97,4,1,0,79.1,100,89,79.1,89,100,79.1,70.19,89,79.1,89,79.1
5476,0.263113592799,97,4,1,0,79.1,100,89,79.1,89,100,79.1,70.19,89,79.1,89,79.1
5477,0.263088590716,98,3,1,0,79.1,100,89,79.1,89,100,79.1,70.19,89,79.1,89,79.1
5478,0.263063588632,98,3,1,0,79.1,100,89,79.1,89,100,79.1,70.19,89,79.1,89,79.1
5479,0.263038586549,98,3,1,0,79.1,100,89,79.1,89,100,79.1,70.19,89,79.1,89,79.1
5480,0.263013584465,96,5,1,0,79.1,100,89,79.1,89,100,79.1,70.19,89,79.1,89,79.1
5481,0.262988582382,98,3,1,0,79.1,100,89,79.1,89,100,79.1,70.19,89,79.1,89,79.1
5482,0.262963580298,94,7,1,1.42108547152e-14,79.1,100,89,79.1,89,100,79.1,70.19,89,79.1,89,79.1
5483,0.262938578215,98,3,1,0,79.1,100,89,79.1,89,100,79.1,70.19,89,79.1,89,79.1
5484,0.262913576131,98,3,1,0,79.1,100,89,79.1,89,100,79.1,70.19,89,79.1,89,79.1
5485,0.262888574048,98,3,1,0,79.1,100,89,79.1,89,100,79.1,70.19,89,79.1,89,79.1
5486,0.262863571964,97,4,1,0,79.1,100,89,79.1,89,100,79.1,70.19,89,79.1,89,79.1
5487,0.262838569881,95,6,1,1.42108547152e-14,79.1,100,89,79.1,89,100,79.1,70.19,89,79.1,89,79.1
5488,0.262813567797,97,4,1,0,79.1,100,89,79.1,89,100,79.1,70.19,89,79.1,89,79.1
5489,0.262788565714,98,3,1,0,79.1,100,89,79.1,89,100,79.1,70.19,89,79.1,89,79.1
5490,0.26276356363,95,6,1,0,79.1,100,89,79.1,89,100,79.1,70.19,89,79.1,89,79.1
5491,0.262738561547,98,3,1,0,79.1,100,89,79.1,89,100,79.1,70.19,89,79.1,89,79.1
5492,0.262713559463,98,3,1,0,79.1,100,89,79.1,89,100,79.1,70.19,89,79.1,89,79.1
5493,0.26268855738,98,3,1,0,79.1,100,89,79.1,89,100,79.1,70.19,89,79.1,89,79.1
5494,0.262663555296,98,3,1,0,79.1,100,89,79.1,89,100,79.1,70.19,89,79.1,89,79.1
5495,0.262638553213,98,3,1,0,79.1,100,89,79.1,89,100,79.1,70.19,89,79.1,89,79.1
5496,0.262613551129,98,3,1,0,79.1,100,89,79.1,89,100,79.1,70.19,89,79.1,89,79.1
5497,0.262588549046,98,3,1,0,79.1,100,89,79.1,89,100,79.1,70.19,89,79.1,89,79.1
5498,0.262563546962,98,3,1,0,79.1,100,89,79.1,89,100,79.1,70.19,89,79.1,89,79.1
5499,0.262538544879,95,6,1,0,79.1,100,89,79.1,89,100,79.1,70.19,89,79.1,89,79.1
5500,0.262513542795,98,3,1,0,79.1,100,89,79.1,89,100,79.1,70.19,89,79.1,89,79.1
5501,0.262488540712,98,3,1,0,79.1,100,89,79.1,89,100,79.1,70.19,89,79.1,89,79.1
5502,0.262463538628,98,3,1,0,79.1,100,89,79.1,89,100,79.1,70.19,89,79.1,89,79.1
5503,0.262438536545,96,5,1,0,79.1,100,89,79.1,89,100,79.1,70.19,89,79.1,89,79.1
5504,0.262413534461,98,3,1,0,79.1,100,89,79.1,89,100,79.1,70.19,89,79.1,89,79.1
5505,0.262388532378,98,3,1,0,79.1,100,89,79.1,89,100,79.1,70.19,89,79.1,89,79.1
5506,0.262363530294,98,3,1,0,79.1,100,89,79.1,89,100,79.1,70.19,89,79.1,89,79.1
5507,0.262338528211,98,3,1,0,79.1,100,89,79.1,89,100,79.1,70.19,89,79.1,89,79.1
5508,0.262313526127,96,5,1,1.42108547152e-14,79.1,100,89,79.1,89,100,79.1,70.19,89,79.1,89,79.1
5509,0.262288524044,97,4,1,0,79.1,100,89,79.1,89,100,79.1,70.19,89,79.1,89,79.1
5510,0.26226352196,98,3,1,0,79.1,100,89,79.1,89,100,79.1,70.19,89,79.1,89,79.1
5511,0.262238519877,94,7,1,0,79.1,100,89,79.1,89,100,79.1,70.19,89,79.1,89,79.1
5512,0.262213517793,98,3,1,0,79.1,100,89,79.1,89,100,79.1,70.19,89,79.1,89,79.1
5513,0.26218851571,98,3,1,0,79.1,100,89,79.1,89,100,79.1,70.19,89,79.1,89,79.1
5514,0.262163513626,98,3,1,0,79.1,100,89,79.1,89,100,79.1,70.19,89,79.1,89,79.1
5515,0.262138511543,97,4,1,0,79.1,100,89,79.1,89,100,79.1,70.19,89,79.1,89,79.1
5516,0.262113509459,98,3,1,0,79.1,100,89,79.1,89,100,79.1,70.19,89,79.1,89,79.1
5517,0.262088507376,98,3,1,0,79.1,100,89,79.1,89,100,79.1,70.19,89,79.1,89,79.1
5518,0.262063505292,98,3,1,0,79.1,100,89,79.1,89,100,79.1,70.19,89,79.1,89,79.1
5519,0.262038503209,98,3,1,0,79.1,100,89,79.1,89,100,79.1,70.19,89,79.1,89,79.1
5520,0.262013501125,98,3,1,0,79.1,100,89,79.1,89,100,79.1,70.19,89,79.1,89,79.1
5521,0.261988499042,95,6,1,1.42108547152e-14,79.1,100,89,79.1,89,100,79.1,70.19,89,79.1,89,79.1
5522,0.261963496958,98,3,1,0,79.1,100,89,79.1,89,100,79.1,70.19,89,79.1,89,79.1
5523,0.261938494875,98,3,1,0,79.1,100,89,79.1,89,100,79.1,70.19,89,79.1,89,79.1
5524,0.261913492791,98,3,1,0,79.1,100,89,79.1,89,100,79.1,70.19,89,79.1,89,79.1
5525,0.261888490708,98,3,1,0,79.1,100,89,79.1,89,100,79.1,70.19,89,79.1,89,79.1
5526,0.261863488624,96,5,1,0,79.1,100,89,79.1,89,100,79.1,70.19,89,79.1,89,79.1
5527,0.261838486541,96,5,1,0,79.1,100,89,79.1,89,100,79.1,70.19,89,79.1,89,79.1
5528,0.261813484457,98,3,1,0,79.1,100,89,79.1,89,100,79.1,70.19,89,79.1,89,79.1
5529,0.261788482374,98,3,1,0,79.1,100,89,79.1,89,100,79.1,70.19,89,79.1,89,79.1
5530,0.26176348029,98,3,1,0,79.1,100,89,79.1,89,100,79.1,70.19,89,79.1,89,79.1
5531,0.261738478207,98,3,1,0,79.1,100,89,79.1,89,100,79.1,70.19,89,79.1,89,79.1
5532,0.261713476123,98,3,1,0,79.1,100,89,79.1,89,100,79.1,70.19,89,79.1,89,79.1
5533,0.26168847404,98,3,1,0,79.1,100,89,79.1,89,100,79.1,70.19,89,79.1,89,79.1
5534,0.261663471956,98,3,1,0,79.1,100,89,79.1,89,100,79.1,70.19,89,79.1,89,79.1
5535,0.261638469872,98,3,1,0,79.1,100,89,79.1,89,100,79.1,70.19,89,79.1,89,79.1
5536,0.261613467789,97,4,1,0,79.1,100,89,79.1,89,100,79.1,70.19,89,79.1,89,79.1
5537,0.261588465705,98,3,1,0,79.1,100,89,79.1,89,100,79.1,70.19,89,79.1,89,79.1
5538,0.261563463622,98,3,1,0,79.1,100,89,79.1,89,100,79.1,70.19,89,79.1,89,79.1
5539,0.261538461538,97,4,1,0,79.1,100,89,79.1,89,100,79.1,70.19,89,79.1,89,79.1
5540,0.261513459455,98,3,1,0,79.1,100,89,79.1,89,100,79.1,70.19,89,79.1,89,79.1
5541,0.261488457371,98,3,1,0,79.1,100,89,79.1,89,100,79.1,70.19,89,79.1,89,79.1
5542,0.261463455288,98,3,1,0,79.1,100,89,79.1,89,100,79.1,70.19,89,79.1,89,79.1
5543,0.261438453204,98,3,1,0,79.1,100,89,79.1,89,100,79.1,70.19,89,79.1,89,79.1
5544,0.261413451121,98,3,1,0,79.1,100,89,79.1,89,100,79.1,70.19,89,79.1,89,79.1
5545,0.261388449037,98,3,1,0,79.1,100,89,79.1,89,100,79.1,70.19,89,79.1,89,79.1
5546,0.261363446954,98,3,1,0,79.1,100,89,79.1,89,100,79.1,70.19,89,79.1,89,79.1
5547,0.26133844487,98,3,1,0,79.1,100,89,79.1,89,100,79.1,70.19,89,79.1,89,79.1
5548,0.261313442787,98,3,1,0,79.1,100,89,79.1,89,100,79.1,70.19,89,79.1,89,79.1
5549,0.261288440703,95,6,1,0,79.1,100,89,79.1,89,100,79.1,70.19,89,79.1,89,79.1
5550,0.26126343862,97,4,1,0,79.1,100,89,79.1,89,100,79.1,70.19,89,79.1,89,79.1
5551,0.261238436536,98,3,1,0,79.1,100,89,79.1,89,100,79.1,70.19,89,79.1,89,79.1
5552,0.261213434453,98,3,1,0,79.1,100,89,79.1,89,100,79.1,70.19,89,79.1,89,79.1
5553,0.261188432369,98,3,1,0,79.1,100,89,79.1,89,100,79.1,70.19,89,79.1,89,79.1
5554,0.261163430286,98,3,1,0,79.1,100,89,79.1,89,100,79.1,70.19,89,79.1,89,79.1
5555,0.261138428202,98,3,1,0,79.1,100,89,79.1,89,100,79.1,70.19,89,79.1,89,79.1
5556,0.261113426119,98,3,1,0,79.1,100,89,79.1,89,100,79.1,70.19,89,79.1,89,79.1
5557,0.261088424035,98,3,1,0,79.1,100,89,79.1,89,100,79.1,70.19,89,79.1,89,79.1
5558,0.261063421952,98,3,1,0,79.1,100,89,79.1,89,100,79.1,70.19,89,79.1,89,79.1
5559,0.261038419868,98,3,1,0,79.1,100,89,79.1,89,100,79.1,70.19,89,79.1,89,79.1
5560,0.261013417785,98,3,1,0,79.1,100,89,79.1,89,100,79.1,70.19,89,79.1,89,79.1
5561,0.260988415701,98,3,1,0,79.1,100,89,79.1,89,100,79.1,70.19,89,79.1,89,79.1
5562,0.260963413618,98,3,1,0,79.1,100,89,79.1,89,100,79.1,70.19,89,79.1,89,79.1
5563,0.260938411534,98,3,1,0,79.1,100,89,79.1,89,100,79.1,70.19,89,79.1,89,79.1
5564,0.260913409451,98,3,1,0,79.1,100,89,79.1,89,100,79.1,70.19,89,79.1,89,79.1
5565,0.260888407367,98,3,1,0,79.1,100,89,79.1,89,100,79.1,70.19,89,79.1,89,79.1
5566,0.260863405284,97,4,1,0,79.1,100,89,79.1,89,100,79.1,70.19,89,79.1,89,79.1
5567,0.2608384032,98,3,1,0,79.1,100,89,79.1,89,100,79.1,70.19,89,79.1,89,79.1
5568,0.260813401117,96,5,1,0,79.1,100,89,79.1,89,100,79.1,70.19,89,79.1,89,79.1
5569,0.260788399033,98,3,1,0,79.1,100,89,79.1,89,100,79.1,70.19,89,79.1,89,79.1
5570,0.26076339695,98,3,1,0,79.1,100,89,79.1,89,100,79.1,70.19,89,79.1,89,79.1
5571,0.260738394866,98,3,1,0,79.1,100,89,79.1,89,100,79.1,70.19,89,79.1,89,79.1
5572,0.260713392783,96,5,1,0,79.1,100,89,79.1,89,100,79.1,70.19,89,79.1,89,79.1
5573,0.260688390699,98,3,1,0,79.1,100,89,79.1,89,100,79.1,70.19,89,79.1,89,79.1
5574,0.260663388616,98,3,1,0,79.1,100,89,79.1,89,100,79.1,70.19,89,79.1,89,79.1
5575,0.260638386532,98,3,1,0,79.1,100,89,79.1,89,100,79.1,70.19,89,79.1,89,79.1
5576,0.260613384449,98,3,1,0,79.1,100,89,79.1,89,100,79.1,70.19,89,79.1,89,79.1
5577,0.260588382365,98,3,1,0,79.1,100,89,79.1,89,100,79.1,70.19,89,79.1,89,79.1
5578,0.260563380282,97,4,1,0,79.1,100,89,79.1,89,100,79.1,70.19,89,79.1,89,79.1
5579,0.260538378198,93,8,1,1.42108547152e-14,79.1,100,89,79.1,89,100,79.1,70.19,89,79.1,89,79.1
5580,0.260513376115,96,5,1,0,79.1,100,89,79.1,89,100,79.1,70.19,89,79.1,89,79.1
5581,0.260488374031,98,3,1,0,79.1,100,89,79.1,89,100,79.1,70.19,89,79.1,89,79.1
5582,0.260463371948,98,3,1,0,79.1,100,89,79.1,89,100,79.1,70.19,89,79.1,89,79.1
5583,0.260438369864,98,3,1,0,79.1,100,89,79.1,89,100,79.1,70.19,89,79.1,89,79.1
5584,0.260413367781,98,3,1,0,79.1,100,89,79.1,89,100,79.1,70.19,89,79.1,89,79.1
5585,0.260388365697,98,3,1,0,79.1,100,89,79.1,89,100,79.1,70.19,89,79.1,89,79.1
5586,0.260363363614,98,3,1,0,79.1,100,89,79.1,89,100,79.1,70.19,89,79.1,89,79.1
5587,0.26033836153,96,5,1,0,79.1,100,89,79.1,89,100,79.1,70.19,89,79.1,89,79.1
5588,0.260313359447,98,3,1,0,79.1,100,89,79.1,89,100,79.1,70.19,89,79.1,89,79.1
5589,0.260288357363,97,4,1,0,79.1,100,89,79.1,89,100,79.1,70.19,89,79.1,89,79.1
5590,0.26026335528,98,3,1,0,79.1,100,89,79.1,89,100,79.1,70.19,89,79.1,89,79.1
5591,0.260238353196,98,3,1,0,79.1,100,89,79.1,89,100,79.1,70.19,89,79.1,89,79.1
5592,0.260213351113,98,3,1,0,79.1,100,89,79.1,89,100,79.1,70.19,89,79.1,89,79.1
5593,0.260188349029,98,3,1,0,79.1,100,89,79.1,89,100,79.1,70.19,89,79.1,89,79.1
5594,0.260163346946,98,3,1,0,79.1,100,89,79.1,89,100,79.1,70.19,89,79.1,89,79.1
5595,0.260138344862,97,4,1,0,79.1,100,89,79.1,89,100,79.1,70.19,89,79.1,89,79.1
5596,0.260113342779,96,5,1,1.42108547152e-14,79.1,100,89,79.1,89,100,79.1,70.19,89,79.1,89,79.1
5597,0.260088340695,97,4,1,0,79.1,100,89,79.1,89,100,79.1,70.19,89,79.1,89,79.1
5598,0.260063338612,96,5,1,0,79.1,100,89,79.1,89,100,79.1,70.19,89,79.1,89,79.1
5599,0.260038336528,96,5,1,0,79.1,100,89,79.1,89,100,79.1,70.19,89,79.1,89,79.1
5600,0.260013334445,98,3,1,0,79.1,100,89,79.1,89,100,79.1,70.19,89,79.1,89,79.1
5601,0.259988332361,88,13,1,1.42108547152e-14,79.1,100,89,79.1,89,100,79.1,70.19,89,79.1,89,79.1
5602,0.259963330278,96,5,1,0,79.1,100,89,79.1,89,100,79.1,70.19,89,79.1,89,79.1
5603,0.259938328194,96,5,1,0,79.1,100,89,79.1,89,100,79.1,70.19,89,79.1,89,79.1
5604,0.259913326111,98,3,1,0,79.1,100,89,79.1,89,100,79.1,70.19,89,79.1,89,79.1
5605,0.259888324027,98,3,1,0,79.1,100,89,79.1,89,100,79.1,70.19,89,79.1,89,79.1
5606,0.259863321943,97,4,1,0,79.1,100,89,79.1,89,100,79.1,70.19,89,79.1,89,79.1
5607,0.25983831986,98,3,1,0,79.1,100,89,79.1,89,100,79.1,70.19,89,79.1,89,79.1
5608,0.259813317776,98,3,1,0,79.1,100,89,79.1,89,100,79.1,70.19,89,79.1,89,79.1
5609,0.259788315693,98,3,1,0,79.1,100,89,79.1,89,100,79.1,70.19,89,79.1,89,79.1
5610,0.259763313609,98,3,1,0,79.1,100,89,79.1,89,100,79.1,70.19,89,79.1,89,79.1
5611,0.259738311526,98,3,1,0,79.1,100,89,79.1,89,100,79.1,70.19,89,79.1,89,79.1
5612,0.259713309442,98,3,1,0,79.1,100,89,79.1,89,100,79.1,70.19,89,79.1,89,79.1
5613,0.259688307359,98,3,1,0,79.1,100,89,79.1,89,100,79.1,70.19,89,79.1,89,79.1
5614,0.259663305275,96,5,1,0,79.1,100,89,79.1,89,100,79.1,70.19,89,79.1,89,79.1
5615,0.259638303192,98,3,1,0,79.1,100,89,79.1,89,100,79.1,70.19,89,79.1,89,79.1
5616,0.259613301108,98,3,1,0,79.1,100,89,79.1,89,100,79.1,70.19,89,79.1,89,79.1
5617,0.259588299025,98,3,1,0,79.1,100,89,79.1,89,100,79.1,70.19,89,79.1,89,79.1
5618,0.259563296941,98,3,1,0,79.1,100,89,79.1,89,100,79.1,70.19,89,79.1,89,79.1
5619,0.259538294858,98,3,1,0,79.1,100,89,79.1,89,100,79.1,70.19,89,79.1,89,79.1
5620,0.259513292774,98,3,1,0,79.1,100,89,79.1,89,100,79.1,70.19,89,79.1,89,79.1
5621,0.259488290691,98,3,1,0,79.1,100,89,79.1,89,100,79.1,70.19,89,79.1,89,79.1
5622,0.259463288607,98,3,1,0,79.1,100,89,79.1,89,100,79.1,70.19,89,79.1,89,79.1
5623,0.259438286524,98,3,1,0,79.1,100,89,79.1,89,100,79.1,70.19,89,79.1,89,79.1
5624,0.25941328444,98,3,1,0,79.1,100,89,79.1,89,100,79.1,70.19,89,79.1,89,79.1
5625,0.259388282357,98,3,1,0,79.1,100,89,79.1,89,100,79.1,70.19,89,79.1,89,79.1
5626,0.259363280273,98,3,1,0,79.1,100,89,79.1,89,100,79.1,70.19,89,79.1,89,79.1
5627,0.25933827819,96,5,1,0,79.1,100,89,79.1,89,100,79.1,70.19,89,79.1,89,79.1
5628,0.259313276106,98,3,1,0,79.1,100,89,79.1,89,100,79.1,70.19,89,79.1,89,79.1
5629,0.259288274023,98,3,1,0,79.1,100,89,79.1,89,100,79.1,70.19,89,79.1,89,79.1
5630,0.259263271939,98,3,1,0,79.1,100,89,79.1,89,100,79.1,70.19,89,79.1,89,79.1
5631,0.259238269856,98,3,1,0,79.1,100,89,79.1,89,100,79.1,70.19,89,79.1,89,79.1
5632,0.259213267772,97,4,1,0,79.1,100,89,79.1,89,100,79.1,70.19,89,79.1,89,79.1
5633,0.259188265689,98,3,1,0,79.1,100,89,79.1,89,100,79.1,70.19,89,79.1,89,79.1
5634,0.259163263605,98,3,1,0,79.1,100,89,79.1,89,100,79.1,70.19,89,79.1,89,79.1
5635,0.259138261522,96,5,1,0,79.1,100,89,79.1,89,100,79.1,70.19,89,79.1,89,79.1
5636,0.259113259438,98,3,1,0,79.1,100,89,79.1,89,100,79.1,70.19,89,79.1,89,79.1
5637,0.259088257355,96,5,1,0,79.1,100,89,79.1,89,100,79.1,70.19,89,79.1,89,79.1
5638,0.259063255271,97,4,1,0,79.1,100,89,79.1,89,100,79.1,70.19,89,79.1,89,79.1
5639,0.259038253188,98,3,1,0,79.1,100,89,79.1,89,100,79.1,70.19,89,79.1,89,79.1
5640,0.259013251104,98,3,1,0,79.1,100,89,79.1,89,100,79.1,70.19,89,79.1,89,79.1
5641,0.258988249021,98,3,1,0,79.1,100,89,79.1,89,100,79.1,70.19,89,79.1,89,79.1
5642,0.258963246937,95,6,1,1.42108547152e-14,79.1,100,89,79.1,89,100,79.1,70.19,89,79.1,89,79.1
5643,0.258938244854,96,5,1,0,79.1,100,89,79.1,89,100,79.1,70.19,89,79.1,89,79.1
5644,0.25891324277,98,3,1,0,79.1,100,89,79.1,89,100,79.1,70.19,89,79.1,89,79.1
5645,0.258888240687,98,3,1,0,79.1,100,89,79.1,89,100,79.1,70.19,89,79.1,89,79.1
5646,0.258863238603,96,5,1,0,79.1,100,89,79.1,89,100,79.1,70.19,89,79.1,89,79.1
5647,0.25883823652,98,3,1,0,79.1,100,89,79.1,89,100,79.1,70.19,89,79.1,89,79.1
5648,0.258813234436,98,3,1,0,79.1,100,89,79.1,89,100,79.1,70.19,89,79.1,89,79.1
5649,0.258788232353,98,3,1,0,79.1,100,89,79.1,89,100,79.1,70.19,89,79.1,89,79.1
5650,0.258763230269,95,6,1,0,79.1,100,89,79.1,89,100,79.1,70.19,89,79.1,89,79.1
5651,0.258738228186,96,5,1,0,79.1,100,89,79.1,89,100,79.1,70.19,89,79.1,89,79.1
5652,0.258713226102,98,3,1,0,79.1,100,89,79.1,89,100,79.1,70.19,89,79.1,89,79.1
5653,0.258688224019,98,3,1,0,79.1,100,89,79.1,89,100,79.1,70.19,89,79.1,89,79.1
5654,0.258663221935,97,4,1,0,79.1,100,89,79.1,89,100,79.1,70.19,89,79.1,89,79.1
5655,0.258638219852,97,4,1,0,79.1,100,89,79.1,89,100,79.1,70.19,89,79.1,89,79.1
5656,0.258613217768,98,3,1,0,79.1,100,89,79.1,89,100,79.1,70.19,89,79.1,89,79.1
5657,0.258588215685,96,5,1,0,79.1,100,89,79.1,89,100,79.1,70.19,89,79.1,89,79.1
5658,0.258563213601,98,3,1,0,79.1,100,89,79.1,89,100,79.1,70.19,89,79.1,89,79.1
5659,0.258538211518,98,3,1,0,79.1,100,89,79.1,89,100,79.1,70.19,89,79.1,89,79.1
5660,0.258513209434,98,3,1,0,79.1,100,89,79.1,89,100,79.1,70.19,89,79.1,89,79.1
5661,0.258488207351,98,3,1,0,79.1,100,89,79.1,89,100,79.1,70.19,89,79.1,89,79.1
5662,0.258463205267,98,3,1,0,79.1,100,89,79.1,89,100,79.1,70.19,89,79.1,89,79.1
5663,0.258438203184,92,9,1,0,79.1,100,89,79.1,89,100,79.1,70.19,89,79.1,89,79.1
5664,0.2584132011,97,4,1,0,79.1,100,89,79.1,89,100,79.1,70.19,89,79.1,89,79.1
5665,0.258388199017,98,3,1,0,79.1,100,89,79.1,89,100,79.1,70.19,89,79.1,89,79.1
5666,0.258363196933,98,3,1,0,79.1,100,89,79.1,89,100,79.1,70.19,89,79.1,89,79.1
5667,0.25833819485,98,3,1,0,79.1,100,89,79.1,89,100,79.1,70.19,89,79.1,89,79.1
5668,0.258313192766,96,5,1,0,79.1,100,89,79.1,89,100,79.1,70.19,89,79.1,89,79.1
5669,0.258288190683,98,3,1,0,79.1,100,89,79.1,89,100,79.1,70.19,89,79.1,89,79.1
5670,0.258263188599,96,5,1,0,79.1,100,89,79.1,89,100,79.1,70.19,89,79.1,89,79.1
5671,0.258238186516,98,3,1,0,79.1,100,89,79.1,89,100,79.1,70.19,89,79.1,89,79.1
5672,0.258213184432,98,3,1,0,79.1,100,89,79.1,89,100,79.1,70.19,89,79.1,89,79.1
5673,0.258188182349,98,3,1,0,79.1,100,89,79.1,89,100,79.1,70.19,89,79.1,89,79.1
5674,0.258163180265,98,3,1,0,79.1,100,89,79.1,89,100,79.1,70.19,89,79.1,89,79.1
5675,0.258138178182,97,4,1,0,79.1,100,89,79.1,89,100,79.1,70.19,89,79.1,89,79.1
5676,0.258113176098,97,4,1,0,79.1,100,89,79.1,89,100,79.1,70.19,89,79.1,89,79.1
5677,0.258088174015,98,3,1,0,79.1,100,89,79.1,89,100,79.1,70.19,89,79.1,89,79.1
5678,0.258063171931,98,3,1,0,79.1,100,89,79.1,89,100,79.1,70.19,89,79.1,89,79.1
5679,0.258038169847,98,3,1,0,79.1,100,89,79.1,89,100,79.1,70.19,89,79.1,89,79.1
5680,0.258013167764,98,3,1,0,79.1,100,89,79.1,89,100,79.1,70.19,89,79.1,89,79.1
5681,0.25798816568,98,3,1,0,79.1,100,89,79.1,89,100,79.1,70.19,89,79.1,89,79.1
5682,0.257963163597,98,3,1,0,79.1,100,89,79.1,89,100,79.1,70.19,89,79.1,89,79.1
5683,0.257938161513,98,3,1,0,79.1,100,89,79.1,89,100,79.1,70.19,89,79.1,89,79.1
5684,0.25791315943,98,3,1,0,79.1,100,89,79.1,89,100,79.1,70.19,89,79.1,89,79.1
5685,0.257888157346,98,3,1,0,79.1,100,89,79.1,89,100,79.1,70.19,89,79.1,89,79.1
5686,0.257863155263,97,4,1,0,79.1,100,89,79.1,89,100,79.1,70.19,89,79.1,89,79.1
5687,0.257838153179,98,3,1,0,79.1,100,89,79.1,89,100,79.1,70.19,89,79.1,89,79.1
5688,0.257813151096,98,3,1,0,79.1,100,89,79.1,89,100,79.1,70.19,89,79.1,89,79.1
5689,0.257788149012,98,3,1,0,79.1,100,89,79.1,89,100,79.1,70.19,89,79.1,89,79.1
5690,0.257763146929,98,3,1,0,79.1,100,89,79.1,89,100,79.1,70.19,89,79.1,89,79.1
5691,0.257738144845,98,3,1,0,79.1,100,89,79.1,89,100,79.1,70.19,89,79.1,89,79.1
5692,0.257713142762,97,4,1,0,79.1,100,89,79.1,89,100,79.1,70.19,89,79.1,89,79.1
5693,0.257688140678,98,3,1,0,79.1,100,89,79.1,89,100,79.1,70.19,89,79.1,89,79.1
5694,0.257663138595,96,5,1,0,79.1,100,89,79.1,89,100,79.1,70.19,89,79.1,89,79.1
5695,0.257638136511,98,3,1,0,79.1,100,89,79.1,89,100,79.1,70.19,89,79.1,89,79.1
5696,0.257613134428,98,3,1,0,79.1,100,89,79.1,89,100,79.1,70.19,89,79.1,89,79.1
5697,0.257588132344,98,3,1,0,79.1,100,89,79.1,89,100,79.1,70.19,89,79.1,89,79.1
5698,0.257563130261,96,5,1,0,79.1,100,89,79.1,89,100,79.1,70.19,89,79.1,89,79.1
5699,0.257538128177,98,3,1,0,79.1,100,89,79.1,89,100,79.1,70.19,89,79.1,89,79.1
5700,0.257513126094,96,5,1,0,79.1,100,89,79.1,89,100,79.1,70.19,89,79.1,89,79.1
5701,0.25748812401,98,3,1,0,79.1,100,89,79.1,89,100,79.1,70.19,89,79.1,89,79.1
5702,0.257463121927,98,3,1,0,79.1,100,89,79.1,89,100,79.1,70.19,89,79.1,89,79.1
5703,0.257438119843,98,3,1,0,79.1,100,89,79.1,89,100,79.1,70.19,89,79.1,89,79.1
5704,0.25741311776,98,3,1,0,79.1,100,89,79.1,89,100,79.1,70.19,89,79.1,89,79.1
5705,0.257388115676,96,5,1,0,79.1,100,89,79.1,89,100,79.1,70.19,89,79.1,89,79.1
5706,0.257363113593,98,3,1,0,79.1,100,89,79.1,89,100,79.1,70.19,89,79.1,89,79.1
5707,0.257338111509,98,3,1,0,79.1,100,89,79.1,89,100,79.1,70.19,89,79.1,89,79.1
5708,0.257313109426,98,3,1,0,79.1,100,89,79.1,89,100,79.1,70.19,89,79.1,89,79.1
5709,0.257288107342,98,3,1,0,79.1,100,89,79.1,89,100,79.1,70.19,89,79.1,89,79.1
5710,0.257263105259,98,3,1,0,79.1,100,89,79.1,89,100,79.1,70.19,89,79.1,89,79.1
5711,0.257238103175,98,3,1,0,79.1,100,89,79.1,89,100,79.1,70.19,89,79.1,89,79.1
5712,0.257213101092,97,4,1,0,79.1,100,89,79.1,89,100,79.1,70.19,89,79.1,89,79.1
5713,0.257188099008,98,3,1,0,79.1,100,89,79.1,89,100,79.1,70.19,89,79.1,89,79.1
5714,0.257163096925,98,3,1,0,79.1,100,89,79.1,89,100,79.1,70.19,89,79.1,89,79.1
5715,0.257138094841,98,3,1,0,79.1,100,89,79.1,89,100,79.1,70.19,89,79.1,89,79.1
5716,0.257113092758,98,3,1,0,79.1,100,89,79.1,89,100,79.1,70.19,89,79.1,89,79.1
5717,0.257088090674,98,3,1,0,79.1,100,89,79.1,89,100,79.1,70.19,89,79.1,89,79.1
5718,0.257063088591,98,3,1,0,79.1,100,89,79.1,89,100,79.1,70.19,89,79.1,89,79.1
5719,0.257038086507,96,5,1,0,79.1,100,89,79.1,89,100,79.1,70.19,89,79.1,89,79.1
5720,0.257013084424,98,3,1,0,79.1,100,89,79.1,89,100,79.1,70.19,89,79.1,89,79.1
5721,0.25698808234,98,3,1,0,79.1,100,89,79.1,89,100,79.1,70.19,89,79.1,89,79.1
5722,0.256963080257,98,3,1,0,79.1,100,89,79.1,89,100,79.1,70.19,89,79.1,89,79.1
5723,0.256938078173,98,3,1,0,79.1,100,89,79.1,89,100,79.1,70.19,89,79.1,89,79.1
5724,0.25691307609,98,3,1,0,79.1,100,89,79.1,89,100,79.1,70.19,89,79.1,89,79.1
5725,0.256888074006,98,3,1,0,79.1,100,89,79.1,89,100,79.1,70.19,89,79.1,89,79.1
5726,0.256863071923,91,10,1,0,79.1,100,89,79.1,89,100,79.1,70.19,89,79.1,89,79.1
5727,0.256838069839,98,3,1,0,79.1,100,89,79.1,89,100,79.1,70.19,89,79.1,89,79.1
5728,0.256813067756,98,3,1,0,79.1,100,89,79.1,89,100,79.1,70.19,89,79.1,89,79.1
5729,0.256788065672,98,3,1,0,79.1,100,89,79.1,89,100,79.1,70.19,89,79.1,89,79.1
5730,0.256763063589,98,3,1,0,79.1,100,89,79.1,89,100,79.1,70.19,89,79.1,89,79.1
5731,0.256738061505,94,7,1,0,79.1,100,89,79.1,89,100,79.1,70.19,89,79.1,89,79.1
5732,0.256713059422,96,5,1,0,79.1,100,89,79.1,89,100,79.1,70.19,89,79.1,89,79.1
5733,0.256688057338,98,3,1,0,79.1,100,89,79.1,89,100,79.1,70.19,89,79.1,89,79.1
5734,0.256663055255,96,5,1,0,79.1,100,89,79.1,89,100,79.1,70.19,89,79.1,89,79.1
5735,0.256638053171,98,3,1,0,79.1,100,89,79.1,89,100,79.1,70.19,89,79.1,89,79.1
5736,0.256613051088,98,3,1,0,79.1,100,89,79.1,89,100,79.1,70.19,89,79.1,89,79.1
5737,0.256588049004,96,5,1,0,79.1,100,89,79.1,89,100,79.1,70.19,89,79.1,89,79.1
5738,0.256563046921,98,3,1,0,79.1,100,89,79.1,89,100,79.1,70.19,89,79.1,89,79.1
5739,0.256538044837,98,3,1,0,79.1,100,89,79.1,89,100,79.1,70.19,89,79.1,89,79.1
5740,0.256513042754,96,5,1,0,79.1,100,89,79.1,89,100,79.1,70.19,89,79.1,89,79.1
5741,0.25648804067,98,3,1,0,79.1,100,89,79.1,89,100,79.1,70.19,89,79.1,89,79.1
5742,0.256463038587,98,3,1,0,79.1,100,89,79.1,89,100,79.1,70.19,89,79.1,89,79.1
5743,0.256438036503,98,3,1,0,79.1,100,89,79.1,89,100,79.1,70.19,89,79.1,89,79.1
5744,0.25641303442,98,3,1,0,79.1,100,89,79.1,89,100,79.1,70.19,89,79.1,89,79.1
5745,0.256388032336,98,3,1,0,79.1,100,89,79.1,89,100,79.1,70.19,89,79.1,89,79.1
5746,0.256363030253,96,5,1,0,79.1,100,89,79.1,89,100,79.1,70.19,89,79.1,89,79.1
5747,0.256338028169,98,3,1,0,79.1,100,89,79.1,89,100,79.1,70.19,89,79.1,89,79.1
5748,0.256313026086,98,3,1,0,79.1,100,89,79.1,89,100,79.1,70.19,89,79.1,89,79.1
5749,0.256288024002,97,4,1,0,79.1,100,89,79.1,89,100,79.1,70.19,89,79.1,89,79.1
5750,0.256263021918,96,5,1,0,79.1,100,89,79.1,89,100,79.1,70.19,89,79.1,89,79.1
5751,0.256238019835,98,3,1,0,79.1,100,89,79.1,89,100,79.1,70.19,89,79.1,89,79.1
5752,0.256213017751,98,3,1,0,79.1,100,89,79.1,89,100,79.1,70.19,89,79.1,89,79.1
5753,0.256188015668,95,6,1,0,79.1,100,89,79.1,89,100,79.1,70.19,89,79.1,89,79.1
5754,0.256163013584,98,3,1,0,79.1,100,89,79.1,89,100,79.1,70.19,89,79.1,89,79.1
5755,0.256138011501,94,7,1,0,79.1,100,89,79.1,89,100,79.1,70.19,89,79.1,89,79.1
5756,0.256113009417,98,3,1,0,79.1,100,89,79.1,89,100,79.1,70.19,89,79.1,89,79.1
5757,0.256088007334,98,3,1,0,79.1,100,89,79.1,89,100,79.1,70.19,89,79.1,89,79.1
5758,0.25606300525,98,3,1,0,79.1,100,89,79.1,89,100,79.1,70.19,89,79.1,89,79.1
5759,0.256038003167,97,4,1,0,79.1,100,89,79.1,89,100,79.1,70.19,89,79.1,89,79.1
5760,0.256013001083,98,3,1,0,79.1,100,89,79.1,89,100,79.1,70.19,89,79.1,89,79.1
5761,0.255987999,97,4,1,0,79.1,100,89,79.1,89,100,79.1,70.19,89,79.1,89,79.1
5762,0.255962996916,98,3,1,0,79.1,100,89,79.1,89,100,79.1,70.19,89,79.1,89,79.1
5763,0.255937994833,98,3,1,0,79.1,100,89,79.1,89,100,79.1,70.19,89,79.1,89,79.1
5764,0.255912992749,94,7,1,0,79.1,100,89,79.1,89,100,79.1,70.19,89,79.1,89,79.1
5765,0.255887990666,96,5,1,0,79.1,100,89,79.1,89,100,79.1,70.19,89,79.1,89,79.1
5766,0.255862988582,94,7,1,0,79.1,100,89,79.1,89,100,79.1,70.19,89,79.1,89,79.1
5767,0.255837986499,98,3,1,0,79.1,100,89,79.1,89,100,79.1,70.19,89,79.1,89,79.1
5768,0.255812984415,98,3,1,0,79.1,100,89,79.1,89,100,79.1,70.19,89,79.1,89,79.1
5769,0.255787982332,98,3,1,0,79.1,100,89,79.1,89,100,79.1,70.19,89,79.1,89,79.1
5770,0.255762980248,98,3,1,0,79.1,100,89,79.1,89,100,79.1,70.19,89,79.1,89,79.1
5771,0.255737978165,98,3,1,0,79.1,100,89,79.1,89,100,79.1,70.19,89,79.1,89,79.1
5772,0.255712976081,98,3,1,0,79.1,100,89,79.1,89,100,79.1,70.19,89,79.1,89,79.1
5773,0.255687973998,98,3,1,0,79.1,100,89,79.1,89,100,79.1,70.19,89,79.1,89,79.1
5774,0.255662971914,96,5,1,0,79.1,100,89,79.1,89,100,79.1,70.19,89,79.1,89,79.1
5775,0.255637969831,98,3,1,0,79.1,100,89,79.1,89,100,79.1,70.19,89,79.1,89,79.1
5776,0.255612967747,98,3,1,0,79.1,100,89,79.1,89,100,79.1,70.19,89,79.1,89,79.1
5777,0.255587965664,98,3,1,0,79.1,100,89,79.1,89,100,79.1,70.19,89,79.1,89,79.1
5778,0.25556296358,98,3,1,0,79.1,100,89,79.1,89,100,79.1,70.19,89,79.1,89,79.1
5779,0.255537961497,98,3,1,0,79.1,100,89,79.1,89,100,79.1,70.19,89,79.1,89,79.1
5780,0.255512959413,98,3,1,0,79.1,100,89,79.1,89,100,79.1,70.19,89,79.1,89,79.1
5781,0.25548795733,98,3,1,0,79.1,100,89,79.1,89,100,79.1,70.19,89,79.1,89,79.1
5782,0.255462955246,98,3,1,0,79.1,100,89,79.1,89,100,79.1,70.19,89,79.1,89,79.1
5783,0.255437953163,98,3,1,0,79.1,100,89,79.1,89,100,79.1,70.19,89,79.1,89,79.1
5784,0.255412951079,98,3,1,0,79.1,100,89,79.1,89,100,79.1,70.19,89,79.1,89,79.1
5785,0.255387948996,98,3,1,0,79.1,100,89,79.1,89,100,79.1,70.19,89,79.1,89,79.1
5786,0.255362946912,98,3,1,0,79.1,100,89,79.1,89,100,79.1,70.19,89,79.1,89,79.1
5787,0.255337944829,98,3,1,0,79.1,100,89,79.1,89,100,79.1,70.19,89,79.1,89,79.1
5788,0.255312942745,98,3,1,0,79.1,100,89,79.1,89,100,79.1,70.19,89,79.1,89,79.1
5789,0.255287940662,96,5,1,0,79.1,100,89,79.1,89,100,79.1,70.19,89,79.1,89,79.1
5790,0.255262938578,96,5,1,0,79.1,100,89,79.1,89,100,79.1,70.19,89,79.1,89,79.1
5791,0.255237936495,98,3,1,0,79.1,100,89,79.1,89,100,79.1,70.19,89,79.1,89,79.1
5792,0.255212934411,98,3,1,0,79.1,100,89,79.1,89,100,79.1,70.19,89,79.1,89,79.1
5793,0.255187932328,98,3,1,0,79.1,100,89,79.1,89,100,79.1,70.19,89,79.1,89,79.1
5794,0.255162930244,98,3,1,0,79.1,100,89,79.1,89,100,79.1,70.19,89,79.1,89,79.1
5795,0.255137928161,96,5,1,0,79.1,100,89,79.1,89,100,79.1,70.19,89,79.1,89,79.1
5796,0.255112926077,98,3,1,0,79.1,100,89,79.1,89,100,79.1,70.19,89,79.1,89,79.1
5797,0.255087923994,98,3,1,0,79.1,100,89,79.1,89,100,79.1,70.19,89,79.1,89,79.1
5798,0.25506292191,98,3,1,0,79.1,100,89,79.1,89,100,79.1,70.19,89,79.1,89,79.1
5799,0.255037919827,96,5,1,0,79.1,100,89,79.1,89,100,79.1,70.19,89,79.1,89,79.1
5800,0.255012917743,98,3,1,0,79.1,100,89,79.1,89,100,79.1,70.19,89,79.1,89,79.1
5801,0.25498791566,98,3,1,0,79.1,100,89,79.1,89,100,79.1,70.19,89,79.1,89,79.1
5802,0.254962913576,94,7,1,0,79.1,100,89,79.1,89,100,79.1,70.19,89,79.1,89,79.1
5803,0.254937911493,96,5,1,0,79.1,100,89,79.1,89,100,79.1,70.19,89,79.1,89,79.1
5804,0.254912909409,96,5,1,0,79.1,100,89,79.1,89,100,79.1,70.19,89,79.1,89,79.1
5805,0.254887907326,98,3,1,0,79.1,100,89,79.1,89,100,79.1,70.19,89,79.1,89,79.1
5806,0.254862905242,98,3,1,0,79.1,100,89,79.1,89,100,79.1,70.19,89,79.1,89,79.1
5807,0.254837903159,98,3,1,0,79.1,100,89,79.1,89,100,79.1,70.19,89,79.1,89,79.1
5808,0.254812901075,95,6,1,0,79.1,100,89,79.1,89,100,79.1,70.19,89,79.1,89,79.1
5809,0.254787898992,98,3,1,0,79.1,100,89,79.1,89,100,79.1,70.19,89,79.1,89,79.1
5810,0.254762896908,98,3,1,0,79.1,100,89,79.1,89,100,79.1,70.19,89,79.1,89,79.1
5811,0.254737894825,97,4,1,0,79.1,100,89,79.1,89,100,79.1,70.19,89,79.1,89,79.1
5812,0.254712892741,98,3,1,0,79.1,100,89,79.1,89,100,79.1,70.19,89,79.1,89,79.1
5813,0.254687890658,98,3,1,0,79.1,100,89,79.1,89,100,79.1,70.19,89,79.1,89,79.1
5814,0.254662888574,98,3,1,0,79.1,100,89,79.1,89,100,79.1,70.19,89,79.1,89,79.1
5815,0.254637886491,98,3,1,0,79.1,100,89,79.1,89,100,79.1,70.19,89,79.1,89,79.1
5816,0.254612884407,98,3,1,0,79.1,100,89,79.1,89,100,79.1,70.19,89,79.1,89,79.1
5817,0.254587882324,96,5,1,0,79.1,100,89,79.1,89,100,79.1,70.19,89,79.1,89,79.1
5818,0.25456288024,96,5,1,0,79.1,100,89,79.1,89,100,79.1,70.19,89,79.1,89,79.1
5819,0.254537878157,97,4,1,0,79.1,100,89,79.1,89,100,79.1,70.19,89,79.1,89,79.1
5820,0.254512876073,97,4,1,0,79.1,100,89,79.1,89,100,79.1,70.19,89,79.1,89,79.1
5821,0.254487873989,98,3,1,0,79.1,100,89,79.1,89,100,79.1,70.19,89,79.1,89,79.1
5822,0.254462871906,96,5,1,0,79.1,100,89,79.1,89,100,79.1,70.19,89,79.1,89,79.1
5823,0.254437869822,96,5,1,0,79.1,100,89,79.1,89,100,79.1,70.19,89,79.1,89,79.1
5824,0.254412867739,98,3,1,0,79.1,100,89,79.1,89,100,79.1,70.19,89,79.1,89,79.1
5825,0.254387865655,98,3,1,0,79.1,100,89,79.1,89,100,79.1,70.19,89,79.1,89,79.1
5826,0.254362863572,98,3,1,0,79.1,100,89,79.1,89,100,79.1,70.19,89,79.1,89,79.1
5827,0.254337861488,98,3,1,0,79.1,100,89,79.1,89,100,79.1,70.19,89,79.1,89,79.1
5828,0.254312859405,94,7,1,0,79.1,100,89,79.1,89,100,79.1,70.19,89,79.1,89,79.1
5829,0.254287857321,98,3,1,0,79.1,100,89,79.1,89,100,79.1,70.19,89,79.1,89,79.1
5830,0.254262855238,98,3,1,0,79.1,100,89,79.1,89,100,79.1,70.19,89,79.1,89,79.1
5831,0.254237853154,98,3,1,0,79.1,100,89,79.1,89,100,79.1,70.19,89,79.1,89,79.1
5832,0.254212851071,98,3,1,0,79.1,100,89,79.1,89,100,79.1,70.19,89,79.1,89,79.1
5833,0.254187848987,97,4,1,0,79.1,100,89,79.1,89,100,79.1,70.19,89,79.1,89,79.1
5834,0.254162846904,98,3,1,0,79.1,100,89,79.1,89,100,79.1,70.19,89,79.1,89,79.1
5835,0.25413784482,98,3,1,0,79.1,100,89,79.1,89,100,79.1,70.19,89,79.1,89,79.1
5836,0.254112842737,96,5,1,0,79.1,100,89,79.1,89,100,79.1,70.19,89,79.1,89,79.1
5837,0.254087840653,98,3,1,0,79.1,100,89,79.1,89,100,79.1,70.19,89,79.1,89,79.1
5838,0.25406283857,98,3,1,0,79.1,100,89,79.1,89,100,79.1,70.19,89,79.1,89,79.1
5839,0.254037836486,95,6,1,0,79.1,100,89,79.1,89,100,79.1,70.19,89,79.1,89,79.1
5840,0.254012834403,98,3,1,0,79.1,100,89,79.1,89,100,79.1,70.19,89,79.1,89,79.1
5841,0.253987832319,98,3,1,0,79.1,100,89,79.1,89,100,79.1,70.19,89,79.1,89,79.1
5842,0.253962830236,97,4,1,0,79.1,100,89,79.1,89,100,79.1,70.19,89,79.1,89,79.1
5843,0.253937828152,98,3,1,0,79.1,100,89,79.1,89,100,79.1,70.19,89,79.1,89,79.1
5844,0.253912826069,94,7,1,0,79.1,100,89,79.1,89,100,79.1,70.19,89,79.1,89,79.1
5845,0.253887823985,98,3,1,0,79.1,100,89,79.1,89,100,79.1,70.19,89,79.1,89,79.1
5846,0.253862821902,98,3,1,0,79.1,100,89,79.1,89,100,79.1,70.19,89,79.1,89,79.1
5847,0.253837819818,98,3,1,0,79.1,100,89,79.1,89,100,79.1,70.19,89,79.1,89,79.1
5848,0.253812817735,98,3,1,0,79.1,100,89,79.1,89,100,79.1,70.19,89,79.1,89,79.1
5849,0.253787815651,96,5,1,0,79.1,100,89,79.1,89,100,79.1,70.19,89,79.1,89,79.1
5850,0.253762813568,96,5,1,0,79.1,100,89,79.1,89,100,79.1,70.19,89,79.1,89,79.1
5851,0.253737811484,98,3,1,0,79.1,100,89,79.1,89,100,79.1,70.19,89,79.1,89,79.1
5852,0.253712809401,98,3,1,0,79.1,100,89,79.1,89,100,79.1,70.19,89,79.1,89,79.1
5853,0.253687807317,98,3,1,0,79.1,100,89,79.1,89,100,79.1,70.19,89,79.1,89,79.1
5854,0.253662805234,95,6,1,0,79.1,100,89,79.1,89,100,79.1,70.19,89,79.1,89,79.1
5855,0.25363780315,98,3,1,0,79.1,100,89,79.1,89,100,79.1,70.19,89,79.1,89,79.1
5856,0.253612801067,98,3,1,0,79.1,100,89,79.1,89,100,79.1,70.19,89,79.1,89,79.1
5857,0.253587798983,98,3,1,0,79.1,100,89,79.1,89,100,79.1,70.19,89,79.1,89,79.1
5858,0.2535627969,98,3,1,0,79.1,100,89,79.1,89,100,79.1,70.19,89,79.1,89,79.1
5859,0.253537794816,98,3,1,0,79.1,100,89,79.1,89,100,79.1,70.19,89,79.1,89,79.1
5860,0.253512792733,98,3,1,0,79.1,100,89,79.1,89,100,79.1,70.19,89,79.1,89,79.1
5861,0.253487790649,98,3,1,0,79.1,100,89,79.1,89,100,79.1,70.19,89,79.1,89,79.1
5862,0.253462788566,98,3,1,0,79.1,100,89,79.1,89,100,79.1,70.19,89,79.1,89,79.1
5863,0.253437786482,98,3,1,0,79.1,100,89,79.1,89,100,79.1,70.19,89,79.1,89,79.1
5864,0.253412784399,98,3,1,0,79.1,100,89,79.1,89,100,79.1,70.19,89,79.1,89,79.1
5865,0.253387782315,97,4,1,0,79.1,100,89,79.1,89,100,79.1,70.19,89,79.1,89,79.1
5866,0.253362780232,98,3,1,0,79.1,100,89,79.1,89,100,79.1,70.19,89,79.1,89,79.1
5867,0.253337778148,98,3,1,0,79.1,100,89,79.1,89,100,79.1,70.19,89,79.1,89,79.1
5868,0.253312776065,97,4,1,0,79.1,100,89,79.1,89,100,79.1,70.19,89,79.1,89,79.1
5869,0.253287773981,96,5,1,0,79.1,100,89,79.1,89,100,79.1,70.19,89,79.1,89,79.1
5870,0.253262771898,96,5,1,0,79.1,100,89,79.1,89,100,79.1,70.19,89,79.1,89,79.1
5871,0.253237769814,96,5,1,0,79.1,100,89,79.1,89,100,79.1,70.19,89,79.1,89,79.1
5872,0.253212767731,98,3,1,0,79.1,100,89,79.1,89,100,79.1,70.19,89,79.1,89,79.1
5873,0.253187765647,97,4,1,0,79.1,100,89,79.1,89,100,79.1,70.19,89,79.1,89,79.1
5874,0.253162763564,98,3,1,0,79.1,100,89,79.1,89,100,79.1,70.19,89,79.1,89,79.1
5875,0.25313776148,98,3,1,0,79.1,100,89,79.1,89,100,79.1,70.19,89,79.1,89,79.1
5876,0.253112759397,98,3,1,0,79.1,100,89,79.1,89,100,79.1,70.19,89,79.1,89,79.1
5877,0.253087757313,97,4,1,0,79.1,100,89,79.1,89,100,79.1,70.19,89,79.1,89,79.1
5878,0.25306275523,98,3,1,0,79.1,100,89,79.1,89,100,79.1,70.19,89,79.1,89,79.1
5879,0.253037753146,98,3,1,0,79.1,100,89,79.1,89,100,79.1,70.19,89,79.1,89,79.1
5880,0.253012751063,98,3,1,0,79.1,100,89,79.1,89,100,79.1,70.19,89,79.1,89,79.1
5881,0.252987748979,98,3,1,0,79.1,100,89,79.1,89,100,79.1,70.19,89,79.1,89,79.1
5882,0.252962746896,98,3,1,0,79.1,100,89,79.1,89,100,79.1,70.19,89,79.1,89,79.1
5883,0.252937744812,95,6,1,0,79.1,100,89,79.1,89,100,79.1,70.19,89,79.1,89,79.1
5884,0.252912742729,98,3,1,0,79.1,100,89,79.1,89,100,79.1,70.19,89,79.1,89,79.1
5885,0.252887740645,98,3,1,0,79.1,100,89,79.1,89,100,79.1,70.19,89,79.1,89,79.1
5886,0.252862738562,98,3,1,0,79.1,100,89,79.1,89,100,79.1,70.19,89,79.1,89,79.1
5887,0.252837736478,98,3,1,0,79.1,100,89,79.1,89,100,79.1,70.19,89,79.1,89,79.1
5888,0.252812734395,98,3,1,0,79.1,100,89,79.1,89,100,79.1,70.19,89,79.1,89,79.1
5889,0.252787732311,98,3,1,0,79.1,100,89,79.1,89,100,79.1,70.19,89,79.1,89,79.1
5890,0.252762730228,98,3,1,0,79.1,100,89,79.1,89,100,79.1,70.19,89,79.1,89,79.1
5891,0.252737728144,98,3,1,0,79.1,100,89,79.1,89,100,79.1,70.19,89,79.1,89,79.1
5892,0.252712726061,97,4,1,0,79.1,100,89,79.1,89,100,79.1,70.19,89,79.1,89,79.1
5893,0.252687723977,98,3,1,0,79.1,100,89,79.1,89,100,79.1,70.19,89,79.1,89,79.1
5894,0.252662721893,96,5,1,0,79.1,100,89,79.1,89,100,79.1,70.19,89,79.1,89,79.1
5895,0.25263771981,98,3,1,0,79.1,100,89,79.1,89,100,79.1,70.19,89,79.1,89,79.1
5896,0.252612717726,98,3,1,0,79.1,100,89,79.1,89,100,79.1,70.19,89,79.1,89,79.1
5897,0.252587715643,97,4,1,0,79.1,100,89,79.1,89,100,79.1,70.19,89,79.1,89,79.1
5898,0.252562713559,98,3,1,0,79.1,100,89,79.1,89,100,79.1,70.19,89,79.1,89,79.1
5899,0.252537711476,98,3,1,0,79.1,100,89,79.1,89,100,79.1,70.19,89,79.1,89,79.1
5900,0.252512709392,98,3,1,0,79.1,100,89,79.1,89,100,79.1,70.19,89,79.1,89,79.1
5901,0.252487707309,98,3,1,0,79.1,100,89,79.1,89,100,79.1,70.19,89,79.1,89,79.1
5902,0.252462705225,98,3,1,0,79.1,100,89,79.1,89,100,79.1,70.19,89,79.1,89,79.1
5903,0.252437703142,94,7,1,0,79.1,100,89,79.1,89,100,79.1,70.19,89,79.1,89,79.1
5904,0.252412701058,96,5,1,0,79.1,100,89,79.1,89,100,79.1,70.19,89,79.1,89,79.1
5905,0.252387698975,98,3,1,0,79.1,100,89,79.1,89,100,79.1,70.19,89,79.1,89,79.1
5906,0.252362696891,98,3,1,0,79.1,100,89,79.1,89,100,79.1,70.19,89,79.1,89,79.1
5907,0.252337694808,98,3,1,0,79.1,100,89,79.1,89,100,79.1,70.19,89,79.1,89,79.1
5908,0.252312692724,98,3,1,0,79.1,100,89,79.1,89,100,79.1,70.19,89,79.1,89,79.1
5909,0.252287690641,98,3,1,0,79.1,100,89,79.1,89,100,79.1,70.19,89,79.1,89,79.1
5910,0.252262688557,98,3,1,0,79.1,100,89,79.1,89,100,79.1,70.19,89,79.1,89,79.1
5911,0.252237686474,98,3,1,0,79.1,100,89,79.1,89,100,79.1,70.19,89,79.1,89,79.1
5912,0.25221268439,98,3,1,0,79.1,100,89,79.1,89,100,79.1,70.19,89,79.1,89,79.1
5913,0.252187682307,98,3,1,0,79.1,100,89,79.1,89,100,79.1,70.19,89,79.1,89,79.1
5914,0.252162680223,98,3,1,0,79.1,100,89,79.1,89,100,79.1,70.19,89,79.1,89,79.1
5915,0.25213767814,96,5,1,0,79.1,100,89,79.1,89,100,79.1,70.19,89,79.1,89,79.1
5916,0.252112676056,98,3,1,0,79.1,100,89,79.1,89,100,79.1,70.19,89,79.1,89,79.1
5917,0.252087673973,98,3,1,0,79.1,100,89,79.1,89,100,79.1,70.19,89,79.1,89,79.1
5918,0.252062671889,98,3,1,0,79.1,100,89,79.1,89,100,79.1,70.19,89,79.1,89,79.1
5919,0.252037669806,97,4,1,0,79.1,100,89,79.1,89,100,79.1,70.19,89,79.1,89,79.1
5920,0.252012667722,98,3,1,0,79.1,100,89,79.1,89,100,79.1,70.19,89,79.1,89,79.1
5921,0.251987665639,98,3,1,0,79.1,100,89,79.1,89,100,79.1,70.19,89,79.1,89,79.1
5922,0.251962663555,98,3,1,0,79.1,100,89,79.1,89,100,79.1,70.19,89,79.1,89,79.1
5923,0.251937661472,98,3,1,0,79.1,100,89,79.1,89,100,79.1,70.19,89,79.1,89,79.1
5924,0.251912659388,98,3,1,0,79.1,100,89,79.1,89,100,79.1,70.19,89,79.1,89,79.1
5925,0.251887657305,97,4,1,0,79.1,100,89,79.1,89,100,79.1,70.19,89,79.1,89,79.1
5926,0.251862655221,98,3,1,0,79.1,100,89,79.1,89,100,79.1,70.19,89,79.1,89,79.1
5927,0.251837653138,98,3,1,0,79.1,100,89,79.1,89,100,79.1,70.19,89,79.1,89,79.1
5928,0.251812651054,95,6,1,0,79.1,100,89,79.1,89,100,79.1,70.19,89,79.1,89,79.1
5929,0.251787648971,95,6,1,0,79.1,100,89,79.1,89,100,79.1,70.19,89,79.1,89,79.1
5930,0.251762646887,95,6,1,0,79.1,100,89,79.1,89,100,79.1,70.19,89,79.1,89,79.1
5931,0.251737644804,96,5,1,0,79.1,100,89,79.1,89,100,79.1,70.19,89,79.1,89,79.1
5932,0.25171264272,96,5,1,0,79.1,100,89,79.1,89,100,79.1,70.19,89,79.1,89,79.1
5933,0.251687640637,97,4,1,0,79.1,100,89,79.1,89,100,79.1,70.19,89,79.1,89,79.1
5934,0.251662638553,98,3,1,0,79.1,100,89,79.1,89,100,79.1,70.19,89,79.1,89,79.1
5935,0.25163763647,98,3,1,0,79.1,100,89,79.1,89,100,79.1,70.19,89,79.1,89,79.1
5936,0.251612634386,98,3,1,0,79.1,100,89,79.1,89,100,79.1,70.19,89,79.1,89,79.1
5937,0.251587632303,98,3,1,0,79.1,100,89,79.1,89,100,79.1,70.19,89,79.1,89,79.1
5938,0.251562630219,98,3,1,0,79.1,100,89,79.1,89,100,79.1,70.19,89,79.1,89,79.1
5939,0.251537628136,98,3,1,0,79.1,100,89,79.1,89,100,79.1,70.19,89,79.1,89,79.1
5940,0.251512626052,98,3,1,0,79.1,100,89,79.1,89,100,79.1,70.19,89,79.1,89,79.1
5941,0.251487623969,98,3,1,0,79.1,100,89,79.1,89,100,79.1,70.19,89,79.1,89,79.1
5942,0.251462621885,98,3,1,0,79.1,100,89,79.1,89,100,79.1,70.19,89,79.1,89,79.1
5943,0.251437619802,93,8,1,0,79.1,100,89,79.1,89,100,79.1,70.19,89,79.1,89,79.1
5944,0.251412617718,98,3,1,0,79.1,100,89,79.1,89,100,79.1,70.19,89,79.1,89,79.1
5945,0.251387615635,98,3,1,0,79.1,100,89,79.1,89,100,79.1,70.19,89,79.1,89,79.1
5946,0.251362613551,98,3,1,0,79.1,100,89,79.1,89,100,79.1,70.19,89,79.1,89,79.1
5947,0.251337611468,98,3,1,0,79.1,100,89,79.1,89,100,79.1,70.19,89,79.1,89,79.1
5948,0.251312609384,97,4,1,0,79.1,100,89,79.1,89,100,79.1,70.19,89,79.1,89,79.1
5949,0.251287607301,98,3,1,0,79.1,100,89,79.1,89,100,79.1,70.19,89,79.1,89,79.1
5950,0.251262605217,96,5,1,0,79.1,100,89,79.1,89,100,79.1,70.19,89,79.1,89,79.1
5951,0.251237603134,98,3,1,0,79.1,100,89,79.1,89,100,79.1,70.19,89,79.1,89,79.1
5952,0.25121260105,98,3,1,0,79.1,100,89,79.1,89,100,79.1,70.19,89,79.1,89,79.1
5953,0.251187598967,94,7,1,0,79.1,100,89,79.1,89,100,79.1,70.19,89,79.1,89,79.1
5954,0.251162596883,98,3,1,0,79.1,100,89,79.1,89,100,79.1,70.19,89,79.1,89,79.1
5955,0.2511375948,98,3,1,0,79.1,100,89,79.1,89,100,79.1,70.19,89,79.1,89,79.1
5956,0.251112592716,98,3,1,0,79.1,100,89,79.1,89,100,79.1,70.19,89,79.1,89,79.1
5957,0.251087590633,98,3,1,0,79.1,100,89,79.1,89,100,79.1,70.19,89,79.1,89,79.1
5958,0.251062588549,98,3,1,0,79.1,100,89,79.1,89,100,79.1,70.19,89,79.1,89,79.1
5959,0.251037586466,98,3,1,0,79.1,100,89,79.1,89,100,79.1,70.19,89,79.1,89,79.1
5960,0.251012584382,96,5,1,0,79.1,100,89,79.1,89,100,79.1,70.19,89,79.1,89,79.1
5961,0.250987582299,98,3,1,0,79.1,100,89,79.1,89,100,79.1,70.19,89,79.1,89,79.1
5962,0.250962580215,93,8,1,0,79.1,100,89,79.1,89,100,79.1,70.19,89,79.1,89,79.1
5963,0.250937578132,96,5,1,0,79.1,100,89,79.1,89,100,79.1,70.19,89,79.1,89,79.1
5964,0.250912576048,98,3,1,0,79.1,100,89,79.1,89,100,79.1,70.19,89,79.1,89,79.1
5965,0.250887573964,94,7,1,0,79.1,100,89,79.1,89,100,79.1,70.19,89,79.1,89,79.1
5966,0.250862571881,96,5,1,0,79.1,100,89,79.1,89,100,79.1,70.19,89,79.1,89,79.1
5967,0.250837569797,98,3,1,0,79.1,100,89,79.1,89,100,79.1,70.19,89,79.1,89,79.1
5968,0.250812567714,98,3,1,0,79.1,100,89,79.1,89,100,79.1,70.19,89,79.1,89,79.1
5969,0.25078756563,98,3,1,0,79.1,100,89,79.1,89,100,79.1,70.19,89,79.1,89,79.1
5970,0.250762563547,97,4,1,0,79.1,100,89,79.1,89,100,79.1,70.19,89,79.1,89,79.1
5971,0.250737561463,96,5,1,0,79.1,100,89,79.1,89,100,79.1,70.19,89,79.1,89,79.1
5972,0.25071255938,98,3,1,0,79.1,100,89,79.1,89,100,79.1,70.19,89,79.1,89,79.1
5973,0.250687557296,98,3,1,0,79.1,100,89,79.1,89,100,79.1,70.19,89,79.1,89,79.1
5974,0.250662555213,97,4,1,0,79.1,100,89,79.1,89,100,79.1,70.19,89,79.1,89,79.1
5975,0.250637553129,98,3,1,0,79.1,100,89,79.1,89,100,79.1,70.19,89,79.1,89,79.1
5976,0.250612551046,98,3,1,0,79.1,100,89,79.1,89,100,79.1,70.19,89,79.1,89,79.1
5977,0.250587548962,98,3,1,0,79.1,100,89,79.1,89,100,79.1,70.19,89,79.1,89,79.1
5978,0.250562546879,96,5,1,0,79.1,100,89,79.1,89,100,79.1,70.19,89,79.1,89,79.1
5979,0.250537544795,98,3,1,0,79.1,100,89,79.1,89,100,79.1,70.19,89,79.1,89,79.1
5980,0.250512542712,95,6,1,0,79.1,100,89,79.1,89,100,79.1,70.19,89,79.1,89,79.1
5981,0.250487540628,98,3,1,0,79.1,100,89,79.1,89,100,79.1,70.19,89,79.1,89,79.1
5982,0.250462538545,98,3,1,0,79.1,100,89,79.1,89,100,79.1,70.19,89,79.1,89,79.1
5983,0.250437536461,98,3,1,0,79.1,100,89,79.1,89,100,79.1,70.19,89,79.1,89,79.1
5984,0.250412534378,98,3,1,0,79.1,100,89,79.1,89,100,79.1,70.19,89,79.1,89,79.1
5985,0.250387532294,98,3,1,0,79.1,100,89,79.1,89,100,79.1,70.19,89,79.1,89,79.1
5986,0.250362530211,97,4,1,0,79.1,100,89,79.1,89,100,79.1,70.19,89,79.1,89,79.1
5987,0.250337528127,98,3,1,0,79.1,100,89,79.1,89,100,79.1,70.19,89,79.1,89,79.1
5988,0.250312526044,98,3,1,0,79.1,100,89,79.1,89,100,79.1,70.19,89,79.1,89,79.1
5989,0.25028752396,98,3,1,0,79.1,100,89,79.1,89,100,79.1,70.19,89,79.1,89,79.1
5990,0.250262521877,96,5,1,0,79.1,100,89,79.1,89,100,79.1,70.19,89,79.1,89,79.1
5991,0.250237519793,95,6,1,0,79.1,100,89,79.1,89,100,79.1,70.19,89,79.1,89,79.1
5992,0.25021251771,98,3,1,0,79.1,100,89,79.1,89,100,79.1,70.19,89,79.1,89,79.1
5993,0.250187515626,98,3,1,0,79.1,100,89,79.1,89,100,79.1,70.19,89,79.1,89,79.1
5994,0.250162513543,98,3,1,0,79.1,100,89,79.1,89,100,79.1,70.19,89,79.1,89,79.1
5995,0.250137511459,98,3,1,0,79.1,100,89,79.1,89,100,79.1,70.19,89,79.1,89,79.1
5996,0.250112509376,97,4,1,0,79.1,100,89,79.1,89,100,79.1,70.19,89,79.1,89,79.1
5997,0.250087507292,98,3,1,0,79.1,100,89,79.1,89,100,79.1,70.19,89,79.1,89,79.1
5998,0.250062505209,98,3,1,0,79.1,100,89,79.1,89,100,79.1,70.19,89,79.1,89,79.1
5999,0.250037503125,98,3,1,0,79.1,100,89,79.1,89,100,79.1,70.19,89,79.1,89,79.1
6000,0.250012501042,98,3,1,0,79.1,100,89,79.1,89,100,79.1,70.19,89,79.1,89,79.1
6001,0.249987498958,98,3,1,0,79.1,100,89,79.1,89,100,79.1,70.19,89,79.1,89,79.1
6002,0.249962496875,98,3,1,0,79.1,100,89,79.1,89,100,79.1,70.19,89,79.1,89,79.1
6003,0.249937494791,98,3,1,0,79.1,100,89,79.1,89,100,79.1,70.19,89,79.1,89,79.1
6004,0.249912492708,98,3,1,0,79.1,100,89,79.1,89,100,79.1,70.19,89,79.1,89,79.1
6005,0.249887490624,97,4,1,0,79.1,100,89,79.1,89,100,79.1,70.19,89,79.1,89,79.1
6006,0.249862488541,98,3,1,0,79.1,100,89,79.1,89,100,79.1,70.19,89,79.1,89,79.1
6007,0.249837486457,98,3,1,0,79.1,100,89,79.1,89,100,79.1,70.19,89,79.1,89,79.1
6008,0.249812484374,98,3,1,0,79.1,100,89,79.1,89,100,79.1,70.19,89,79.1,89,79.1
6009,0.24978748229,98,3,1,0,79.1,100,89,79.1,89,100,79.1,70.19,89,79.1,89,79.1
6010,0.249762480207,98,3,1,0,79.1,100,89,79.1,89,100,79.1,70.19,89,79.1,89,79.1
6011,0.249737478123,98,3,1,0,79.1,100,89,79.1,89,100,79.1,70.19,89,79.1,89,79.1
6012,0.24971247604,98,3,1,0,79.1,100,89,79.1,89,100,79.1,70.19,89,79.1,89,79.1
6013,0.249687473956,96,5,1,0,79.1,100,89,79.1,89,100,79.1,70.19,89,79.1,89,79.1
6014,0.249662471873,98,3,1,0,79.1,100,89,79.1,89,100,79.1,70.19,89,79.1,89,79.1
6015,0.249637469789,98,3,1,0,79.1,100,89,79.1,89,100,79.1,70.19,89,79.1,89,79.1
6016,0.249612467706,98,3,1,0,79.1,100,89,79.1,89,100,79.1,70.19,89,79.1,89,79.1
6017,0.249587465622,98,3,1,0,79.1,100,89,79.1,89,100,79.1,70.19,89,79.1,89,79.1
6018,0.249562463539,91,10,1,0,79.1,100,89,79.1,89,100,79.1,70.19,89,79.1,89,79.1
6019,0.249537461455,98,3,1,0,79.1,100,89,79.1,89,100,79.1,70.19,89,79.1,89,79.1
6020,0.249512459372,94,7,1,0,79.1,100,89,79.1,89,100,79.1,70.19,89,79.1,89,79.1
6021,0.249487457288,96,5,1,0,79.1,100,89,79.1,89,100,79.1,70.19,89,79.1,89,79.1
6022,0.249462455205,98,3,1,0,79.1,100,89,79.1,89,100,79.1,70.19,89,79.1,89,79.1
6023,0.249437453121,97,4,1,0,79.1,100,89,79.1,89,100,79.1,70.19,89,79.1,89,79.1
6024,0.249412451038,98,3,1,0,79.1,100,89,79.1,89,100,79.1,70.19,89,79.1,89,79.1
6025,0.249387448954,98,3,1,0,79.1,100,89,79.1,89,100,79.1,70.19,89,79.1,89,79.1
6026,0.249362446871,98,3,1,0,79.1,100,89,79.1,89,100,79.1,70.19,89,79.1,89,79.1
6027,0.249337444787,98,3,1,0,79.1,100,89,79.1,89,100,79.1,70.19,89,79.1,89,79.1
6028,0.249312442704,98,3,1,0,79.1,100,89,79.1,89,100,79.1,70.19,89,79.1,89,79.1
6029,0.24928744062,97,4,1,0,79.1,100,89,79.1,89,100,79.1,70.19,89,79.1,89,79.1
6030,0.249262438537,98,3,1,0,79.1,100,89,79.1,89,100,79.1,70.19,89,79.1,89,79.1
6031,0.249237436453,98,3,1,0,79.1,100,89,79.1,89,100,79.1,70.19,89,79.1,89,79.1
6032,0.24921243437,98,3,1,0,79.1,100,89,79.1,89,100,79.1,70.19,89,79.1,89,79.1
6033,0.249187432286,98,3,1,0,79.1,100,89,79.1,89,100,79.1,70.19,89,79.1,89,79.1
6034,0.249162430203,98,3,1,0,79.1,100,89,79.1,89,100,79.1,70.19,89,79.1,89,79.1
6035,0.249137428119,98,3,1,0,79.1,100,89,79.1,89,100,79.1,70.19,89,79.1,89,79.1
6036,0.249112426036,98,3,1,0,79.1,100,89,79.1,89,100,79.1,70.19,89,79.1,89,79.1
6037,0.249087423952,96,5,1,0,79.1,100,89,79.1,89,100,79.1,70.19,89,79.1,89,79.1
6038,0.249062421868,94,7,1,0,79.1,100,89,79.1,89,100,79.1,70.19,89,79.1,89,79.1
6039,0.249037419785,96,5,1,0,79.1,100,89,79.1,89,100,79.1,70.19,89,79.1,89,79.1
6040,0.249012417701,98,3,1,0,79.1,100,89,79.1,89,100,79.1,70.19,89,79.1,89,79.1
6041,0.248987415618,98,3,1,0,79.1,100,89,79.1,89,100,79.1,70.19,89,79.1,89,79.1
6042,0.248962413534,98,3,1,0,79.1,100,89,79.1,89,100,79.1,70.19,89,79.1,89,79.1
6043,0.248937411451,98,3,1,0,79.1,100,89,79.1,89,100,79.1,70.19,89,79.1,89,79.1
6044,0.248912409367,98,3,1,0,79.1,100,89,79.1,89,100,79.1,70.19,89,79.1,89,79.1
6045,0.248887407284,97,4,1,0,79.1,100,89,79.1,89,100,79.1,70.19,89,79.1,89,79.1
6046,0.2488624052,98,3,1,0,79.1,100,89,79.1,89,100,79.1,70.19,89,79.1,89,79.1
6047,0.248837403117,98,3,1,0,79.1,100,89,79.1,89,100,79.1,70.19,89,79.1,89,79.1
6048,0.248812401033,96,5,1,0,79.1,100,89,79.1,89,100,79.1,70.19,89,79.1,89,79.1
6049,0.24878739895,98,3,1,0,79.1,100,89,79.1,89,100,79.1,70.19,89,79.1,89,79.1
6050,0.248762396866,96,5,1,0,79.1,100,89,79.1,89,100,79.1,70.19,89,79.1,89,79.1
6051,0.248737394783,96,5,1,0,79.1,100,89,79.1,89,100,79.1,70.19,89,79.1,89,79.1
6052,0.248712392699,98,3,1,0,79.1,100,89,79.1,89,100,79.1,70.19,89,79.1,89,79.1
6053,0.248687390616,98,3,1,0,79.1,100,89,79.1,89,100,79.1,70.19,89,79.1,89,79.1
6054,0.248662388532,98,3,1,0,79.1,100,89,79.1,89,100,79.1,70.19,89,79.1,89,79.1
6055,0.248637386449,94,7,1,0,79.1,100,89,79.1,89,100,79.1,70.19,89,79.1,89,79.1
6056,0.248612384365,98,3,1,0,79.1,100,89,79.1,89,100,79.1,70.19,89,79.1,89,79.1
6057,0.248587382282,98,3,1,0,79.1,100,89,79.1,89,100,79.1,70.19,89,79.1,89,79.1
6058,0.248562380198,98,3,1,0,79.1,100,89,79.1,89,100,79.1,70.19,89,79.1,89,79.1
6059,0.248537378115,98,3,1,0,79.1,100,89,79.1,89,100,79.1,70.19,89,79.1,89,79.1
6060,0.248512376031,98,3,1,0,79.1,100,89,79.1,89,100,79.1,70.19,89,79.1,89,79.1
6061,0.248487373948,98,3,1,0,79.1,100,89,79.1,89,100,79.1,70.19,89,79.1,89,79.1
6062,0.248462371864,98,3,1,0,79.1,100,89,79.1,89,100,79.1,70.19,89,79.1,89,79.1
6063,0.248437369781,94,7,1,0,79.1,100,89,79.1,89,100,79.1,70.19,89,79.1,89,79.1
6064,0.248412367697,98,3,1,0,79.1,100,89,79.1,89,100,79.1,70.19,89,79.1,89,79.1
6065,0.248387365614,98,3,1,0,79.1,100,89,79.1,89,100,79.1,70.19,89,79.1,89,79.1
6066,0.24836236353,98,3,1,0,79.1,100,89,79.1,89,100,79.1,70.19,89,79.1,89,79.1
6067,0.248337361447,98,3,1,0,79.1,100,89,79.1,89,100,79.1,70.19,89,79.1,89,79.1
6068,0.248312359363,98,3,1,0,79.1,100,89,79.1,89,100,79.1,70.19,89,79.1,89,79.1
6069,0.24828735728,98,3,1,0,79.1,100,89,79.1,89,100,79.1,70.19,89,79.1,89,79.1
6070,0.248262355196,98,3,1,0,79.1,100,89,79.1,89,100,79.1,70.19,89,79.1,89,79.1
6071,0.248237353113,98,3,1,0,79.1,100,89,79.1,89,100,79.1,70.19,89,79.1,89,79.1
6072,0.248212351029,97,4,1,0,79.1,100,89,79.1,89,100,79.1,70.19,89,79.1,89,79.1
6073,0.248187348946,97,4,1,0,79.1,100,89,79.1,89,100,79.1,70.19,89,79.1,89,79.1
6074,0.248162346862,98,3,1,0,79.1,100,89,79.1,89,100,79.1,70.19,89,79.1,89,79.1
6075,0.248137344779,98,3,1,0,79.1,100,89,79.1,89,100,79.1,70.19,89,79.1,89,79.1
6076,0.248112342695,98,3,1,0,79.1,100,89,79.1,89,100,79.1,70.19,89,79.1,89,79.1
6077,0.248087340612,98,3,1,0,79.1,100,89,79.1,89,100,79.1,70.19,89,79.1,89,79.1
6078,0.248062338528,98,3,1,0,79.1,100,89,79.1,89,100,79.1,70.19,89,79.1,89,79.1
6079,0.248037336445,94,7,1,0,79.1,100,89,79.1,89,100,79.1,70.19,89,79.1,89,79.1
6080,0.248012334361,98,3,1,0,79.1,100,89,79.1,89,100,79.1,70.19,89,79.1,89,79.1
6081,0.247987332278,96,5,1,0,79.1,100,89,79.1,89,100,79.1,70.19,89,79.1,89,79.1
6082,0.247962330194,97,4,1,0,79.1,100,89,79.1,89,100,79.1,70.19,89,79.1,89,79.1
6083,0.247937328111,97,4,1,0,79.1,100,89,79.1,89,100,79.1,70.19,89,79.1,89,79.1
6084,0.247912326027,97,4,1,0,79.1,100,89,79.1,89,100,79.1,70.19,89,79.1,89,79.1
6085,0.247887323944,97,4,1,0,79.1,100,89,79.1,89,100,79.1,70.19,89,79.1,89,79.1
6086,0.24786232186,98,3,1,0,79.1,100,89,79.1,89,100,79.1,70.19,89,79.1,89,79.1
6087,0.247837319777,97,4,1,0,79.1,100,89,79.1,89,100,79.1,70.19,89,79.1,89,79.1
6088,0.247812317693,98,3,1,0,79.1,100,89,79.1,89,100,79.1,70.19,89,79.1,89,79.1
6089,0.24778731561,98,3,1,0,79.1,100,89,79.1,89,100,79.1,70.19,89,79.1,89,79.1
6090,0.247762313526,95,6,1,0,79.1,100,89,79.1,89,100,79.1,70.19,89,79.1,89,79.1
6091,0.247737311443,98,3,1,0,79.1,100,89,79.1,89,100,79.1,70.19,89,79.1,89,79.1
6092,0.247712309359,98,3,1,0,79.1,100,89,79.1,89,100,79.1,70.19,89,79.1,89,79.1
6093,0.247687307276,98,3,1,0,79.1,100,89,79.1,89,100,79.1,70.19,89,79.1,89,79.1
6094,0.247662305192,96,5,1,0,79.1,100,89,79.1,89,100,79.1,70.19,89,79.1,89,79.1
6095,0.247637303109,98,3,1,0,79.1,100,89,79.1,89,100,79.1,70.19,89,79.1,89,79.1
6096,0.247612301025,98,3,1,0,79.1,100,89,79.1,89,100,79.1,70.19,89,79.1,89,79.1
6097,0.247587298942,96,5,1,0,79.1,100,89,79.1,89,100,79.1,70.19,89,79.1,89,79.1
6098,0.247562296858,98,3,1,0,79.1,100,89,79.1,89,100,79.1,70.19,89,79.1,89,79.1
6099,0.247537294775,96,5,1,0,79.1,100,89,79.1,89,100,79.1,70.19,89,79.1,89,79.1
6100,0.247512292691,96,5,1,0,79.1,100,89,79.1,89,100,79.1,70.19,89,79.1,89,79.1
6101,0.247487290608,98,3,1,0,79.1,100,89,79.1,89,100,79.1,70.19,89,79.1,89,79.1
6102,0.247462288524,98,3,1,0,79.1,100,89,79.1,89,100,79.1,70.19,89,79.1,89,79.1
6103,0.247437286441,98,3,1,0,79.1,100,89,79.1,89,100,79.1,70.19,89,79.1,89,79.1
6104,0.247412284357,98,3,1,0,79.1,100,89,79.1,89,100,79.1,70.19,89,79.1,89,79.1
6105,0.247387282274,98,3,1,0,79.1,100,89,79.1,89,100,79.1,70.19,89,79.1,89,79.1
6106,0.24736228019,98,3,1,0,79.1,100,89,79.1,89,100,79.1,70.19,89,79.1,89,79.1
6107,0.247337278107,98,3,1,0,79.1,100,89,79.1,89,100,79.1,70.19,89,79.1,89,79.1
6108,0.247312276023,98,3,1,0,79.1,100,89,79.1,89,100,79.1,70.19,89,79.1,89,79.1
6109,0.247287273939,96,5,1,0,79.1,100,89,79.1,89,100,79.1,70.19,89,79.1,89,79.1
6110,0.247262271856,98,3,1,0,79.1,100,89,79.1,89,100,79.1,70.19,89,79.1,89,79.1
6111,0.247237269772,98,3,1,0,79.1,100,89,79.1,89,100,79.1,70.19,89,79.1,89,79.1
6112,0.247212267689,94,7,1,0,79.1,100,89,79.1,89,100,79.1,70.19,89,79.1,89,79.1
6113,0.247187265605,98,3,1,0,79.1,100,89,79.1,89,100,79.1,70.19,89,79.1,89,79.1
6114,0.247162263522,98,3,1,0,79.1,100,89,79.1,89,100,79.1,70.19,89,79.1,89,79.1
6115,0.247137261438,98,3,1,0,79.1,100,89,79.1,89,100,79.1,70.19,89,79.1,89,79.1
6116,0.247112259355,97,4,1,0,79.1,100,89,79.1,89,100,79.1,70.19,89,79.1,89,79.1
6117,0.247087257271,93,8,1,0,79.1,100,89,79.1,89,100,79.1,70.19,89,79.1,89,79.1
6118,0.247062255188,98,3,1,0,79.1,100,89,79.1,89,100,79.1,70.19,89,79.1,89,79.1
6119,0.247037253104,98,3,1,0,79.1,100,89,79.1,89,100,79.1,70.19,89,79.1,89,79.1
6120,0.247012251021,96,5,1,0,79.1,100,89,79.1,89,100,79.1,70.19,89,79.1,89,79.1
6121,0.246987248937,98,3,1,0,79.1,100,89,79.1,89,100,79.1,70.19,89,79.1,89,79.1
6122,0.246962246854,98,3,1,0,79.1,100,89,79.1,89,100,79.1,70.19,89,79.1,89,79.1
6123,0.24693724477,98,3,1,0,79.1,100,89,79.1,89,100,79.1,70.19,89,79.1,89,79.1
6124,0.246912242687,97,4,1,0,79.1,100,89,79.1,89,100,79.1,70.19,89,79.1,89,79.1
6125,0.246887240603,97,4,1,0,79.1,100,89,79.1,89,100,79.1,70.19,89,79.1,89,79.1
6126,0.24686223852,97,4,1,0,79.1,100,89,79.1,89,100,79.1,70.19,89,79.1,89,79.1
6127,0.246837236436,96,5,1,0,79.1,100,89,79.1,89,100,79.1,70.19,89,79.1,89,79.1
6128,0.246812234353,96,5,1,0,79.1,100,89,79.1,89,100,79.1,70.19,89,79.1,89,79.1
6129,0.246787232269,98,3,1,0,79.1,100,89,79.1,89,100,79.1,70.19,89,79.1,89,79.1
6130,0.246762230186,98,3,1,0,79.1,100,89,79.1,89,100,79.1,70.19,89,79.1,89,79.1
6131,0.246737228102,98,3,1,0,79.1,100,89,79.1,89,100,79.1,70.19,89,79.1,89,79.1
6132,0.246712226019,98,3,1,0,79.1,100,89,79.1,89,100,79.1,70.19,89,79.1,89,79.1
6133,0.246687223935,97,4,1,0,79.1,100,89,79.1,89,100,79.1,70.19,89,79.1,89,79.1
6134,0.246662221852,98,3,1,0,79.1,100,89,79.1,89,100,79.1,70.19,89,79.1,89,79.1
6135,0.246637219768,98,3,1,0,79.1,100,89,79.1,89,100,79.1,70.19,89,79.1,89,79.1
6136,0.246612217685,96,5,1,0,79.1,100,89,79.1,89,100,79.1,70.19,89,79.1,89,79.1
6137,0.246587215601,97,4,1,0,79.1,100,89,79.1,89,100,79.1,70.19,89,79.1,89,79.1
6138,0.246562213518,98,3,1,0,79.1,100,89,79.1,89,100,79.1,70.19,89,79.1,89,79.1
6139,0.246537211434,98,3,1,0,79.1,100,89,79.1,89,100,79.1,70.19,89,79.1,89,79.1
6140,0.246512209351,97,4,1,0,79.1,100,89,79.1,89,100,79.1,70.19,89,79.1,89,79.1
6141,0.246487207267,98,3,1,0,79.1,100,89,79.1,89,100,79.1,70.19,89,79.1,89,79.1
6142,0.246462205184,98,3,1,0,79.1,100,89,79.1,89,100,79.1,70.19,89,79.1,89,79.1
6143,0.2464372031,98,3,1,0,79.1,100,89,79.1,89,100,79.1,70.19,89,79.1,89,79.1
6144,0.246412201017,97,4,1,0,79.1,100,89,79.1,89,100,79.1,70.19,89,79.1,89,79.1
6145,0.246387198933,97,4,1,0,79.1,100,89,79.1,89,100,79.1,70.19,89,79.1,89,79.1
6146,0.24636219685,98,3,1,0,79.1,100,89,79.1,89,100,79.1,70.19,89,79.1,89,79.1
6147,0.246337194766,98,3,1,0,79.1,100,89,79.1,89,100,79.1,70.19,89,79.1,89,79.1
6148,0.246312192683,92,9,1,0,79.1,100,89,79.1,89,100,79.1,70.19,89,79.1,89,79.1
6149,0.246287190599,98,3,1,0,79.1,100,89,79.1,89,100,79.1,70.19,89,79.1,89,79.1
6150,0.246262188516,97,4,1,0,79.1,100,89,79.1,89,100,79.1,70.19,89,79.1,89,79.1
6151,0.246237186432,98,3,1,0,79.1,100,89,79.1,89,100,79.1,70.19,89,79.1,89,79.1
6152,0.246212184349,98,3,1,0,79.1,100,89,79.1,89,100,79.1,70.19,89,79.1,89,79.1
6153,0.246187182265,93,8,1,0,79.1,100,89,79.1,89,100,79.1,70.19,89,79.1,89,79.1
6154,0.246162180182,98,3,1,0,79.1,100,89,79.1,89,100,79.1,70.19,89,79.1,89,79.1
6155,0.246137178098,95,6,1,0,79.1,100,89,79.1,89,100,79.1,70.19,89,79.1,89,79.1
6156,0.246112176015,98,3,1,0,79.1,100,89,79.1,89,100,79.1,70.19,89,79.1,89,79.1
6157,0.246087173931,97,4,1,0,79.1,100,89,79.1,89,100,79.1,70.19,89,79.1,89,79.1
6158,0.246062171848,97,4,1,0,79.1,100,89,79.1,89,100,79.1,70.19,89,79.1,89,79.1
6159,0.246037169764,98,3,1,0,79.1,100,89,79.1,89,100,79.1,70.19,89,79.1,89,79.1
6160,0.246012167681,96,5,1,0,79.1,100,89,79.1,89,100,79.1,70.19,89,79.1,89,79.1
6161,0.245987165597,98,3,1,0,79.1,100,89,79.1,89,100,79.1,70.19,89,79.1,89,79.1
6162,0.245962163514,98,3,1,0,79.1,100,89,79.1,89,100,79.1,70.19,89,79.1,89,79.1
6163,0.24593716143,98,3,1,0,79.1,100,89,79.1,89,100,79.1,70.19,89,79.1,89,79.1
6164,0.245912159347,98,3,1,0,79.1,100,89,79.1,89,100,79.1,70.19,89,79.1,89,79.1
6165,0.245887157263,98,3,1,0,79.1,100,89,79.1,89,100,79.1,70.19,89,79.1,89,79.1
6166,0.24586215518,98,3,1,0,79.1,100,89,79.1,89,100,79.1,70.19,89,79.1,89,79.1
6167,0.245837153096,98,3,1,0,79.1,100,89,79.1,89,100,79.1,70.19,89,79.1,89,79.1
6168,0.245812151013,98,3,1,0,79.1,100,89,79.1,89,100,79.1,70.19,89,79.1,89,79.1
6169,0.245787148929,98,3,1,0,79.1,100,89,79.1,89,100,79.1,70.19,89,79.1,89,79.1
6170,0.245762146846,98,3,1,0,79.1,100,89,79.1,89,100,79.1,70.19,89,79.1,89,79.1
6171,0.245737144762,98,3,1,0,79.1,100,89,79.1,89,100,79.1,70.19,89,79.1,89,79.1
6172,0.245712142679,98,3,1,0,79.1,100,89,79.1,89,100,79.1,70.19,89,79.1,89,79.1
6173,0.245687140595,96,5,1,0,79.1,100,89,79.1,89,100,79.1,70.19,89,79.1,89,79.1
6174,0.245662138512,98,3,1,0,79.1,100,89,79.1,89,100,79.1,70.19,89,79.1,89,79.1
6175,0.245637136428,96,5,1,0,79.1,100,89,79.1,89,100,79.1,70.19,89,79.1,89,79.1
6176,0.245612134345,98,3,1,0,79.1,100,89,79.1,89,100,79.1,70.19,89,79.1,89,79.1
6177,0.245587132261,98,3,1,0,79.1,100,89,79.1,89,100,79.1,70.19,89,79.1,89,79.1
6178,0.245562130178,98,3,1,0,79.1,100,89,79.1,89,100,79.1,70.19,89,79.1,89,79.1
6179,0.245537128094,98,3,1,0,79.1,100,89,79.1,89,100,79.1,70.19,89,79.1,89,79.1
6180,0.245512126011,98,3,1,0,79.1,100,89,79.1,89,100,79.1,70.19,89,79.1,89,79.1
6181,0.245487123927,98,3,1,0,79.1,100,89,79.1,89,100,79.1,70.19,89,79.1,89,79.1
6182,0.245462121843,97,4,1,0,79.1,100,89,79.1,89,100,79.1,70.19,89,79.1,89,79.1
6183,0.24543711976,98,3,1,0,79.1,100,89,79.1,89,100,79.1,70.19,89,79.1,89,79.1
6184,0.245412117676,98,3,1,0,79.1,100,89,79.1,89,100,79.1,70.19,89,79.1,89,79.1
6185,0.245387115593,98,3,1,0,79.1,100,89,79.1,89,100,79.1,70.19,89,79.1,89,79.1
6186,0.245362113509,98,3,1,0,79.1,100,89,79.1,89,100,79.1,70.19,89,79.1,89,79.1
6187,0.245337111426,98,3,1,0,79.1,100,89,79.1,89,100,79.1,70.19,89,79.1,89,79.1
6188,0.245312109342,98,3,1,0,79.1,100,89,79.1,89,100,79.1,70.19,89,79.1,89,79.1
6189,0.245287107259,97,4,1,0,79.1,100,89,79.1,89,100,79.1,70.19,89,79.1,89,79.1
6190,0.245262105175,98,3,1,0,79.1,100,89,79.1,89,100,79.1,70.19,89,79.1,89,79.1
6191,0.245237103092,98,3,1,0,79.1,100,89,79.1,89,100,79.1,70.19,89,79.1,89,79.1
6192,0.245212101008,98,3,1,0,79.1,100,89,79.1,89,100,79.1,70.19,89,79.1,89,79.1
6193,0.245187098925,98,3,1,0,79.1,100,89,79.1,89,100,79.1,70.19,89,79.1,89,79.1
6194,0.245162096841,98,3,1,0,79.1,100,89,79.1,89,100,79.1,70.19,89,79.1,89,79.1
6195,0.245137094758,96,5,1,0,79.1,100,89,79.1,89,100,79.1,70.19,89,79.1,89,79.1
6196,0.245112092674,98,3,1,0,79.1,100,89,79.1,89,100,79.1,70.19,89,79.1,89,79.1
6197,0.245087090591,98,3,1,0,79.1,100,89,79.1,89,100,79.1,70.19,89,79.1,89,79.1
6198,0.245062088507,98,3,1,0,79.1,100,89,79.1,89,100,79.1,70.19,89,79.1,89,79.1
6199,0.245037086424,98,3,1,0,79.1,100,89,79.1,89,100,79.1,70.19,89,79.1,89,79.1
6200,0.24501208434,98,3,1,0,79.1,100,89,79.1,89,100,79.1,70.19,89,79.1,89,79.1
6201,0.244987082257,98,3,1,0,79.1,100,89,79.1,89,100,79.1,70.19,89,79.1,89,79.1
6202,0.244962080173,98,3,1,0,79.1,100,89,79.1,89,100,79.1,70.19,89,79.1,89,79.1
6203,0.24493707809,98,3,1,0,79.1,100,89,79.1,89,100,79.1,70.19,89,79.1,89,79.1
6204,0.244912076006,98,3,1,0,79.1,100,89,79.1,89,100,79.1,70.19,89,79.1,89,79.1
6205,0.244887073923,97,4,1,0,79.1,100,89,79.1,89,100,79.1,70.19,89,79.1,89,79.1
6206,0.244862071839,96,5,1,0,79.1,100,89,79.1,89,100,79.1,70.19,89,79.1,89,79.1
6207,0.244837069756,98,3,1,0,79.1,100,89,79.1,89,100,79.1,70.19,89,79.1,89,79.1
6208,0.244812067672,94,7,1,0,79.1,100,89,79.1,89,100,79.1,70.19,89,79.1,89,79.1
6209,0.244787065589,94,7,1,0,79.1,100,89,79.1,89,100,79.1,70.19,89,79.1,89,79.1
6210,0.244762063505,98,3,1,0,79.1,100,89,79.1,89,100,79.1,70.19,89,79.1,89,79.1
6211,0.244737061422,98,3,1,0,79.1,100,89,79.1,89,100,79.1,70.19,89,79.1,89,79.1
6212,0.244712059338,96,5,1,0,79.1,100,89,79.1,89,100,79.1,70.19,89,79.1,89,79.1
6213,0.244687057255,98,3,1,0,79.1,100,89,79.1,89,100,79.1,70.19,89,79.1,89,79.1
6214,0.244662055171,98,3,1,0,79.1,100,89,79.1,89,100,79.1,70.19,89,79.1,89,79.1
6215,0.244637053088,98,3,1,0,79.1,100,89,79.1,89,100,79.1,70.19,89,79.1,89,79.1
6216,0.244612051004,98,3,1,0,79.1,100,89,79.1,89,100,79.1,70.19,89,79.1,89,79.1
6217,0.244587048921,98,3,1,0,79.1,100,89,79.1,89,100,79.1,70.19,89,79.1,89,79.1
6218,0.244562046837,98,3,1,0,79.1,100,89,79.1,89,100,79.1,70.19,89,79.1,89,79.1
6219,0.244537044754,94,7,1,0,79.1,100,89,79.1,89,100,79.1,70.19,89,79.1,89,79.1
6220,0.24451204267,98,3,1,0,79.1,100,89,79.1,89,100,79.1,70.19,89,79.1,89,79.1
6221,0.244487040587,97,4,1,0,79.1,100,89,79.1,89,100,79.1,70.19,89,79.1,89,79.1
6222,0.244462038503,98,3,1,0,79.1,100,89,79.1,89,100,79.1,70.19,89,79.1,89,79.1
6223,0.24443703642,98,3,1,0,79.1,100,89,79.1,89,100,79.1,70.19,89,79.1,89,79.1
6224,0.244412034336,98,3,1,0,79.1,100,89,79.1,89,100,79.1,70.19,89,79.1,89,79.1
6225,0.244387032253,98,3,1,0,79.1,100,89,79.1,89,100,79.1,70.19,89,79.1,89,79.1
6226,0.244362030169,98,3,1,0,79.1,100,89,79.1,89,100,79.1,70.19,89,79.1,89,79.1
6227,0.244337028086,98,3,1,0,79.1,100,89,79.1,89,100,79.1,70.19,89,79.1,89,79.1
6228,0.244312026002,98,3,1,0,79.1,100,89,79.1,89,100,79.1,70.19,89,79.1,89,79.1
6229,0.244287023919,98,3,1,0,79.1,100,89,79.1,89,100,79.1,70.19,89,79.1,89,79.1
6230,0.244262021835,98,3,1,0,79.1,100,89,79.1,89,100,79.1,70.19,89,79.1,89,79.1
6231,0.244237019752,97,4,1,0,79.1,100,89,79.1,89,100,79.1,70.19,89,79.1,89,79.1
6232,0.244212017668,98,3,1,0,79.1,100,89,79.1,89,100,79.1,70.19,89,79.1,89,79.1
6233,0.244187015585,98,3,1,0,79.1,100,89,79.1,89,100,79.1,70.19,89,79.1,89,79.1
6234,0.244162013501,98,3,1,0,79.1,100,89,79.1,89,100,79.1,70.19,89,79.1,89,79.1
6235,0.244137011418,96,5,1,0,79.1,100,89,79.1,89,100,79.1,70.19,89,79.1,89,79.1
6236,0.244112009334,97,4,1,0,79.1,100,89,79.1,89,100,79.1,70.19,89,79.1,89,79.1
6237,0.244087007251,98,3,1,0,79.1,100,89,79.1,89,100,79.1,70.19,89,79.1,89,79.1
6238,0.244062005167,94,7,1,0,79.1,100,89,79.1,89,100,79.1,70.19,89,79.1,89,79.1
6239,0.244037003084,98,3,1,0,79.1,100,89,79.1,89,100,79.1,70.19,89,79.1,89,79.1
6240,0.244012001,97,4,1,0,79.1,100,89,79.1,89,100,79.1,70.19,89,79.1,89,79.1
6241,0.243986998917,98,3,1,0,79.1,100,89,79.1,89,100,79.1,70.19,89,79.1,89,79.1
6242,0.243961996833,98,3,1,0,79.1,100,89,79.1,89,100,79.1,70.19,89,79.1,89,79.1
6243,0.24393699475,98,3,1,0,79.1,100,89,79.1,89,100,79.1,70.19,89,79.1,89,79.1
6244,0.243911992666,97,4,1,0,79.1,100,89,79.1,89,100,79.1,70.19,89,79.1,89,79.1
6245,0.243886990583,98,3,1,0,79.1,100,89,79.1,89,100,79.1,70.19,89,79.1,89,79.1
6246,0.243861988499,97,4,1,0,79.1,100,89,79.1,89,100,79.1,70.19,89,79.1,89,79.1
6247,0.243836986416,98,3,1,0,79.1,100,89,79.1,89,100,79.1,70.19,89,79.1,89,79.1
6248,0.243811984332,95,6,1,0,79.1,100,89,79.1,89,100,79.1,70.19,89,79.1,89,79.1
6249,0.243786982249,98,3,1,0,79.1,100,89,79.1,89,100,79.1,70.19,89,79.1,89,79.1
6250,0.243761980165,98,3,1,0,79.1,100,89,79.1,89,100,79.1,70.19,89,79.1,89,79.1
6251,0.243736978082,98,3,1,0,79.1,100,89,79.1,89,100,79.1,70.19,89,79.1,89,79.1
6252,0.243711975998,98,3,1,0,79.1,100,89,79.1,89,100,79.1,70.19,89,79.1,89,79.1
6253,0.243686973914,98,3,1,0,79.1,100,89,79.1,89,100,79.1,70.19,89,79.1,89,79.1
6254,0.243661971831,98,3,1,0,79.1,100,89,79.1,89,100,79.1,70.19,89,79.1,89,79.1
6255,0.243636969747,98,3,1,0,79.1,100,89,79.1,89,100,79.1,70.19,89,79.1,89,79.1
6256,0.243611967664,98,3,1,0,79.1,100,89,79.1,89,100,79.1,70.19,89,79.1,89,79.1
6257,0.24358696558,98,3,1,0,79.1,100,89,79.1,89,100,79.1,70.19,89,79.1,89,79.1
6258,0.243561963497,98,3,1,0,79.1,100,89,79.1,89,100,79.1,70.19,89,79.1,89,79.1
6259,0.243536961413,98,3,1,0,79.1,100,89,79.1,89,100,79.1,70.19,89,79.1,89,79.1
6260,0.24351195933,98,3,1,0,79.1,100,89,79.1,89,100,79.1,70.19,89,79.1,89,79.1
6261,0.243486957246,98,3,1,0,79.1,100,89,79.1,89,100,79.1,70.19,89,79.1,89,79.1
6262,0.243461955163,97,4,1,0,79.1,100,89,79.1,89,100,79.1,70.19,89,79.1,89,79.1
6263,0.243436953079,98,3,1,0,79.1,100,89,79.1,89,100,79.1,70.19,89,79.1,89,79.1
6264,0.243411950996,98,3,1,0,79.1,100,89,79.1,89,100,79.1,70.19,89,79.1,89,79.1
6265,0.243386948912,97,4,1,0,79.1,100,89,79.1,89,100,79.1,70.19,89,79.1,89,79.1
6266,0.243361946829,98,3,1,0,79.1,100,89,79.1,89,100,79.1,70.19,89,79.1,89,79.1
6267,0.243336944745,98,3,1,0,79.1,100,89,79.1,89,100,79.1,70.19,89,79.1,89,79.1
6268,0.243311942662,98,3,1,0,79.1,100,89,79.1,89,100,79.1,70.19,89,79.1,89,79.1
6269,0.243286940578,95,6,1,0,79.1,100,89,79.1,89,100,79.1,70.19,89,79.1,89,79.1
6270,0.243261938495,96,5,1,0,79.1,100,89,79.1,89,100,79.1,70.19,89,79.1,89,79.1
6271,0.243236936411,98,3,1,0,79.1,100,89,79.1,89,100,79.1,70.19,89,79.1,89,79.1
6272,0.243211934328,98,3,1,0,79.1,100,89,79.1,89,100,79.1,70.19,89,79.1,89,79.1
6273,0.243186932244,98,3,1,0,79.1,100,89,79.1,89,100,79.1,70.19,89,79.1,89,79.1
6274,0.243161930161,97,4,1,0,79.1,100,89,79.1,89,100,79.1,70.19,89,79.1,89,79.1
6275,0.243136928077,98,3,1,0,79.1,100,89,79.1,89,100,79.1,70.19,89,79.1,89,79.1
6276,0.243111925994,96,5,1,0,79.1,100,89,79.1,89,100,79.1,70.19,89,79.1,89,79.1
6277,0.24308692391,98,3,1,0,79.1,100,89,79.1,89,100,79.1,70.19,89,79.1,89,79.1
6278,0.243061921827,97,4,1,0,79.1,100,89,79.1,89,100,79.1,70.19,89,79.1,89,79.1
6279,0.243036919743,98,3,1,0,79.1,100,89,79.1,89,100,79.1,70.19,89,79.1,89,79.1
6280,0.24301191766,98,3,1,0,79.1,100,89,79.1,89,100,79.1,70.19,89,79.1,89,79.1
6281,0.242986915576,98,3,1,0,79.1,100,89,79.1,89,100,79.1,70.19,89,79.1,89,79.1
6282,0.242961913493,98,3,1,0,79.1,100,89,79.1,89,100,79.1,70.19,89,79.1,89,79.1
6283,0.242936911409,98,3,1,0,79.1,100,89,79.1,89,100,79.1,70.19,89,79.1,89,79.1
6284,0.242911909326,96,5,1,0,79.1,100,89,79.1,89,100,79.1,70.19,89,79.1,89,79.1
6285,0.242886907242,94,7,1,0,79.1,100,89,79.1,89,100,79.1,70.19,89,79.1,89,79.1
6286,0.242861905159,98,3,1,0,79.1,100,89,79.1,89,100,79.1,70.19,89,79.1,89,79.1
6287,0.242836903075,97,4,1,0,79.1,100,89,79.1,89,100,79.1,70.19,89,79.1,89,79.1
6288,0.242811900992,97,4,1,0,79.1,100,89,79.1,89,100,79.1,70.19,89,79.1,89,79.1
6289,0.242786898908,94,7,1,0,79.1,100,89,79.1,89,100,79.1,70.19,89,79.1,89,79.1
6290,0.242761896825,94,7,1,0,79.1,100,89,79.1,89,100,79.1,70.19,89,79.1,89,79.1
6291,0.242736894741,97,4,1,0,79.1,100,89,79.1,89,100,79.1,70.19,89,79.1,89,79.1
6292,0.242711892658,98,3,1,0,79.1,100,89,79.1,89,100,79.1,70.19,89,79.1,89,79.1
6293,0.242686890574,98,3,1,0,79.1,100,89,79.1,89,100,79.1,70.19,89,79.1,89,79.1
6294,0.242661888491,98,3,1,0,79.1,100,89,79.1,89,100,79.1,70.19,89,79.1,89,79.1
6295,0.242636886407,98,3,1,0,79.1,100,89,79.1,89,100,79.1,70.19,89,79.1,89,79.1
6296,0.242611884324,98,3,1,0,79.1,100,89,79.1,89,100,79.1,70.19,89,79.1,89,79.1
6297,0.24258688224,97,4,1,0,79.1,100,89,79.1,89,100,79.1,70.19,89,79.1,89,79.1
6298,0.242561880157,98,3,1,0,79.1,100,89,79.1,89,100,79.1,70.19,89,79.1,89,79.1
6299,0.242536878073,98,3,1,0,79.1,100,89,79.1,89,100,79.1,70.19,89,79.1,89,79.1
6300,0.24251187599,96,5,1,0,79.1,100,89,79.1,89,100,79.1,70.19,89,79.1,89,79.1
6301,0.242486873906,97,4,1,0,79.1,100,89,79.1,89,100,79.1,70.19,89,79.1,89,79.1
6302,0.242461871823,98,3,1,0,79.1,100,89,79.1,89,100,79.1,70.19,89,79.1,89,79.1
6303,0.242436869739,98,3,1,0,79.1,100,89,79.1,89,100,79.1,70.19,89,79.1,89,79.1
6304,0.242411867656,98,3,1,0,79.1,100,89,79.1,89,100,79.1,70.19,89,79.1,89,79.1
6305,0.242386865572,98,3,1,0,79.1,100,89,79.1,89,100,79.1,70.19,89,79.1,89,79.1
6306,0.242361863489,98,3,1,0,79.1,100,89,79.1,89,100,79.1,70.19,89,79.1,89,79.1
6307,0.242336861405,94,7,1,0,79.1,100,89,79.1,89,100,79.1,70.19,89,79.1,89,79.1
6308,0.242311859322,98,3,1,0,79.1,100,89,79.1,89,100,79.1,70.19,89,79.1,89,79.1
6309,0.242286857238,98,3,1,0,79.1,100,89,79.1,89,100,79.1,70.19,89,79.1,89,79.1
6310,0.242261855155,97,4,1,0,79.1,100,89,79.1,89,100,79.1,70.19,89,79.1,89,79.1
6311,0.242236853071,98,3,1,0,79.1,100,89,79.1,89,100,79.1,70.19,89,79.1,89,79.1
6312,0.242211850988,98,3,1,0,79.1,100,89,79.1,89,100,79.1,70.19,89,79.1,89,79.1
6313,0.242186848904,95,6,1,0,79.1,100,89,79.1,89,100,79.1,70.19,89,79.1,89,79.1
6314,0.242161846821,96,5,1,0,79.1,100,89,79.1,89,100,79.1,70.19,89,79.1,89,79.1
6315,0.242136844737,98,3,1,0,79.1,100,89,79.1,89,100,79.1,70.19,89,79.1,89,79.1
6316,0.242111842654,98,3,1,0,79.1,100,89,79.1,89,100,79.1,70.19,89,79.1,89,79.1
6317,0.24208684057,96,5,1,0,79.1,100,89,79.1,89,100,79.1,70.19,89,79.1,89,79.1
6318,0.242061838487,98,3,1,0,79.1,100,89,79.1,89,100,79.1,70.19,89,79.1,89,79.1
6319,0.242036836403,98,3,1,0,79.1,100,89,79.1,89,100,79.1,70.19,89,79.1,89,79.1
6320,0.24201183432,98,3,1,0,79.1,100,89,79.1,89,100,79.1,70.19,89,79.1,89,79.1
6321,0.241986832236,96,5,1,0,79.1,100,89,79.1,89,100,79.1,70.19,89,79.1,89,79.1
6322,0.241961830153,98,3,1,0,79.1,100,89,79.1,89,100,79.1,70.19,89,79.1,89,79.1
6323,0.241936828069,98,3,1,0,79.1,100,89,79.1,89,100,79.1,70.19,89,79.1,89,79.1
6324,0.241911825985,98,3,1,0,79.1,100,89,79.1,89,100,79.1,70.19,89,79.1,89,79.1
6325,0.241886823902,98,3,1,0,79.1,100,89,79.1,89,100,79.1,70.19,89,79.1,89,79.1
6326,0.241861821818,98,3,1,0,79.1,100,89,79.1,89,100,79.1,70.19,89,79.1,89,79.1
6327,0.241836819735,98,3,1,0,79.1,100,89,79.1,89,100,79.1,70.19,89,79.1,89,79.1
6328,0.241811817651,96,5,1,0,79.1,100,89,79.1,89,100,79.1,70.19,89,79.1,89,79.1
6329,0.241786815568,98,3,1,0,79.1,100,89,79.1,89,100,79.1,70.19,89,79.1,89,79.1
6330,0.241761813484,98,3,1,0,79.1,100,89,79.1,89,100,79.1,70.19,89,79.1,89,79.1
6331,0.241736811401,96,5,1,0,79.1,100,89,79.1,89,100,79.1,70.19,89,79.1,89,79.1
6332,0.241711809317,98,3,1,0,79.1,100,89,79.1,89,100,79.1,70.19,89,79.1,89,79.1
6333,0.241686807234,98,3,1,0,79.1,100,89,79.1,89,100,79.1,70.19,89,79.1,89,79.1
6334,0.24166180515,98,3,1,0,79.1,100,89,79.1,89,100,79.1,70.19,89,79.1,89,79.1
6335,0.241636803067,97,4,1,0,79.1,100,89,79.1,89,100,79.1,70.19,89,79.1,89,79.1
6336,0.241611800983,98,3,1,0,79.1,100,89,79.1,89,100,79.1,70.19,89,79.1,89,79.1
6337,0.2415867989,94,7,1,0,79.1,100,89,79.1,89,100,79.1,70.19,89,79.1,89,79.1
6338,0.241561796816,98,3,1,0,79.1,100,89,79.1,89,100,79.1,70.19,89,79.1,89,79.1
6339,0.241536794733,97,4,1,0,79.1,100,89,79.1,89,100,79.1,70.19,89,79.1,89,79.1
6340,0.241511792649,98,3,1,0,79.1,100,89,79.1,89,100,79.1,70.19,89,79.1,89,79.1
6341,0.241486790566,96,5,1,0,79.1,100,89,79.1,89,100,79.1,70.19,89,79.1,89,79.1
6342,0.241461788482,94,7,1,0,79.1,100,89,79.1,89,100,79.1,70.19,89,79.1,89,79.1
6343,0.241436786399,98,3,1,0,79.1,100,89,79.1,89,100,79.1,70.19,89,79.1,89,79.1
6344,0.241411784315,98,3,1,0,79.1,100,89,79.1,89,100,79.1,70.19,89,79.1,89,79.1
6345,0.241386782232,98,3,1,0,79.1,100,89,79.1,89,100,79.1,70.19,89,79.1,89,79.1
6346,0.241361780148,96,5,1,0,79.1,100,89,79.1,89,100,79.1,70.19,89,79.1,89,79.1
6347,0.241336778065,98,3,1,0,79.1,100,89,79.1,89,100,79.1,70.19,89,79.1,89,79.1
6348,0.241311775981,92,9,1,0,79.1,100,89,79.1,89,100,79.1,70.19,89,79.1,89,79.1
6349,0.241286773898,97,4,1,0,79.1,100,89,79.1,89,100,79.1,70.19,89,79.1,89,79.1
6350,0.241261771814,98,3,1,0,79.1,100,89,79.1,89,100,79.1,70.19,89,79.1,89,79.1
6351,0.241236769731,98,3,1,0,79.1,100,89,79.1,89,100,79.1,70.19,89,79.1,89,79.1
6352,0.241211767647,98,3,1,0,79.1,100,89,79.1,89,100,79.1,70.19,89,79.1,89,79.1
6353,0.241186765564,98,3,1,0,79.1,100,89,79.1,89,100,79.1,70.19,89,79.1,89,79.1
6354,0.24116176348,98,3,1,0,79.1,100,89,79.1,89,100,79.1,70.19,89,79.1,89,79.1
6355,0.241136761397,98,3,1,0,79.1,100,89,79.1,89,100,79.1,70.19,89,79.1,89,79.1
6356,0.241111759313,98,3,1,0,79.1,100,89,79.1,89,100,79.1,70.19,89,79.1,89,79.1
6357,0.24108675723,98,3,1,0,79.1,100,89,79.1,89,100,79.1,70.19,89,79.1,89,79.1
6358,0.241061755146,97,4,1,0,79.1,100,89,79.1,89,100,79.1,70.19,89,79.1,89,79.1
6359,0.241036753063,95,6,1,0,79.1,100,89,79.1,89,100,79.1,70.19,89,79.1,89,79.1
6360,0.241011750979,98,3,1,0,79.1,100,89,79.1,89,100,79.1,70.19,89,79.1,89,79.1
6361,0.240986748896,98,3,1,0,79.1,100,89,79.1,89,100,79.1,70.19,89,79.1,89,79.1
6362,0.240961746812,98,3,1,0,79.1,100,89,79.1,89,100,79.1,70.19,89,79.1,89,79.1
6363,0.240936744729,97,4,1,0,79.1,100,89,79.1,89,100,79.1,70.19,89,79.1,89,79.1
6364,0.240911742645,98,3,1,0,79.1,100,89,79.1,89,100,79.1,70.19,89,79.1,89,79.1
6365,0.240886740562,96,5,1,0,79.1,100,89,79.1,89,100,79.1,70.19,89,79.1,89,79.1
6366,0.240861738478,98,3,1,0,79.1,100,89,79.1,89,100,79.1,70.19,89,79.1,89,79.1
6367,0.240836736395,98,3,1,0,79.1,100,89,79.1,89,100,79.1,70.19,89,79.1,89,79.1
6368,0.240811734311,96,5,1,0,79.1,100,89,79.1,89,100,79.1,70.19,89,79.1,89,79.1
6369,0.240786732228,96,5,1,0,79.1,100,89,79.1,89,100,79.1,70.19,89,79.1,89,79.1
6370,0.240761730144,96,5,1,0,79.1,100,89,79.1,89,100,79.1,70.19,89,79.1,89,79.1
6371,0.240736728061,98,3,1,0,79.1,100,89,79.1,89,100,79.1,70.19,89,79.1,89,79.1
6372,0.240711725977,98,3,1,0,79.1,100,89,79.1,89,100,79.1,70.19,89,79.1,89,79.1
6373,0.240686723894,98,3,1,0,79.1,100,89,79.1,89,100,79.1,70.19,89,79.1,89,79.1
6374,0.24066172181,98,3,1,0,79.1,100,89,79.1,89,100,79.1,70.19,89,79.1,89,79.1
6375,0.240636719727,98,3,1,0,79.1,100,89,79.1,89,100,79.1,70.19,89,79.1,89,79.1
6376,0.240611717643,96,5,1,0,79.1,100,89,79.1,89,100,79.1,70.19,89,79.1,89,79.1
6377,0.24058671556,98,3,1,0,79.1,100,89,79.1,89,100,79.1,70.19,89,79.1,89,79.1
6378,0.240561713476,98,3,1,0,79.1,100,89,79.1,89,100,79.1,70.19,89,79.1,89,79.1
6379,0.240536711393,98,3,1,0,79.1,100,89,79.1,89,100,79.1,70.19,89,79.1,89,79.1
6380,0.240511709309,97,4,1,0,79.1,100,89,79.1,89,100,79.1,70.19,89,79.1,89,79.1
6381,0.240486707226,98,3,1,0,79.1,100,89,79.1,89,100,79.1,70.19,89,79.1,89,79.1
6382,0.240461705142,96,5,1,0,79.1,100,89,79.1,89,100,79.1,70.19,89,79.1,89,79.1
6383,0.240436703059,95,6,1,0,79.1,100,89,79.1,89,100,79.1,70.19,89,79.1,89,79.1
6384,0.240411700975,98,3,1,0,79.1,100,89,79.1,89,100,79.1,70.19,89,79.1,89,79.1
6385,0.240386698892,98,3,1,0,79.1,100,89,79.1,89,100,79.1,70.19,89,79.1,89,79.1
6386,0.240361696808,97,4,1,0,79.1,100,89,79.1,89,100,79.1,70.19,89,79.1,89,79.1
6387,0.240336694725,96,5,1,0,79.1,100,89,79.1,89,100,79.1,70.19,89,79.1,89,79.1
6388,0.240311692641,98,3,1,0,79.1,100,89,79.1,89,100,79.1,70.19,89,79.1,89,79.1
6389,0.240286690558,98,3,1,0,79.1,100,89,79.1,89,100,79.1,70.19,89,79.1,89,79.1
6390,0.240261688474,95,6,1,0,79.1,100,89,79.1,89,100,79.1,70.19,89,79.1,89,79.1
6391,0.240236686391,97,4,1,0,79.1,100,89,79.1,89,100,79.1,70.19,89,79.1,89,79.1
6392,0.240211684307,98,3,1,0,79.1,100,89,79.1,89,100,79.1,70.19,89,79.1,89,79.1
6393,0.240186682224,98,3,1,0,79.1,100,89,79.1,89,100,79.1,70.19,89,79.1,89,79.1
6394,0.24016168014,97,4,1,0,79.1,100,89,79.1,89,100,79.1,70.19,89,79.1,89,79.1
6395,0.240136678057,98,3,1,0,79.1,100,89,79.1,89,100,79.1,70.19,89,79.1,89,79.1
6396,0.240111675973,98,3,1,0,79.1,100,89,79.1,89,100,79.1,70.19,89,79.1,89,79.1
6397,0.240086673889,98,3,1,0,79.1,100,89,79.1,89,100,79.1,70.19,89,79.1,89,79.1
6398,0.240061671806,98,3,1,0,79.1,100,89,79.1,89,100,79.1,70.19,89,79.1,89,79.1
6399,0.240036669722,98,3,1,0,79.1,100,89,79.1,89,100,79.1,70.19,89,79.1,89,79.1
6400,0.240011667639,96,5,1,0,79.1,100,89,79.1,89,100,79.1,70.19,89,79.1,89,79.1
6401,0.239986665555,96,5,1,0,79.1,100,89,79.1,89,100,79.1,70.19,89,79.1,89,79.1
6402,0.239961663472,98,3,1,0,79.1,100,89,79.1,89,100,79.1,70.19,89,79.1,89,79.1
6403,0.239936661388,98,3,1,0,79.1,100,89,79.1,89,100,79.1,70.19,89,79.1,89,79.1
6404,0.239911659305,98,3,1,0,79.1,100,89,79.1,89,100,79.1,70.19,89,79.1,89,79.1
6405,0.239886657221,98,3,1,0,79.1,100,89,79.1,89,100,79.1,70.19,89,79.1,89,79.1
6406,0.239861655138,98,3,1,0,79.1,100,89,79.1,89,100,79.1,70.19,89,79.1,89,79.1
6407,0.239836653054,98,3,1,0,79.1,100,89,79.1,89,100,79.1,70.19,89,79.1,89,79.1
6408,0.239811650971,98,3,1,0,79.1,100,89,79.1,89,100,79.1,70.19,89,79.1,89,79.1
6409,0.239786648887,98,3,1,0,79.1,100,89,79.1,89,100,79.1,70.19,89,79.1,89,79.1
6410,0.239761646804,98,3,1,0,79.1,100,89,79.1,89,100,79.1,70.19,89,79.1,89,79.1
6411,0.23973664472,97,4,1,0,79.1,100,89,79.1,89,100,79.1,70.19,89,79.1,89,79.1
6412,0.239711642637,94,7,1,0,79.1,100,89,79.1,89,100,79.1,70.19,89,79.1,89,79.1
6413,0.239686640553,98,3,1,0,79.1,100,89,79.1,89,100,79.1,70.19,89,79.1,89,79.1
6414,0.23966163847,98,3,1,0,79.1,100,89,79.1,89,100,79.1,70.19,89,79.1,89,79.1
6415,0.239636636386,98,3,1,0,79.1,100,89,79.1,89,100,79.1,70.19,89,79.1,89,79.1
6416,0.239611634303,98,3,1,0,79.1,100,89,79.1,89,100,79.1,70.19,89,79.1,89,79.1
6417,0.239586632219,97,4,1,0,79.1,100,89,79.1,89,100,79.1,70.19,89,79.1,89,79.1
6418,0.239561630136,98,3,1,0,79.1,100,89,79.1,89,100,79.1,70.19,89,79.1,89,79.1
6419,0.239536628052,98,3,1,0,79.1,100,89,79.1,89,100,79.1,70.19,89,79.1,89,79.1
6420,0.239511625969,98,3,1,0,79.1,100,89,79.1,89,100,79.1,70.19,89,79.1,89,79.1
6421,0.239486623885,98,3,1,0,79.1,100,89,79.1,89,100,79.1,70.19,89,79.1,89,79.1
6422,0.239461621802,97,4,1,0,79.1,100,89,79.1,89,100,79.1,70.19,89,79.1,89,79.1
6423,0.239436619718,98,3,1,0,79.1,100,89,79.1,89,100,79.1,70.19,89,79.1,89,79.1
6424,0.239411617635,98,3,1,0,79.1,100,89,79.1,89,100,79.1,70.19,89,79.1,89,79.1
6425,0.239386615551,98,3,1,0,79.1,100,89,79.1,89,100,79.1,70.19,89,79.1,89,79.1
6426,0.239361613468,97,4,1,0,79.1,100,89,79.1,89,100,79.1,70.19,89,79.1,89,79.1
6427,0.239336611384,98,3,1,0,79.1,100,89,79.1,89,100,79.1,70.19,89,79.1,89,79.1
6428,0.239311609301,98,3,1,0,79.1,100,89,79.1,89,100,79.1,70.19,89,79.1,89,79.1
6429,0.239286607217,98,3,1,0,79.1,100,89,79.1,89,100,79.1,70.19,89,79.1,89,79.1
6430,0.239261605134,96,5,1,0,79.1,100,89,79.1,89,100,79.1,70.19,89,79.1,89,79.1
6431,0.23923660305,97,4,1,0,79.1,100,89,79.1,89,100,79.1,70.19,89,79.1,89,79.1
6432,0.239211600967,97,4,1,0,79.1,100,89,79.1,89,100,79.1,70.19,89,79.1,89,79.1
6433,0.239186598883,96,5,1,0,79.1,100,89,79.1,89,100,79.1,70.19,89,79.1,89,79.1
6434,0.2391615968,98,3,1,0,79.1,100,89,79.1,89,100,79.1,70.19,89,79.1,89,79.1
6435,0.239136594716,96,5,1,0,79.1,100,89,79.1,89,100,79.1,70.19,89,79.1,89,79.1
6436,0.239111592633,98,3,1,0,79.1,100,89,79.1,89,100,79.1,70.19,89,79.1,89,79.1
6437,0.239086590549,96,5,1,0,79.1,100,89,79.1,89,100,79.1,70.19,89,79.1,89,79.1
6438,0.239061588466,98,3,1,0,79.1,100,89,79.1,89,100,79.1,70.19,89,79.1,89,79.1
6439,0.239036586382,98,3,1,0,79.1,100,89,79.1,89,100,79.1,70.19,89,79.1,89,79.1
6440,0.239011584299,97,4,1,0,79.1,100,89,79.1,89,100,79.1,70.19,89,79.1,89,79.1
6441,0.238986582215,97,4,1,0,79.1,100,89,79.1,89,100,79.1,70.19,89,79.1,89,79.1
6442,0.238961580132,98,3,1,0,79.1,100,89,79.1,89,100,79.1,70.19,89,79.1,89,79.1
6443,0.238936578048,97,4,1,0,79.1,100,89,79.1,89,100,79.1,70.19,89,79.1,89,79.1
6444,0.238911575965,98,3,1,0,79.1,100,89,79.1,89,100,79.1,70.19,89,79.1,89,79.1
6445,0.238886573881,97,4,1,0,79.1,100,89,79.1,89,100,79.1,70.19,89,79.1,89,79.1
6446,0.238861571798,98,3,1,0,79.1,100,89,79.1,89,100,79.1,70.19,89,79.1,89,79.1
6447,0.238836569714,98,3,1,0,79.1,100,89,79.1,89,100,79.1,70.19,89,79.1,89,79.1
6448,0.238811567631,96,5,1,0,79.1,100,89,79.1,89,100,79.1,70.19,89,79.1,89,79.1
6449,0.238786565547,98,3,1,0,79.1,100,89,79.1,89,100,79.1,70.19,89,79.1,89,79.1
6450,0.238761563464,98,3,1,0,79.1,100,89,79.1,89,100,79.1,70.19,89,79.1,89,79.1
6451,0.23873656138,96,5,1,0,79.1,100,89,79.1,89,100,79.1,70.19,89,79.1,89,79.1
6452,0.238711559297,98,3,1,0,79.1,100,89,79.1,89,100,79.1,70.19,89,79.1,89,79.1
6453,0.238686557213,98,3,1,0,79.1,100,89,79.1,89,100,79.1,70.19,89,79.1,89,79.1
6454,0.23866155513,98,3,1,0,79.1,100,89,79.1,89,100,79.1,70.19,89,79.1,89,79.1
6455,0.238636553046,98,3,1,0,79.1,100,89,79.1,89,100,79.1,70.19,89,79.1,89,79.1
6456,0.238611550963,98,3,1,0,79.1,100,89,79.1,89,100,79.1,70.19,89,79.1,89,79.1
6457,0.238586548879,98,3,1,0,79.1,100,89,79.1,89,100,79.1,70.19,89,79.1,89,79.1
6458,0.238561546796,98,3,1,0,79.1,100,89,79.1,89,100,79.1,70.19,89,79.1,89,79.1
6459,0.238536544712,98,3,1,0,79.1,100,89,79.1,89,100,79.1,70.19,89,79.1,89,79.1
6460,0.238511542629,98,3,1,0,79.1,100,89,79.1,89,100,79.1,70.19,89,79.1,89,79.1
6461,0.238486540545,98,3,1,0,79.1,100,89,79.1,89,100,79.1,70.19,89,79.1,89,79.1
6462,0.238461538462,98,3,1,0,79.1,100,89,79.1,89,100,79.1,70.19,89,79.1,89,79.1
6463,0.238436536378,98,3,1,0,79.1,100,89,79.1,89,100,79.1,70.19,89,79.1,89,79.1
6464,0.238411534295,98,3,1,0,79.1,100,89,79.1,89,100,79.1,70.19,89,79.1,89,79.1
6465,0.238386532211,97,4,1,0,79.1,100,89,79.1,89,100,79.1,70.19,89,79.1,89,79.1
6466,0.238361530128,97,4,1,0,79.1,100,89,79.1,89,100,79.1,70.19,89,79.1,89,79.1
6467,0.238336528044,98,3,1,0,79.1,100,89,79.1,89,100,79.1,70.19,89,79.1,89,79.1
6468,0.23831152596,96,5,1,0,79.1,100,89,79.1,89,100,79.1,70.19,89,79.1,89,79.1
6469,0.238286523877,98,3,1,0,79.1,100,89,79.1,89,100,79.1,70.19,89,79.1,89,79.1
6470,0.238261521793,98,3,1,0,79.1,100,89,79.1,89,100,79.1,70.19,89,79.1,89,79.1
6471,0.23823651971,98,3,1,0,79.1,100,89,79.1,89,100,79.1,70.19,89,79.1,89,79.1
6472,0.238211517626,98,3,1,0,79.1,100,89,79.1,89,100,79.1,70.19,89,79.1,89,79.1
6473,0.238186515543,96,5,1,0,79.1,100,89,79.1,89,100,79.1,70.19,89,79.1,89,79.1
6474,0.238161513459,98,3,1,0,79.1,100,89,79.1,89,100,79.1,70.19,89,79.1,89,79.1
6475,0.238136511376,97,4,1,0,79.1,100,89,79.1,89,100,79.1,70.19,89,79.1,89,79.1
6476,0.238111509292,98,3,1,0,79.1,100,89,79.1,89,100,79.1,70.19,89,79.1,89,79.1
6477,0.238086507209,98,3,1,0,79.1,100,89,79.1,89,100,79.1,70.19,89,79.1,89,79.1
6478,0.238061505125,98,3,1,0,79.1,100,89,79.1,89,100,79.1,70.19,89,79.1,89,79.1
6479,0.238036503042,98,3,1,0,79.1,100,89,79.1,89,100,79.1,70.19,89,79.1,89,79.1
6480,0.238011500958,98,3,1,0,79.1,100,89,79.1,89,100,79.1,70.19,89,79.1,89,79.1
6481,0.237986498875,98,3,1,0,79.1,100,89,79.1,89,100,79.1,70.19,89,79.1,89,79.1
6482,0.237961496791,98,3,1,0,79.1,100,89,79.1,89,100,79.1,70.19,89,79.1,89,79.1
6483,0.237936494708,97,4,1,0,79.1,100,89,79.1,89,100,79.1,70.19,89,79.1,89,79.1
6484,0.237911492624,97,4,1,0,79.1,100,89,79.1,89,100,79.1,70.19,89,79.1,89,79.1
6485,0.237886490541,98,3,1,0,79.1,100,89,79.1,89,100,79.1,70.19,89,79.1,89,79.1
6486,0.237861488457,98,3,1,0,79.1,100,89,79.1,89,100,79.1,70.19,89,79.1,89,79.1
6487,0.237836486374,98,3,1,0,79.1,100,89,79.1,89,100,79.1,70.19,89,79.1,89,79.1
6488,0.23781148429,98,3,1,0,79.1,100,89,79.1,89,100,79.1,70.19,89,79.1,89,79.1
6489,0.237786482207,98,3,1,0,79.1,100,89,79.1,89,100,79.1,70.19,89,79.1,89,79.1
6490,0.237761480123,96,5,1,0,79.1,100,89,79.1,89,100,79.1,70.19,89,79.1,89,79.1
6491,0.23773647804,98,3,1,0,79.1,100,89,79.1,89,100,79.1,70.19,89,79.1,89,79.1
6492,0.237711475956,98,3,1,0,79.1,100,89,79.1,89,100,79.1,70.19,89,79.1,89,79.1
6493,0.237686473873,96,5,1,0,79.1,100,89,79.1,89,100,79.1,70.19,89,79.1,89,79.1
6494,0.237661471789,98,3,1,0,79.1,100,89,79.1,89,100,79.1,70.19,89,79.1,89,79.1
6495,0.237636469706,98,3,1,0,79.1,100,89,79.1,89,100,79.1,70.19,89,79.1,89,79.1
6496,0.237611467622,98,3,1,0,79.1,100,89,79.1,89,100,79.1,70.19,89,79.1,89,79.1
6497,0.237586465539,98,3,1,0,79.1,100,89,79.1,89,100,79.1,70.19,89,79.1,89,79.1
6498,0.237561463455,98,3,1,0,79.1,100,89,79.1,89,100,79.1,70.19,89,79.1,89,79.1
6499,0.237536461372,96,5,1,0,79.1,100,89,79.1,89,100,79.1,70.19,89,79.1,89,79.1
6500,0.237511459288,98,3,1,0,79.1,100,89,79.1,89,100,79.1,70.19,89,79.1,89,79.1
6501,0.237486457205,94,7,1,0,79.1,100,89,79.1,89,100,79.1,70.19,89,79.1,89,79.1
6502,0.237461455121,96,5,1,0,79.1,100,89,79.1,89,100,79.1,70.19,89,79.1,89,79.1
6503,0.237436453038,98,3,1,0,79.1,100,89,79.1,89,100,79.1,70.19,89,79.1,89,79.1
6504,0.237411450954,98,3,1,0,79.1,100,89,79.1,89,100,79.1,70.19,89,79.1,89,79.1
6505,0.237386448871,98,3,1,0,79.1,100,89,79.1,89,100,79.1,70.19,89,79.1,89,79.1
6506,0.237361446787,98,3,1,0,79.1,100,89,79.1,89,100,79.1,70.19,89,79.1,89,79.1
6507,0.237336444704,96,5,1,0,79.1,100,89,79.1,89,100,79.1,70.19,89,79.1,89,79.1
6508,0.23731144262,95,6,1,0,79.1,100,89,79.1,89,100,79.1,70.19,89,79.1,89,79.1
6509,0.237286440537,98,3,1,0,79.1,100,89,79.1,89,100,79.1,70.19,89,79.1,89,79.1
6510,0.237261438453,98,3,1,0,79.1,100,89,79.1,89,100,79.1,70.19,89,79.1,89,79.1
6511,0.23723643637,98,3,1,0,79.1,100,89,79.1,89,100,79.1,70.19,89,79.1,89,79.1
6512,0.237211434286,98,3,1,0,79.1,100,89,79.1,89,100,79.1,70.19,89,79.1,89,79.1
6513,0.237186432203,98,3,1,0,79.1,100,89,79.1,89,100,79.1,70.19,89,79.1,89,79.1
6514,0.237161430119,98,3,1,0,79.1,100,89,79.1,89,100,79.1,70.19,89,79.1,89,79.1
6515,0.237136428036,98,3,1,0,79.1,100,89,79.1,89,100,79.1,70.19,89,79.1,89,79.1
6516,0.237111425952,92,9,1,0,79.1,100,89,79.1,89,100,79.1,70.19,89,79.1,89,79.1
6517,0.237086423869,98,3,1,0,79.1,100,89,79.1,89,100,79.1,70.19,89,79.1,89,79.1
6518,0.237061421785,97,4,1,0,79.1,100,89,79.1,89,100,79.1,70.19,89,79.1,89,79.1
6519,0.237036419702,98,3,1,0,79.1,100,89,79.1,89,100,79.1,70.19,89,79.1,89,79.1
6520,0.237011417618,98,3,1,0,79.1,100,89,79.1,89,100,79.1,70.19,89,79.1,89,79.1
6521,0.236986415535,97,4,1,0,79.1,100,89,79.1,89,100,79.1,70.19,89,79.1,89,79.1
6522,0.236961413451,98,3,1,0,79.1,100,89,79.1,89,100,79.1,70.19,89,79.1,89,79.1
6523,0.236936411368,98,3,1,0,79.1,100,89,79.1,89,100,79.1,70.19,89,79.1,89,79.1
6524,0.236911409284,98,3,1,0,79.1,100,89,79.1,89,100,79.1,70.19,89,79.1,89,79.1
6525,0.236886407201,98,3,1,0,79.1,100,89,79.1,89,100,79.1,70.19,89,79.1,89,79.1
6526,0.236861405117,98,3,1,0,79.1,100,89,79.1,89,100,79.1,70.19,89,79.1,89,79.1
6527,0.236836403034,96,5,1,0,79.1,100,89,79.1,89,100,79.1,70.19,89,79.1,89,79.1
6528,0.23681140095,98,3,1,0,79.1,100,89,79.1,89,100,79.1,70.19,89,79.1,89,79.1
6529,0.236786398867,98,3,1,0,79.1,100,89,79.1,89,100,79.1,70.19,89,79.1,89,79.1
6530,0.236761396783,97,4,1,0,79.1,100,89,79.1,89,100,79.1,70.19,89,79.1,89,79.1
6531,0.2367363947,98,3,1,0,79.1,100,89,79.1,89,100,79.1,70.19,89,79.1,89,79.1
6532,0.236711392616,98,3,1,0,79.1,100,89,79.1,89,100,79.1,70.19,89,79.1,89,79.1
6533,0.236686390533,98,3,1,0,79.1,100,89,79.1,89,100,79.1,70.19,89,79.1,89,79.1
6534,0.236661388449,95,6,1,0,79.1,100,89,79.1,89,100,79.1,70.19,89,79.1,89,79.1
6535,0.236636386366,98,3,1,0,79.1,100,89,79.1,89,100,79.1,70.19,89,79.1,89,79.1
6536,0.236611384282,98,3,1,0,79.1,100,89,79.1,89,100,79.1,70.19,89,79.1,89,79.1
6537,0.236586382199,96,5,1,0,79.1,100,89,79.1,89,100,79.1,70.19,89,79.1,89,79.1
6538,0.236561380115,98,3,1,0,79.1,100,89,79.1,89,100,79.1,70.19,89,79.1,89,79.1
6539,0.236536378032,98,3,1,0,79.1,100,89,79.1,89,100,79.1,70.19,89,79.1,89,79.1
6540,0.236511375948,98,3,1,0,79.1,100,89,79.1,89,100,79.1,70.19,89,79.1,89,79.1
6541,0.236486373864,98,3,1,0,79.1,100,89,79.1,89,100,79.1,70.19,89,79.1,89,79.1
6542,0.236461371781,98,3,1,0,79.1,100,89,79.1,89,100,79.1,70.19,89,79.1,89,79.1
6543,0.236436369697,96,5,1,0,79.1,100,89,79.1,89,100,79.1,70.19,89,79.1,89,79.1
6544,0.236411367614,98,3,1,0,79.1,100,89,79.1,89,100,79.1,70.19,89,79.1,89,79.1
6545,0.23638636553,98,3,1,0,79.1,100,89,79.1,89,100,79.1,70.19,89,79.1,89,79.1
6546,0.236361363447,98,3,1,0,79.1,100,89,79.1,89,100,79.1,70.19,89,79.1,89,79.1
6547,0.236336361363,98,3,1,0,79.1,100,89,79.1,89,100,79.1,70.19,89,79.1,89,79.1
6548,0.23631135928,98,3,1,0,79.1,100,89,79.1,89,100,79.1,70.19,89,79.1,89,79.1
6549,0.236286357196,98,3,1,0,79.1,100,89,79.1,89,100,79.1,70.19,89,79.1,89,79.1
6550,0.236261355113,96,5,1,0,79.1,100,89,79.1,89,100,79.1,70.19,89,79.1,89,79.1
6551,0.236236353029,98,3,1,0,79.1,100,89,79.1,89,100,79.1,70.19,89,79.1,89,79.1
6552,0.236211350946,98,3,1,0,79.1,100,89,79.1,89,100,79.1,70.19,89,79.1,89,79.1
6553,0.236186348862,97,4,1,0,79.1,100,89,79.1,89,100,79.1,70.19,89,79.1,89,79.1
6554,0.236161346779,98,3,1,0,79.1,100,89,79.1,89,100,79.1,70.19,89,79.1,89,79.1
6555,0.236136344695,98,3,1,0,79.1,100,89,79.1,89,100,79.1,70.19,89,79.1,89,79.1
6556,0.236111342612,98,3,1,0,79.1,100,89,79.1,89,100,79.1,70.19,89,79.1,89,79.1
6557,0.236086340528,98,3,1,0,79.1,100,89,79.1,89,100,79.1,70.19,89,79.1,89,79.1
6558,0.236061338445,98,3,1,0,79.1,100,89,79.1,89,100,79.1,70.19,89,79.1,89,79.1
6559,0.236036336361,96,5,1,0,79.1,100,89,79.1,89,100,79.1,70.19,89,79.1,89,79.1
6560,0.236011334278,96,5,1,0,79.1,100,89,79.1,89,100,79.1,70.19,89,79.1,89,79.1
6561,0.235986332194,97,4,1,0,79.1,100,89,79.1,89,100,79.1,70.19,89,79.1,89,79.1
6562,0.235961330111,96,5,1,0,79.1,100,89,79.1,89,100,79.1,70.19,89,79.1,89,79.1
6563,0.235936328027,96,5,1,0,79.1,100,89,79.1,89,100,79.1,70.19,89,79.1,89,79.1
6564,0.235911325944,98,3,1,0,79.1,100,89,79.1,89,100,79.1,70.19,89,79.1,89,79.1
6565,0.23588632386,98,3,1,0,79.1,100,89,79.1,89,100,79.1,70.19,89,79.1,89,79.1
6566,0.235861321777,98,3,1,0,79.1,100,89,79.1,89,100,79.1,70.19,89,79.1,89,79.1
6567,0.235836319693,96,5,1,0,79.1,100,89,79.1,89,100,79.1,70.19,89,79.1,89,79.1
6568,0.23581131761,98,3,1,0,79.1,100,89,79.1,89,100,79.1,70.19,89,79.1,89,79.1
6569,0.235786315526,98,3,1,0,79.1,100,89,79.1,89,100,79.1,70.19,89,79.1,89,79.1
6570,0.235761313443,98,3,1,0,79.1,100,89,79.1,89,100,79.1,70.19,89,79.1,89,79.1
6571,0.235736311359,98,3,1,0,79.1,100,89,79.1,89,100,79.1,70.19,89,79.1,89,79.1
6572,0.235711309276,98,3,1,0,79.1,100,89,79.1,89,100,79.1,70.19,89,79.1,89,79.1
6573,0.235686307192,98,3,1,0,79.1,100,89,79.1,89,100,79.1,70.19,89,79.1,89,79.1
6574,0.235661305109,98,3,1,0,79.1,100,89,79.1,89,100,79.1,70.19,89,79.1,89,79.1
6575,0.235636303025,98,3,1,0,79.1,100,89,79.1,89,100,79.1,70.19,89,79.1,89,79.1
6576,0.235611300942,98,3,1,0,79.1,100,89,79.1,89,100,79.1,70.19,89,79.1,89,79.1
6577,0.235586298858,94,7,1,0,79.1,100,89,79.1,89,100,79.1,70.19,89,79.1,89,79.1
6578,0.235561296775,98,3,1,0,79.1,100,89,79.1,89,100,79.1,70.19,89,79.1,89,79.1
6579,0.235536294691,98,3,1,0,79.1,100,89,79.1,89,100,79.1,70.19,89,79.1,89,79.1
6580,0.235511292608,98,3,1,0,79.1,100,89,79.1,89,100,79.1,70.19,89,79.1,89,79.1
6581,0.235486290524,95,6,1,0,79.1,100,89,79.1,89,100,79.1,70.19,89,79.1,89,79.1
6582,0.235461288441,98,3,1,0,79.1,100,89,79.1,89,100,79.1,70.19,89,79.1,89,79.1
6583,0.235436286357,98,3,1,0,79.1,100,89,79.1,89,100,79.1,70.19,89,79.1,89,79.1
6584,0.235411284274,98,3,1,0,79.1,100,89,79.1,89,100,79.1,70.19,89,79.1,89,79.1
6585,0.23538628219,97,4,1,0,79.1,100,89,79.1,89,100,79.1,70.19,89,79.1,89,79.1
6586,0.235361280107,98,3,1,0,79.1,100,89,79.1,89,100,79.1,70.19,89,79.1,89,79.1
6587,0.235336278023,98,3,1,0,79.1,100,89,79.1,89,100,79.1,70.19,89,79.1,89,79.1
6588,0.23531127594,97,4,1,0,79.1,100,89,79.1,89,100,79.1,70.19,89,79.1,89,79.1
6589,0.235286273856,98,3,1,0,79.1,100,89,79.1,89,100,79.1,70.19,89,79.1,89,79.1
6590,0.235261271773,95,6,1,0,79.1,100,89,79.1,89,100,79.1,70.19,89,79.1,89,79.1
6591,0.235236269689,98,3,1,0,79.1,100,89,79.1,89,100,79.1,70.19,89,79.1,89,79.1
6592,0.235211267606,97,4,1,0,79.1,100,89,79.1,89,100,79.1,70.19,89,79.1,89,79.1
6593,0.235186265522,98,3,1,0,79.1,100,89,79.1,89,100,79.1,70.19,89,79.1,89,79.1
6594,0.235161263439,98,3,1,0,79.1,100,89,79.1,89,100,79.1,70.19,89,79.1,89,79.1
6595,0.235136261355,98,3,1,0,79.1,100,89,79.1,89,100,79.1,70.19,89,79.1,89,79.1
6596,0.235111259272,98,3,1,0,79.1,100,89,79.1,89,100,79.1,70.19,89,79.1,89,79.1
6597,0.235086257188,98,3,1,0,79.1,100,89,79.1,89,100,79.1,70.19,89,79.1,89,79.1
6598,0.235061255105,97,4,1,0,79.1,100,89,79.1,89,100,79.1,70.19,89,79.1,89,79.1
6599,0.235036253021,96,5,1,0,79.1,100,89,79.1,89,100,79.1,70.19,89,79.1,89,79.1
6600,0.235011250938,98,3,1,0,79.1,100,89,79.1,89,100,79.1,70.19,89,79.1,89,79.1
6601,0.234986248854,98,3,1,0,79.1,100,89,79.1,89,100,79.1,70.19,89,79.1,89,79.1
6602,0.234961246771,98,3,1,0,79.1,100,89,79.1,89,100,79.1,70.19,89,79.1,89,79.1
6603,0.234936244687,98,3,1,0,79.1,100,89,79.1,89,100,79.1,70.19,89,79.1,89,79.1
6604,0.234911242604,95,6,1,0,79.1,100,89,79.1,89,100,79.1,70.19,89,79.1,89,79.1
6605,0.23488624052,97,4,1,0,79.1,100,89,79.1,89,100,79.1,70.19,89,79.1,89,79.1
6606,0.234861238437,98,3,1,0,79.1,100,89,79.1,89,100,79.1,70.19,89,79.1,89,79.1
6607,0.234836236353,98,3,1,0,79.1,100,89,79.1,89,100,79.1,70.19,89,79.1,89,79.1
6608,0.23481123427,98,3,1,0,79.1,100,89,79.1,89,100,79.1,70.19,89,79.1,89,79.1
6609,0.234786232186,98,3,1,0,79.1,100,89,79.1,89,100,79.1,70.19,89,79.1,89,79.1
6610,0.234761230103,98,3,1,0,79.1,100,89,79.1,89,100,79.1,70.19,89,79.1,89,79.1
6611,0.234736228019,93,8,1,0,79.1,100,89,79.1,89,100,79.1,70.19,89,79.1,89,79.1
6612,0.234711225935,98,3,1,0,79.1,100,89,79.1,89,100,79.1,70.19,89,79.1,89,79.1
6613,0.234686223852,98,3,1,0,79.1,100,89,79.1,89,100,79.1,70.19,89,79.1,89,79.1
6614,0.234661221768,98,3,1,0,79.1,100,89,79.1,89,100,79.1,70.19,89,79.1,89,79.1
6615,0.234636219685,98,3,1,0,79.1,100,89,79.1,89,100,79.1,70.19,89,79.1,89,79.1
6616,0.234611217601,98,3,1,0,79.1,100,89,79.1,89,100,79.1,70.19,89,79.1,89,79.1
6617,0.234586215518,98,3,1,0,79.1,100,89,79.1,89,100,79.1,70.19,89,79.1,89,79.1
6618,0.234561213434,98,3,1,0,79.1,100,89,79.1,89,100,79.1,70.19,89,79.1,89,79.1
6619,0.234536211351,98,3,1,0,79.1,100,89,79.1,89,100,79.1,70.19,89,79.1,89,79.1
6620,0.234511209267,98,3,1,0,79.1,100,89,79.1,89,100,79.1,70.19,89,79.1,89,79.1
6621,0.234486207184,98,3,1,0,79.1,100,89,79.1,89,100,79.1,70.19,89,79.1,89,79.1
6622,0.2344612051,98,3,1,0,79.1,100,89,79.1,89,100,79.1,70.19,89,79.1,89,79.1
6623,0.234436203017,98,3,1,0,79.1,100,89,79.1,89,100,79.1,70.19,89,79.1,89,79.1
6624,0.234411200933,96,5,1,0,79.1,100,89,79.1,89,100,79.1,70.19,89,79.1,89,79.1
6625,0.23438619885,98,3,1,0,79.1,100,89,79.1,89,100,79.1,70.19,89,79.1,89,79.1
6626,0.234361196766,96,5,1,0,79.1,100,89,79.1,89,100,79.1,70.19,89,79.1,89,79.1
6627,0.234336194683,97,4,1,0,79.1,100,89,79.1,89,100,79.1,70.19,89,79.1,89,79.1
6628,0.234311192599,95,6,1,0,79.1,100,89,79.1,89,100,79.1,70.19,89,79.1,89,79.1
6629,0.234286190516,98,3,1,0,79.1,100,89,79.1,89,100,79.1,70.19,89,79.1,89,79.1
6630,0.234261188432,97,4,1,0,79.1,100,89,79.1,89,100,79.1,70.19,89,79.1,89,79.1
6631,0.234236186349,98,3,1,0,79.1,100,89,79.1,89,100,79.1,70.19,89,79.1,89,79.1
6632,0.234211184265,98,3,1,0,79.1,100,89,79.1,89,100,79.1,70.19,89,79.1,89,79.1
6633,0.234186182182,98,3,1,0,79.1,100,89,79.1,89,100,79.1,70.19,89,79.1,89,79.1
6634,0.234161180098,98,3,1,0,79.1,100,89,79.1,89,100,79.1,70.19,89,79.1,89,79.1
6635,0.234136178015,98,3,1,0,79.1,100,89,79.1,89,100,79.1,70.19,89,79.1,89,79.1
6636,0.234111175931,98,3,1,0,79.1,100,89,79.1,89,100,79.1,70.19,89,79.1,89,79.1
6637,0.234086173848,98,3,1,0,79.1,100,89,79.1,89,100,79.1,70.19,89,79.1,89,79.1
6638,0.234061171764,98,3,1,0,79.1,100,89,79.1,89,100,79.1,70.19,89,79.1,89,79.1
6639,0.234036169681,98,3,1,0,79.1,100,89,79.1,89,100,79.1,70.19,89,79.1,89,79.1
6640,0.234011167597,98,3,1,0,79.1,100,89,79.1,89,100,79.1,70.19,89,79.1,89,79.1
6641,0.233986165514,98,3,1,0,79.1,100,89,79.1,89,100,79.1,70.19,89,79.1,89,79.1
6642,0.23396116343,98,3,1,0,79.1,100,89,79.1,89,100,79.1,70.19,89,79.1,89,79.1
6643,0.233936161347,98,3,1,0,79.1,100,89,79.1,89,100,79.1,70.19,89,79.1,89,79.1
6644,0.233911159263,97,4,1,0,79.1,100,89,79.1,89,100,79.1,70.19,89,79.1,89,79.1
6645,0.23388615718,98,3,1,0,79.1,100,89,79.1,89,100,79.1,70.19,89,79.1,89,79.1
6646,0.233861155096,98,3,1,0,79.1,100,89,79.1,89,100,79.1,70.19,89,79.1,89,79.1
6647,0.233836153013,98,3,1,0,79.1,100,89,79.1,89,100,79.1,70.19,89,79.1,89,79.1
6648,0.233811150929,98,3,1,0,79.1,100,89,79.1,89,100,79.1,70.19,89,79.1,89,79.1
6649,0.233786148846,98,3,1,0,79.1,100,89,79.1,89,100,79.1,70.19,89,79.1,89,79.1
6650,0.233761146762,98,3,1,0,79.1,100,89,79.1,89,100,79.1,70.19,89,79.1,89,79.1
6651,0.233736144679,98,3,1,0,79.1,100,89,79.1,89,100,79.1,70.19,89,79.1,89,79.1
6652,0.233711142595,95,6,1,0,79.1,100,89,79.1,89,100,79.1,70.19,89,79.1,89,79.1
6653,0.233686140512,97,4,1,0,79.1,100,89,79.1,89,100,79.1,70.19,89,79.1,89,79.1
6654,0.233661138428,98,3,1,0,79.1,100,89,79.1,89,100,79.1,70.19,89,79.1,89,79.1
6655,0.233636136345,98,3,1,0,79.1,100,89,79.1,89,100,79.1,70.19,89,79.1,89,79.1
6656,0.233611134261,96,5,1,0,79.1,100,89,79.1,89,100,79.1,70.19,89,79.1,89,79.1
6657,0.233586132178,98,3,1,0,79.1,100,89,79.1,89,100,79.1,70.19,89,79.1,89,79.1
6658,0.233561130094,98,3,1,0,79.1,100,89,79.1,89,100,79.1,70.19,89,79.1,89,79.1
6659,0.233536128011,98,3,1,0,79.1,100,89,79.1,89,100,79.1,70.19,89,79.1,89,79.1
6660,0.233511125927,96,5,1,0,79.1,100,89,79.1,89,100,79.1,70.19,89,79.1,89,79.1
6661,0.233486123844,98,3,1,0,79.1,100,89,79.1,89,100,79.1,70.19,89,79.1,89,79.1
6662,0.23346112176,97,4,1,0,79.1,100,89,79.1,89,100,79.1,70.19,89,79.1,89,79.1
6663,0.233436119677,97,4,1,0,79.1,100,89,79.1,89,100,79.1,70.19,89,79.1,89,79.1
6664,0.233411117593,98,3,1,0,79.1,100,89,79.1,89,100,79.1,70.19,89,79.1,89,79.1
6665,0.23338611551,98,3,1,0,79.1,100,89,79.1,89,100,79.1,70.19,89,79.1,89,79.1
6666,0.233361113426,98,3,1,0,79.1,100,89,79.1,89,100,79.1,70.19,89,79.1,89,79.1
6667,0.233336111343,98,3,1,0,79.1,100,89,79.1,89,100,79.1,70.19,89,79.1,89,79.1
6668,0.233311109259,98,3,1,0,79.1,100,89,79.1,89,100,79.1,70.19,89,79.1,89,79.1
6669,0.233286107176,96,5,1,0,79.1,100,89,79.1,89,100,79.1,70.19,89,79.1,89,79.1
6670,0.233261105092,94,7,1,0,79.1,100,89,79.1,89,100,79.1,70.19,89,79.1,89,79.1
6671,0.233236103009,98,3,1,0,79.1,100,89,79.1,89,100,79.1,70.19,89,79.1,89,79.1
6672,0.233211100925,98,3,1,0,79.1,100,89,79.1,89,100,79.1,70.19,89,79.1,89,79.1
6673,0.233186098842,98,3,1,0,79.1,100,89,79.1,89,100,79.1,70.19,89,79.1,89,79.1
6674,0.233161096758,98,3,1,0,79.1,100,89,79.1,89,100,79.1,70.19,89,79.1,89,79.1
6675,0.233136094675,98,3,1,0,79.1,100,89,79.1,89,100,79.1,70.19,89,79.1,89,79.1
6676,0.233111092591,98,3,1,0,79.1,100,89,79.1,89,100,79.1,70.19,89,79.1,89,79.1
6677,0.233086090508,98,3,1,0,79.1,100,89,79.1,89,100,79.1,70.19,89,79.1,89,79.1
6678,0.233061088424,96,5,1,0,79.1,100,89,79.1,89,100,79.1,70.19,89,79.1,89,79.1
6679,0.233036086341,96,5,1,0,79.1,100,89,79.1,89,100,79.1,70.19,89,79.1,89,79.1
6680,0.233011084257,98,3,1,0,79.1,100,89,79.1,89,100,79.1,70.19,89,79.1,89,79.1
6681,0.232986082174,98,3,1,0,79.1,100,89,79.1,89,100,79.1,70.19,89,79.1,89,79.1
6682,0.23296108009,98,3,1,0,79.1,100,89,79.1,89,100,79.1,70.19,89,79.1,89,79.1
6683,0.232936078007,98,3,1,0,79.1,100,89,79.1,89,100,79.1,70.19,89,79.1,89,79.1
6684,0.232911075923,98,3,1,0,79.1,100,89,79.1,89,100,79.1,70.19,89,79.1,89,79.1
6685,0.232886073839,98,3,1,0,79.1,100,89,79.1,89,100,79.1,70.19,89,79.1,89,79.1
6686,0.232861071756,96,5,1,0,79.1,100,89,79.1,89,100,79.1,70.19,89,79.1,89,79.1
6687,0.232836069672,98,3,1,0,79.1,100,89,79.1,89,100,79.1,70.19,89,79.1,89,79.1
6688,0.232811067589,98,3,1,0,79.1,100,89,79.1,89,100,79.1,70.19,89,79.1,89,79.1
6689,0.232786065505,98,3,1,0,79.1,100,89,79.1,89,100,79.1,70.19,89,79.1,89,79.1
6690,0.232761063422,98,3,1,0,79.1,100,89,79.1,89,100,79.1,70.19,89,79.1,89,79.1
6691,0.232736061338,98,3,1,0,79.1,100,89,79.1,89,100,79.1,70.19,89,79.1,89,79.1
6692,0.232711059255,98,3,1,0,79.1,100,89,79.1,89,100,79.1,70.19,89,79.1,89,79.1
6693,0.232686057171,98,3,1,0,79.1,100,89,79.1,89,100,79.1,70.19,89,79.1,89,79.1
6694,0.232661055088,97,4,1,0,79.1,100,89,79.1,89,100,79.1,70.19,89,79.1,89,79.1
6695,0.232636053004,98,3,1,0,79.1,100,89,79.1,89,100,79.1,70.19,89,79.1,89,79.1
6696,0.232611050921,98,3,1,0,79.1,100,89,79.1,89,100,79.1,70.19,89,79.1,89,79.1
6697,0.232586048837,98,3,1,0,79.1,100,89,79.1,89,100,79.1,70.19,89,79.1,89,79.1
6698,0.232561046754,98,3,1,0,79.1,100,89,79.1,89,100,79.1,70.19,89,79.1,89,79.1
6699,0.23253604467,98,3,1,0,79.1,100,89,79.1,89,100,79.1,70.19,89,79.1,89,79.1
6700,0.232511042587,95,6,1,0,79.1,100,89,79.1,89,100,79.1,70.19,89,79.1,89,79.1
6701,0.232486040503,98,3,1,0,79.1,100,89,79.1,89,100,79.1,70.19,89,79.1,89,79.1
6702,0.23246103842,98,3,1,0,79.1,100,89,79.1,89,100,79.1,70.19,89,79.1,89,79.1
6703,0.232436036336,98,3,1,0,79.1,100,89,79.1,89,100,79.1,70.19,89,79.1,89,79.1
6704,0.232411034253,98,3,1,0,79.1,100,89,79.1,89,100,79.1,70.19,89,79.1,89,79.1
6705,0.232386032169,98,3,1,0,79.1,100,89,79.1,89,100,79.1,70.19,89,79.1,89,79.1
6706,0.232361030086,98,3,1,0,79.1,100,89,79.1,89,100,79.1,70.19,89,79.1,89,79.1
6707,0.232336028002,98,3,1,0,79.1,100,89,79.1,89,100,79.1,70.19,89,79.1,89,79.1
6708,0.232311025919,98,3,1,0,79.1,100,89,79.1,89,100,79.1,70.19,89,79.1,89,79.1
6709,0.232286023835,96,5,1,0,79.1,100,89,79.1,89,100,79.1,70.19,89,79.1,89,79.1
6710,0.232261021752,98,3,1,0,79.1,100,89,79.1,89,100,79.1,70.19,89,79.1,89,79.1
6711,0.232236019668,98,3,1,0,79.1,100,89,79.1,89,100,79.1,70.19,89,79.1,89,79.1
6712,0.232211017585,98,3,1,0,79.1,100,89,79.1,89,100,79.1,70.19,89,79.1,89,79.1
6713,0.232186015501,98,3,1,0,79.1,100,89,79.1,89,100,79.1,70.19,89,79.1,89,79.1
6714,0.232161013418,98,3,1,0,79.1,100,89,79.1,89,100,79.1,70.19,89,79.1,89,79.1
6715,0.232136011334,96,5,1,0,79.1,100,89,79.1,89,100,79.1,70.19,89,79.1,89,79.1
6716,0.232111009251,98,3,1,0,79.1,100,89,79.1,89,100,79.1,70.19,89,79.1,89,79.1
6717,0.232086007167,98,3,1,0,79.1,100,89,79.1,89,100,79.1,70.19,89,79.1,89,79.1
6718,0.232061005084,97,4,1,0,79.1,100,89,79.1,89,100,79.1,70.19,89,79.1,89,79.1
6719,0.232036003,98,3,1,0,79.1,100,89,79.1,89,100,79.1,70.19,89,79.1,89,79.1
6720,0.232011000917,97,4,1,0,79.1,100,89,79.1,89,100,79.1,70.19,89,79.1,89,79.1
6721,0.231985998833,95,6,1,0,79.1,100,89,79.1,89,100,79.1,70.19,89,79.1,89,79.1
6722,0.23196099675,98,3,1,0,79.1,100,89,79.1,89,100,79.1,70.19,89,79.1,89,79.1
6723,0.231935994666,98,3,1,0,79.1,100,89,79.1,89,100,79.1,70.19,89,79.1,89,79.1
6724,0.231910992583,98,3,1,0,79.1,100,89,79.1,89,100,79.1,70.19,89,79.1,89,79.1
6725,0.231885990499,98,3,1,0,79.1,100,89,79.1,89,100,79.1,70.19,89,79.1,89,79.1
6726,0.231860988416,98,3,1,0,79.1,100,89,79.1,89,100,79.1,70.19,89,79.1,89,79.1
6727,0.231835986332,98,3,1,0,79.1,100,89,79.1,89,100,79.1,70.19,89,79.1,89,79.1
6728,0.231810984249,98,3,1,0,79.1,100,89,79.1,89,100,79.1,70.19,89,79.1,89,79.1
6729,0.231785982165,98,3,1,0,79.1,100,89,79.1,89,100,79.1,70.19,89,79.1,89,79.1
6730,0.231760980082,98,3,1,0,79.1,100,89,79.1,89,100,79.1,70.19,89,79.1,89,79.1
6731,0.231735977998,98,3,1,0,79.1,100,89,79.1,89,100,79.1,70.19,89,79.1,89,79.1
6732,0.231710975915,98,3,1,0,79.1,100,89,79.1,89,100,79.1,70.19,89,79.1,89,79.1
6733,0.231685973831,95,6,1,0,79.1,100,89,79.1,89,100,79.1,70.19,89,79.1,89,79.1
6734,0.231660971748,98,3,1,0,79.1,100,89,79.1,89,100,79.1,70.19,89,79.1,89,79.1
6735,0.231635969664,98,3,1,0,79.1,100,89,79.1,89,100,79.1,70.19,89,79.1,89,79.1
6736,0.231610967581,97,4,1,0,79.1,100,89,79.1,89,100,79.1,70.19,89,79.1,89,79.1
6737,0.231585965497,98,3,1,0,79.1,100,89,79.1,89,100,79.1,70.19,89,79.1,89,79.1
6738,0.231560963414,95,6,1,0,79.1,100,89,79.1,89,100,79.1,70.19,89,79.1,89,79.1
6739,0.23153596133,98,3,1,0,79.1,100,89,79.1,89,100,79.1,70.19,89,79.1,89,79.1
6740,0.231510959247,94,7,1,0,79.1,100,89,79.1,89,100,79.1,70.19,89,79.1,89,79.1
6741,0.231485957163,98,3,1,0,79.1,100,89,79.1,89,100,79.1,70.19,89,79.1,89,79.1
6742,0.23146095508,98,3,1,0,79.1,100,89,79.1,89,100,79.1,70.19,89,79.1,89,79.1
6743,0.231435952996,98,3,1,0,79.1,100,89,79.1,89,100,79.1,70.19,89,79.1,89,79.1
6744,0.231410950913,98,3,1,0,79.1,100,89,79.1,89,100,79.1,70.19,89,79.1,89,79.1
6745,0.231385948829,94,7,1,0,79.1,100,89,79.1,89,100,79.1,70.19,89,79.1,89,79.1
6746,0.231360946746,97,4,1,0,79.1,100,89,79.1,89,100,79.1,70.19,89,79.1,89,79.1
6747,0.231335944662,98,3,1,0,79.1,100,89,79.1,89,100,79.1,70.19,89,79.1,89,79.1
6748,0.231310942579,98,3,1,0,79.1,100,89,79.1,89,100,79.1,70.19,89,79.1,89,79.1
6749,0.231285940495,97,4,1,0,79.1,100,89,79.1,89,100,79.1,70.19,89,79.1,89,79.1
6750,0.231260938412,98,3,1,0,79.1,100,89,79.1,89,100,79.1,70.19,89,79.1,89,79.1
6751,0.231235936328,96,5,1,0,79.1,100,89,79.1,89,100,79.1,70.19,89,79.1,89,79.1
6752,0.231210934245,97,4,1,0,79.1,100,89,79.1,89,100,79.1,70.19,89,79.1,89,79.1
6753,0.231185932161,98,3,1,0,79.1,100,89,79.1,89,100,79.1,70.19,89,79.1,89,79.1
6754,0.231160930078,98,3,1,0,79.1,100,89,79.1,89,100,79.1,70.19,89,79.1,89,79.1
6755,0.231135927994,98,3,1,0,79.1,100,89,79.1,89,100,79.1,70.19,89,79.1,89,79.1
6756,0.23111092591,98,3,1,0,79.1,100,89,79.1,89,100,79.1,70.19,89,79.1,89,79.1
6757,0.231085923827,98,3,1,0,79.1,100,89,79.1,89,100,79.1,70.19,89,79.1,89,79.1
6758,0.231060921743,95,6,1,0,79.1,100,89,79.1,89,100,79.1,70.19,89,79.1,89,79.1
6759,0.23103591966,96,5,1,0,79.1,100,89,79.1,89,100,79.1,70.19,89,79.1,89,79.1
6760,0.231010917576,98,3,1,0,79.1,100,89,79.1,89,100,79.1,70.19,89,79.1,89,79.1
6761,0.230985915493,98,3,1,0,79.1,100,89,79.1,89,100,79.1,70.19,89,79.1,89,79.1
6762,0.230960913409,98,3,1,0,79.1,100,89,79.1,89,100,79.1,70.19,89,79.1,89,79.1
6763,0.230935911326,98,3,1,0,79.1,100,89,79.1,89,100,79.1,70.19,89,79.1,89,79.1
6764,0.230910909242,98,3,1,0,79.1,100,89,79.1,89,100,79.1,70.19,89,79.1,89,79.1
6765,0.230885907159,98,3,1,0,79.1,100,89,79.1,89,100,79.1,70.19,89,79.1,89,79.1
6766,0.230860905075,98,3,1,0,79.1,100,89,79.1,89,100,79.1,70.19,89,79.1,89,79.1
6767,0.230835902992,98,3,1,0,79.1,100,89,79.1,89,100,79.1,70.19,89,79.1,89,79.1
6768,0.230810900908,98,3,1,0,79.1,100,89,79.1,89,100,79.1,70.19,89,79.1,89,79.1
6769,0.230785898825,98,3,1,0,79.1,100,89,79.1,89,100,79.1,70.19,89,79.1,89,79.1
6770,0.230760896741,98,3,1,0,79.1,100,89,79.1,89,100,79.1,70.19,89,79.1,89,79.1
6771,0.230735894658,98,3,1,0,79.1,100,89,79.1,89,100,79.1,70.19,89,79.1,89,79.1
6772,0.230710892574,98,3,1,0,79.1,100,89,79.1,89,100,79.1,70.19,89,79.1,89,79.1
6773,0.230685890491,98,3,1,0,79.1,100,89,79.1,89,100,79.1,70.19,89,79.1,89,79.1
6774,0.230660888407,98,3,1,0,79.1,100,89,79.1,89,100,79.1,70.19,89,79.1,89,79.1
6775,0.230635886324,98,3,1,0,79.1,100,89,79.1,89,100,79.1,70.19,89,79.1,89,79.1
6776,0.23061088424,96,5,1,0,79.1,100,89,79.1,89,100,79.1,70.19,89,79.1,89,79.1
6777,0.230585882157,94,7,1,0,79.1,100,89,79.1,89,100,79.1,70.19,89,79.1,89,79.1
6778,0.230560880073,95,6,1,0,79.1,100,89,79.1,89,100,79.1,70.19,89,79.1,89,79.1
6779,0.23053587799,98,3,1,0,79.1,100,89,79.1,89,100,79.1,70.19,89,79.1,89,79.1
6780,0.230510875906,98,3,1,0,79.1,100,89,79.1,89,100,79.1,70.19,89,79.1,89,79.1
6781,0.230485873823,98,3,1,0,79.1,100,89,79.1,89,100,79.1,70.19,89,79.1,89,79.1
6782,0.230460871739,98,3,1,0,79.1,100,89,79.1,89,100,79.1,70.19,89,79.1,89,79.1
6783,0.230435869656,98,3,1,0,79.1,100,89,79.1,89,100,79.1,70.19,89,79.1,89,79.1
6784,0.230410867572,98,3,1,0,79.1,100,89,79.1,89,100,79.1,70.19,89,79.1,89,79.1
6785,0.230385865489,98,3,1,0,79.1,100,89,79.1,89,100,79.1,70.19,89,79.1,89,79.1
6786,0.230360863405,98,3,1,0,79.1,100,89,79.1,89,100,79.1,70.19,89,79.1,89,79.1
6787,0.230335861322,96,5,1,0,79.1,100,89,79.1,89,100,79.1,70.19,89,79.1,89,79.1
6788,0.230310859238,98,3,1,0,79.1,100,89,79.1,89,100,79.1,70.19,89,79.1,89,79.1
6789,0.230285857155,97,4,1,0,79.1,100,89,79.1,89,100,79.1,70.19,89,79.1,89,79.1
6790,0.230260855071,98,3,1,0,79.1,100,89,79.1,89,100,79.1,70.19,89,79.1,89,79.1
6791,0.230235852988,98,3,1,0,79.1,100,89,79.1,89,100,79.1,70.19,89,79.1,89,79.1
6792,0.230210850904,98,3,1,0,79.1,100,89,79.1,89,100,79.1,70.19,89,79.1,89,79.1
6793,0.230185848821,95,6,1,0,79.1,100,89,79.1,89,100,79.1,70.19,89,79.1,89,79.1
6794,0.230160846737,98,3,1,0,79.1,100,89,79.1,89,100,79.1,70.19,89,79.1,89,79.1
6795,0.230135844654,97,4,1,0,79.1,100,89,79.1,89,100,79.1,70.19,89,79.1,89,79.1
6796,0.23011084257,98,3,1,0,79.1,100,89,79.1,89,100,79.1,70.19,89,79.1,89,79.1
6797,0.230085840487,98,3,1,0,79.1,100,89,79.1,89,100,79.1,70.19,89,79.1,89,79.1
6798,0.230060838403,98,3,1,0,79.1,100,89,79.1,89,100,79.1,70.19,89,79.1,89,79.1
6799,0.23003583632,98,3,1,0,79.1,100,89,79.1,89,100,79.1,70.19,89,79.1,89,79.1
6800,0.230010834236,98,3,1,0,79.1,100,89,79.1,89,100,79.1,70.19,89,79.1,89,79.1
6801,0.229985832153,98,3,1,0,79.1,100,89,79.1,89,100,79.1,70.19,89,79.1,89,79.1
6802,0.229960830069,98,3,1,0,79.1,100,89,79.1,89,100,79.1,70.19,89,79.1,89,79.1
6803,0.229935827986,98,3,1,0,79.1,100,89,79.1,89,100,79.1,70.19,89,79.1,89,79.1
6804,0.229910825902,98,3,1,0,79.1,100,89,79.1,89,100,79.1,70.19,89,79.1,89,79.1
6805,0.229885823819,98,3,1,0,79.1,100,89,79.1,89,100,79.1,70.19,89,79.1,89,79.1
6806,0.229860821735,96,5,1,0,79.1,100,89,79.1,89,100,79.1,70.19,89,79.1,89,79.1
6807,0.229835819652,98,3,1,0,79.1,100,89,79.1,89,100,79.1,70.19,89,79.1,89,79.1
6808,0.229810817568,98,3,1,0,79.1,100,89,79.1,89,100,79.1,70.19,89,79.1,89,79.1
6809,0.229785815485,97,4,1,0,79.1,100,89,79.1,89,100,79.1,70.19,89,79.1,89,79.1
6810,0.229760813401,98,3,1,0,79.1,100,89,79.1,89,100,79.1,70.19,89,79.1,89,79.1
6811,0.229735811318,98,3,1,0,79.1,100,89,79.1,89,100,79.1,70.19,89,79.1,89,79.1
6812,0.229710809234,98,3,1,0,79.1,100,89,79.1,89,100,79.1,70.19,89,79.1,89,79.1
6813,0.229685807151,97,4,1,0,79.1,100,89,79.1,89,100,79.1,70.19,89,79.1,89,79.1
6814,0.229660805067,98,3,1,0,79.1,100,89,79.1,89,100,79.1,70.19,89,79.1,89,79.1
6815,0.229635802984,98,3,1,0,79.1,100,89,79.1,89,100,79.1,70.19,89,79.1,89,79.1
6816,0.2296108009,93,8,1,0,79.1,100,89,79.1,89,100,79.1,70.19,89,79.1,89,79.1
6817,0.229585798817,98,3,1,0,79.1,100,89,79.1,89,100,79.1,70.19,89,79.1,89,79.1
6818,0.229560796733,98,3,1,0,79.1,100,89,79.1,89,100,79.1,70.19,89,79.1,89,79.1
6819,0.22953579465,96,5,1,0,79.1,100,89,79.1,89,100,79.1,70.19,89,79.1,89,79.1
6820,0.229510792566,97,4,1,0,79.1,100,89,79.1,89,100,79.1,70.19,89,79.1,89,79.1
6821,0.229485790483,98,3,1,0,79.1,100,89,79.1,89,100,79.1,70.19,89,79.1,89,79.1
6822,0.229460788399,97,4,1,0,79.1,100,89,79.1,89,100,79.1,70.19,89,79.1,89,79.1
6823,0.229435786316,96,5,1,0,79.1,100,89,79.1,89,100,79.1,70.19,89,79.1,89,79.1
6824,0.229410784232,98,3,1,0,79.1,100,89,79.1,89,100,79.1,70.19,89,79.1,89,79.1
6825,0.229385782149,98,3,1,0,79.1,100,89,79.1,89,100,79.1,70.19,89,79.1,89,79.1
6826,0.229360780065,98,3,1,0,79.1,100,89,79.1,89,100,79.1,70.19,89,79.1,89,79.1
6827,0.229335777981,97,4,1,0,79.1,100,89,79.1,89,100,79.1,70.19,89,79.1,89,79.1
6828,0.229310775898,98,3,1,0,79.1,100,89,79.1,89,100,79.1,70.19,89,79.1,89,79.1
6829,0.229285773814,98,3,1,0,79.1,100,89,79.1,89,100,79.1,70.19,89,79.1,89,79.1
6830,0.229260771731,96,5,1,0,79.1,100,89,79.1,89,100,79.1,70.19,89,79.1,89,79.1
6831,0.229235769647,98,3,1,0,79.1,100,89,79.1,89,100,79.1,70.19,89,79.1,89,79.1
6832,0.229210767564,98,3,1,0,79.1,100,89,79.1,89,100,79.1,70.19,89,79.1,89,79.1
6833,0.22918576548,96,5,1,0,79.1,100,89,79.1,89,100,79.1,70.19,89,79.1,89,79.1
6834,0.229160763397,96,5,1,0,79.1,100,89,79.1,89,100,79.1,70.19,89,79.1,89,79.1
6835,0.229135761313,98,3,1,0,79.1,100,89,79.1,89,100,79.1,70.19,89,79.1,89,79.1
6836,0.22911075923,98,3,1,0,79.1,100,89,79.1,89,100,79.1,70.19,89,79.1,89,79.1
6837,0.229085757146,98,3,1,0,79.1,100,89,79.1,89,100,79.1,70.19,89,79.1,89,79.1
6838,0.229060755063,97,4,1,0,79.1,100,89,79.1,89,100,79.1,70.19,89,79.1,89,79.1
6839,0.229035752979,97,4,1,0,79.1,100,89,79.1,89,100,79.1,70.19,89,79.1,89,79.1
6840,0.229010750896,98,3,1,0,79.1,100,89,79.1,89,100,79.1,70.19,89,79.1,89,79.1
6841,0.228985748812,96,5,1,0,79.1,100,89,79.1,89,100,79.1,70.19,89,79.1,89,79.1
6842,0.228960746729,98,3,1,0,79.1,100,89,79.1,89,100,79.1,70.19,89,79.1,89,79.1
6843,0.228935744645,97,4,1,0,79.1,100,89,79.1,89,100,79.1,70.19,89,79.1,89,79.1
6844,0.228910742562,98,3,1,0,79.1,100,89,79.1,89,100,79.1,70.19,89,79.1,89,79.1
6845,0.228885740478,98,3,1,0,79.1,100,89,79.1,89,100,79.1,70.19,89,79.1,89,79.1
6846,0.228860738395,98,3,1,0,79.1,100,89,79.1,89,100,79.1,70.19,89,79.1,89,79.1
6847,0.228835736311,98,3,1,0,79.1,100,89,79.1,89,100,79.1,70.19,89,79.1,89,79.1
6848,0.228810734228,98,3,1,0,79.1,100,89,79.1,89,100,79.1,70.19,89,79.1,89,79.1
6849,0.228785732144,96,5,1,0,79.1,100,89,79.1,89,100,79.1,70.19,89,79.1,89,79.1
6850,0.228760730061,98,3,1,0,79.1,100,89,79.1,89,100,79.1,70.19,89,79.1,89,79.1
6851,0.228735727977,98,3,1,0,79.1,100,89,79.1,89,100,79.1,70.19,89,79.1,89,79.1
6852,0.228710725894,98,3,1,0,79.1,100,89,79.1,89,100,79.1,70.19,89,79.1,89,79.1
6853,0.22868572381,98,3,1,0,79.1,100,89,79.1,89,100,79.1,70.19,89,79.1,89,79.1
6854,0.228660721727,98,3,1,0,79.1,100,89,79.1,89,100,79.1,70.19,89,79.1,89,79.1
6855,0.228635719643,97,4,1,0,79.1,100,89,79.1,89,100,79.1,70.19,89,79.1,89,79.1
6856,0.22861071756,98,3,1,0,79.1,100,89,79.1,89,100,79.1,70.19,89,79.1,89,79.1
6857,0.228585715476,98,3,1,0,79.1,100,89,79.1,89,100,79.1,70.19,89,79.1,89,79.1
6858,0.228560713393,98,3,1,0,79.1,100,89,79.1,89,100,79.1,70.19,89,79.1,89,79.1
6859,0.228535711309,98,3,1,0,79.1,100,89,79.1,89,100,79.1,70.19,89,79.1,89,79.1
6860,0.228510709226,97,4,1,0,79.1,100,89,79.1,89,100,79.1,70.19,89,79.1,89,79.1
6861,0.228485707142,97,4,1,0,79.1,100,89,79.1,89,100,79.1,70.19,89,79.1,89,79.1
6862,0.228460705059,98,3,1,0,79.1,100,89,79.1,89,100,79.1,70.19,89,79.1,89,79.1
6863,0.228435702975,97,4,1,0,79.1,100,89,79.1,89,100,79.1,70.19,89,79.1,89,79.1
6864,0.228410700892,94,7,1,0,79.1,100,89,79.1,89,100,79.1,70.19,89,79.1,89,79.1
6865,0.228385698808,97,4,1,0,79.1,100,89,79.1,89,100,79.1,70.19,89,79.1,89,79.1
6866,0.228360696725,98,3,1,0,79.1,100,89,79.1,89,100,79.1,70.19,89,79.1,89,79.1
6867,0.228335694641,98,3,1,0,79.1,100,89,79.1,89,100,79.1,70.19,89,79.1,89,79.1
6868,0.228310692558,98,3,1,0,79.1,100,89,79.1,89,100,79.1,70.19,89,79.1,89,79.1
6869,0.228285690474,98,3,1,0,79.1,100,89,79.1,89,100,79.1,70.19,89,79.1,89,79.1
6870,0.228260688391,98,3,1,0,79.1,100,89,79.1,89,100,79.1,70.19,89,79.1,89,79.1
6871,0.228235686307,96,5,1,0,79.1,100,89,79.1,89,100,79.1,70.19,89,79.1,89,79.1
6872,0.228210684224,98,3,1,0,79.1,100,89,79.1,89,100,79.1,70.19,89,79.1,89,79.1
6873,0.22818568214,98,3,1,0,79.1,100,89,79.1,89,100,79.1,70.19,89,79.1,89,79.1
6874,0.228160680057,98,3,1,0,79.1,100,89,79.1,89,100,79.1,70.19,89,79.1,89,79.1
6875,0.228135677973,98,3,1,0,79.1,100,89,79.1,89,100,79.1,70.19,89,79.1,89,79.1
6876,0.22811067589,98,3,1,0,79.1,100,89,79.1,89,100,79.1,70.19,89,79.1,89,79.1
6877,0.228085673806,98,3,1,0,79.1,100,89,79.1,89,100,79.1,70.19,89,79.1,89,79.1
6878,0.228060671723,98,3,1,0,79.1,100,89,79.1,89,100,79.1,70.19,89,79.1,89,79.1
6879,0.228035669639,98,3,1,0,79.1,100,89,79.1,89,100,79.1,70.19,89,79.1,89,79.1
6880,0.228010667556,98,3,1,0,79.1,100,89,79.1,89,100,79.1,70.19,89,79.1,89,79.1
6881,0.227985665472,98,3,1,0,79.1,100,89,79.1,89,100,79.1,70.19,89,79.1,89,79.1
6882,0.227960663389,98,3,1,0,79.1,100,89,79.1,89,100,79.1,70.19,89,79.1,89,79.1
6883,0.227935661305,97,4,1,0,79.1,100,89,79.1,89,100,79.1,70.19,89,79.1,89,79.1
6884,0.227910659222,98,3,1,0,79.1,100,89,79.1,89,100,79.1,70.19,89,79.1,89,79.1
6885,0.227885657138,96,5,1,0,79.1,100,89,79.1,89,100,79.1,70.19,89,79.1,89,79.1
6886,0.227860655055,98,3,1,0,79.1,100,89,79.1,89,100,79.1,70.19,89,79.1,89,79.1
6887,0.227835652971,98,3,1,0,79.1,100,89,79.1,89,100,79.1,70.19,89,79.1,89,79.1
6888,0.227810650888,98,3,1,0,79.1,100,89,79.1,89,100,79.1,70.19,89,79.1,89,79.1
6889,0.227785648804,98,3,1,0,79.1,100,89,79.1,89,100,79.1,70.19,89,79.1,89,79.1
6890,0.227760646721,98,3,1,0,79.1,100,89,79.1,89,100,79.1,70.19,89,79.1,89,79.1
6891,0.227735644637,98,3,1,0,79.1,100,89,79.1,89,100,79.1,70.19,89,79.1,89,79.1
6892,0.227710642554,98,3,1,0,79.1,100,89,79.1,89,100,79.1,70.19,89,79.1,89,79.1
6893,0.22768564047,97,4,1,0,79.1,100,89,79.1,89,100,79.1,70.19,89,79.1,89,79.1
6894,0.227660638387,98,3,1,0,79.1,100,89,79.1,89,100,79.1,70.19,89,79.1,89,79.1
6895,0.227635636303,98,3,1,0,79.1,100,89,79.1,89,100,79.1,70.19,89,79.1,89,79.1
6896,0.22761063422,98,3,1,0,79.1,100,89,79.1,89,100,79.1,70.19,89,79.1,89,79.1
6897,0.227585632136,97,4,1,0,79.1,100,89,79.1,89,100,79.1,70.19,89,79.1,89,79.1
6898,0.227560630053,98,3,1,0,79.1,100,89,79.1,89,100,79.1,70.19,89,79.1,89,79.1
6899,0.227535627969,98,3,1,0,79.1,100,89,79.1,89,100,79.1,70.19,89,79.1,89,79.1
6900,0.227510625885,98,3,1,0,79.1,100,89,79.1,89,100,79.1,70.19,89,79.1,89,79.1
6901,0.227485623802,98,3,1,0,79.1,100,89,79.1,89,100,79.1,70.19,89,79.1,89,79.1
6902,0.227460621718,98,3,1,0,79.1,100,89,79.1,89,100,79.1,70.19,89,79.1,89,79.1
6903,0.227435619635,98,3,1,0,79.1,100,89,79.1,89,100,79.1,70.19,89,79.1,89,79.1
6904,0.227410617551,98,3,1,0,79.1,100,89,79.1,89,100,79.1,70.19,89,79.1,89,79.1
6905,0.227385615468,98,3,1,0,79.1,100,89,79.1,89,100,79.1,70.19,89,79.1,89,79.1
6906,0.227360613384,96,5,1,0,79.1,100,89,79.1,89,100,79.1,70.19,89,79.1,89,79.1
6907,0.227335611301,98,3,1,0,79.1,100,89,79.1,89,100,79.1,70.19,89,79.1,89,79.1
6908,0.227310609217,98,3,1,0,79.1,100,89,79.1,89,100,79.1,70.19,89,79.1,89,79.1
6909,0.227285607134,98,3,1,0,79.1,100,89,79.1,89,100,79.1,70.19,89,79.1,89,79.1
6910,0.22726060505,96,5,1,0,79.1,100,89,79.1,89,100,79.1,70.19,89,79.1,89,79.1
6911,0.227235602967,98,3,1,0,79.1,100,89,79.1,89,100,79.1,70.19,89,79.1,89,79.1
6912,0.227210600883,98,3,1,0,79.1,100,89,79.1,89,100,79.1,70.19,89,79.1,89,79.1
6913,0.2271855988,96,5,1,0,79.1,100,89,79.1,89,100,79.1,70.19,89,79.1,89,79.1
6914,0.227160596716,98,3,1,0,79.1,100,89,79.1,89,100,79.1,70.19,89,79.1,89,79.1
6915,0.227135594633,98,3,1,0,79.1,100,89,79.1,89,100,79.1,70.19,89,79.1,89,79.1
6916,0.227110592549,98,3,1,0,79.1,100,89,79.1,89,100,79.1,70.19,89,79.1,89,79.1
6917,0.227085590466,97,4,1,0,79.1,100,89,79.1,89,100,79.1,70.19,89,79.1,89,79.1
6918,0.227060588382,97,4,1,0,79.1,100,89,79.1,89,100,79.1,70.19,89,79.1,89,79.1
6919,0.227035586299,96,5,1,0,79.1,100,89,79.1,89,100,79.1,70.19,89,79.1,89,79.1
6920,0.227010584215,98,3,1,0,79.1,100,89,79.1,89,100,79.1,70.19,89,79.1,89,79.1
6921,0.226985582132,97,4,1,0,79.1,100,89,79.1,89,100,79.1,70.19,89,79.1,89,79.1
6922,0.226960580048,98,3,1,0,79.1,100,89,79.1,89,100,79.1,70.19,89,79.1,89,79.1
6923,0.226935577965,96,5,1,0,79.1,100,89,79.1,89,100,79.1,70.19,89,79.1,89,79.1
6924,0.226910575881,98,3,1,0,79.1,100,89,79.1,89,100,79.1,70.19,89,79.1,89,79.1
6925,0.226885573798,98,3,1,0,79.1,100,89,79.1,89,100,79.1,70.19,89,79.1,89,79.1
6926,0.226860571714,96,5,1,0,79.1,100,89,79.1,89,100,79.1,70.19,89,79.1,89,79.1
6927,0.226835569631,96,5,1,0,79.1,100,89,79.1,89,100,79.1,70.19,89,79.1,89,79.1
6928,0.226810567547,97,4,1,0,79.1,100,89,79.1,89,100,79.1,70.19,89,79.1,89,79.1
6929,0.226785565464,97,4,1,0,79.1,100,89,79.1,89,100,79.1,70.19,89,79.1,89,79.1
6930,0.22676056338,98,3,1,0,79.1,100,89,79.1,89,100,79.1,70.19,89,79.1,89,79.1
6931,0.226735561297,98,3,1,0,79.1,100,89,79.1,89,100,79.1,70.19,89,79.1,89,79.1
6932,0.226710559213,98,3,1,0,79.1,100,89,79.1,89,100,79.1,70.19,89,79.1,89,79.1
6933,0.22668555713,98,3,1,0,79.1,100,89,79.1,89,100,79.1,70.19,89,79.1,89,79.1
6934,0.226660555046,96,5,1,0,79.1,100,89,79.1,89,100,79.1,70.19,89,79.1,89,79.1
6935,0.226635552963,96,5,1,0,79.1,100,89,79.1,89,100,79.1,70.19,89,79.1,89,79.1
6936,0.226610550879,98,3,1,0,79.1,100,89,79.1,89,100,79.1,70.19,89,79.1,89,79.1
6937,0.226585548796,98,3,1,0,79.1,100,89,79.1,89,100,79.1,70.19,89,79.1,89,79.1
6938,0.226560546712,97,4,1,0,79.1,100,89,79.1,89,100,79.1,70.19,89,79.1,89,79.1
6939,0.226535544629,98,3,1,0,79.1,100,89,79.1,89,100,79.1,70.19,89,79.1,89,79.1
6940,0.226510542545,98,3,1,0,79.1,100,89,79.1,89,100,79.1,70.19,89,79.1,89,79.1
6941,0.226485540462,98,3,1,0,79.1,100,89,79.1,89,100,79.1,70.19,89,79.1,89,79.1
6942,0.226460538378,98,3,1,0,79.1,100,89,79.1,89,100,79.1,70.19,89,79.1,89,79.1
6943,0.226435536295,94,7,1,0,79.1,100,89,79.1,89,100,79.1,70.19,89,79.1,89,79.1
6944,0.226410534211,95,6,1,0,79.1,100,89,79.1,89,100,79.1,70.19,89,79.1,89,79.1
6945,0.226385532128,97,4,1,0,79.1,100,89,79.1,89,100,79.1,70.19,89,79.1,89,79.1
6946,0.226360530044,98,3,1,0,79.1,100,89,79.1,89,100,79.1,70.19,89,79.1,89,79.1
6947,0.226335527961,98,3,1,0,79.1,100,89,79.1,89,100,79.1,70.19,89,79.1,89,79.1
6948,0.226310525877,98,3,1,0,79.1,100,89,79.1,89,100,79.1,70.19,89,79.1,89,79.1
6949,0.226285523794,98,3,1,0,79.1,100,89,79.1,89,100,79.1,70.19,89,79.1,89,79.1
6950,0.22626052171,98,3,1,0,79.1,100,89,79.1,89,100,79.1,70.19,89,79.1,89,79.1
6951,0.226235519627,98,3,1,0,79.1,100,89,79.1,89,100,79.1,70.19,89,79.1,89,79.1
6952,0.226210517543,98,3,1,0,79.1,100,89,79.1,89,100,79.1,70.19,89,79.1,89,79.1
6953,0.22618551546,97,4,1,0,79.1,100,89,79.1,89,100,79.1,70.19,89,79.1,89,79.1
6954,0.226160513376,96,5,1,0,79.1,100,89,79.1,89,100,79.1,70.19,89,79.1,89,79.1
6955,0.226135511293,98,3,1,0,79.1,100,89,79.1,89,100,79.1,70.19,89,79.1,89,79.1
6956,0.226110509209,98,3,1,0,79.1,100,89,79.1,89,100,79.1,70.19,89,79.1,89,79.1
6957,0.226085507126,98,3,1,0,79.1,100,89,79.1,89,100,79.1,70.19,89,79.1,89,79.1
6958,0.226060505042,98,3,1,0,79.1,100,89,79.1,89,100,79.1,70.19,89,79.1,89,79.1
6959,0.226035502959,98,3,1,0,79.1,100,89,79.1,89,100,79.1,70.19,89,79.1,89,79.1
6960,0.226010500875,98,3,1,0,79.1,100,89,79.1,89,100,79.1,70.19,89,79.1,89,79.1
6961,0.225985498792,96,5,1,0,79.1,100,89,79.1,89,100,79.1,70.19,89,79.1,89,79.1
6962,0.225960496708,98,3,1,0,79.1,100,89,79.1,89,100,79.1,70.19,89,79.1,89,79.1
6963,0.225935494625,98,3,1,0,79.1,100,89,79.1,89,100,79.1,70.19,89,79.1,89,79.1
6964,0.225910492541,95,6,1,0,79.1,100,89,79.1,89,100,79.1,70.19,89,79.1,89,79.1
6965,0.225885490458,97,4,1,0,79.1,100,89,79.1,89,100,79.1,70.19,89,79.1,89,79.1
6966,0.225860488374,98,3,1,0,79.1,100,89,79.1,89,100,79.1,70.19,89,79.1,89,79.1
6967,0.225835486291,98,3,1,0,79.1,100,89,79.1,89,100,79.1,70.19,89,79.1,89,79.1
6968,0.225810484207,98,3,1,0,79.1,100,89,79.1,89,100,79.1,70.19,89,79.1,89,79.1
6969,0.225785482124,98,3,1,0,79.1,100,89,79.1,89,100,79.1,70.19,89,79.1,89,79.1
6970,0.22576048004,97,4,1,0,79.1,100,89,79.1,89,100,79.1,70.19,89,79.1,89,79.1
6971,0.225735477956,98,3,1,0,79.1,100,89,79.1,89,100,79.1,70.19,89,79.1,89,79.1
6972,0.225710475873,98,3,1,0,79.1,100,89,79.1,89,100,79.1,70.19,89,79.1,89,79.1
6973,0.225685473789,98,3,1,0,79.1,100,89,79.1,89,100,79.1,70.19,89,79.1,89,79.1
6974,0.225660471706,97,4,1,0,79.1,100,89,79.1,89,100,79.1,70.19,89,79.1,89,79.1
6975,0.225635469622,96,5,1,0,79.1,100,89,79.1,89,100,79.1,70.19,89,79.1,89,79.1
6976,0.225610467539,98,3,1,0,79.1,100,89,79.1,89,100,79.1,70.19,89,79.1,89,79.1
6977,0.225585465455,98,3,1,0,79.1,100,89,79.1,89,100,79.1,70.19,89,79.1,89,79.1
6978,0.225560463372,94,7,1,0,79.1,100,89,79.1,89,100,79.1,70.19,89,79.1,89,79.1
6979,0.225535461288,98,3,1,0,79.1,100,89,79.1,89,100,79.1,70.19,89,79.1,89,79.1
6980,0.225510459205,98,3,1,0,79.1,100,89,79.1,89,100,79.1,70.19,89,79.1,89,79.1
6981,0.225485457121,98,3,1,0,79.1,100,89,79.1,89,100,79.1,70.19,89,79.1,89,79.1
6982,0.225460455038,98,3,1,0,79.1,100,89,79.1,89,100,79.1,70.19,89,79.1,89,79.1
6983,0.225435452954,97,4,1,0,79.1,100,89,79.1,89,100,79.1,70.19,89,79.1,89,79.1
6984,0.225410450871,98,3,1,0,79.1,100,89,79.1,89,100,79.1,70.19,89,79.1,89,79.1
6985,0.225385448787,96,5,1,0,79.1,100,89,79.1,89,100,79.1,70.19,89,79.1,89,79.1
6986,0.225360446704,98,3,1,0,79.1,100,89,79.1,89,100,79.1,70.19,89,79.1,89,79.1
6987,0.22533544462,98,3,1,0,79.1,100,89,79.1,89,100,79.1,70.19,89,79.1,89,79.1
6988,0.225310442537,98,3,1,0,79.1,100,89,79.1,89,100,79.1,70.19,89,79.1,89,79.1
6989,0.225285440453,98,3,1,0,79.1,100,89,79.1,89,100,79.1,70.19,89,79.1,89,79.1
6990,0.22526043837,98,3,1,0,79.1,100,89,79.1,89,100,79.1,70.19,89,79.1,89,79.1
6991,0.225235436286,98,3,1,0,79.1,100,89,79.1,89,100,79.1,70.19,89,79.1,89,79.1
6992,0.225210434203,98,3,1,0,79.1,100,89,79.1,89,100,79.1,70.19,89,79.1,89,79.1
6993,0.225185432119,98,3,1,0,79.1,100,89,79.1,89,100,79.1,70.19,89,79.1,89,79.1
6994,0.225160430036,96,5,1,0,79.1,100,89,79.1,89,100,79.1,70.19,89,79.1,89,79.1
6995,0.225135427952,98,3,1,0,79.1,100,89,79.1,89,100,79.1,70.19,89,79.1,89,79.1
6996,0.225110425869,96,5,1,0,79.1,100,89,79.1,89,100,79.1,70.19,89,79.1,89,79.1
6997,0.225085423785,97,4,1,0,79.1,100,89,79.1,89,100,79.1,70.19,89,79.1,89,79.1
6998,0.225060421702,97,4,1,0,79.1,100,89,79.1,89,100,79.1,70.19,89,79.1,89,79.1
6999,0.225035419618,98,3,1,0,79.1,100,89,79.1,89,100,79.1,70.19,89,79.1,89,79.1
7000,0.225010417535,98,3,1,0,79.1,100,89,79.1,89,100,79.1,70.19,89,79.1,89,79.1
7001,0.224985415451,98,3,1,0,79.1,100,89,79.1,89,100,79.1,70.19,89,79.1,89,79.1
7002,0.224960413368,98,3,1,0,79.1,100,89,79.1,89,100,79.1,70.19,89,79.1,89,79.1
7003,0.224935411284,98,3,1,0,79.1,100,89,79.1,89,100,79.1,70.19,89,79.1,89,79.1
7004,0.224910409201,94,7,1,0,79.1,100,89,79.1,89,100,79.1,70.19,89,79.1,89,79.1
7005,0.224885407117,94,7,1,0,79.1,100,89,79.1,89,100,79.1,70.19,89,79.1,89,79.1
7006,0.224860405034,98,3,1,0,79.1,100,89,79.1,89,100,79.1,70.19,89,79.1,89,79.1
7007,0.22483540295,98,3,1,0,79.1,100,89,79.1,89,100,79.1,70.19,89,79.1,89,79.1
7008,0.224810400867,98,3,1,0,79.1,100,89,79.1,89,100,79.1,70.19,89,79.1,89,79.1
7009,0.224785398783,98,3,1,0,79.1,100,89,79.1,89,100,79.1,70.19,89,79.1,89,79.1
7010,0.2247603967,98,3,1,0,79.1,100,89,79.1,89,100,79.1,70.19,89,79.1,89,79.1
7011,0.224735394616,98,3,1,0,79.1,100,89,79.1,89,100,79.1,70.19,89,79.1,89,79.1
7012,0.224710392533,98,3,1,0,79.1,100,89,79.1,89,100,79.1,70.19,89,79.1,89,79.1
7013,0.224685390449,96,5,1,0,79.1,100,89,79.1,89,100,79.1,70.19,89,79.1,89,79.1
7014,0.224660388366,98,3,1,0,79.1,100,89,79.1,89,100,79.1,70.19,89,79.1,89,79.1
7015,0.224635386282,98,3,1,0,79.1,100,89,79.1,89,100,79.1,70.19,89,79.1,89,79.1
7016,0.224610384199,97,4,1,0,79.1,100,89,79.1,89,100,79.1,70.19,89,79.1,89,79.1
7017,0.224585382115,98,3,1,0,79.1,100,89,79.1,89,100,79.1,70.19,89,79.1,89,79.1
7018,0.224560380032,98,3,1,0,79.1,100,89,79.1,89,100,79.1,70.19,89,79.1,89,79.1
7019,0.224535377948,96,5,1,0,79.1,100,89,79.1,89,100,79.1,70.19,89,79.1,89,79.1
7020,0.224510375865,98,3,1,0,79.1,100,89,79.1,89,100,79.1,70.19,89,79.1,89,79.1
7021,0.224485373781,98,3,1,0,79.1,100,89,79.1,89,100,79.1,70.19,89,79.1,89,79.1
7022,0.224460371698,98,3,1,0,79.1,100,89,79.1,89,100,79.1,70.19,89,79.1,89,79.1
7023,0.224435369614,98,3,1,0,79.1,100,89,79.1,89,100,79.1,70.19,89,79.1,89,79.1
7024,0.224410367531,97,4,1,0,79.1,100,89,79.1,89,100,79.1,70.19,89,79.1,89,79.1
7025,0.224385365447,93,8,1,0,79.1,100,89,79.1,89,100,79.1,70.19,89,79.1,89,79.1
7026,0.224360363364,98,3,1,0,79.1,100,89,79.1,89,100,79.1,70.19,89,79.1,89,79.1
7027,0.22433536128,97,4,1,0,79.1,100,89,79.1,89,100,79.1,70.19,89,79.1,89,79.1
7028,0.224310359197,96,5,1,0,79.1,100,89,79.1,89,100,79.1,70.19,89,79.1,89,79.1
7029,0.224285357113,98,3,1,0,79.1,100,89,79.1,89,100,79.1,70.19,89,79.1,89,79.1
7030,0.22426035503,98,3,1,0,79.1,100,89,79.1,89,100,79.1,70.19,89,79.1,89,79.1
7031,0.224235352946,98,3,1,0,79.1,100,89,79.1,89,100,79.1,70.19,89,79.1,89,79.1
7032,0.224210350863,98,3,1,0,79.1,100,89,79.1,89,100,79.1,70.19,89,79.1,89,79.1
7033,0.224185348779,96,5,1,0,79.1,100,89,79.1,89,100,79.1,70.19,89,79.1,89,79.1
7034,0.224160346696,97,4,1,0,79.1,100,89,79.1,89,100,79.1,70.19,89,79.1,89,79.1
7035,0.224135344612,98,3,1,0,79.1,100,89,79.1,89,100,79.1,70.19,89,79.1,89,79.1
7036,0.224110342529,98,3,1,0,79.1,100,89,79.1,89,100,79.1,70.19,89,79.1,89,79.1
7037,0.224085340445,98,3,1,0,79.1,100,89,79.1,89,100,79.1,70.19,89,79.1,89,79.1
7038,0.224060338362,96,5,1,0,79.1,100,89,79.1,89,100,79.1,70.19,89,79.1,89,79.1
7039,0.224035336278,96,5,1,0,79.1,100,89,79.1,89,100,79.1,70.19,89,79.1,89,79.1
7040,0.224010334195,97,4,1,0,79.1,100,89,79.1,89,100,79.1,70.19,89,79.1,89,79.1
7041,0.223985332111,97,4,1,0,79.1,100,89,79.1,89,100,79.1,70.19,89,79.1,89,79.1
7042,0.223960330028,96,5,1,0,79.1,100,89,79.1,89,100,79.1,70.19,89,79.1,89,79.1
7043,0.223935327944,98,3,1,0,79.1,100,89,79.1,89,100,79.1,70.19,89,79.1,89,79.1
7044,0.22391032586,97,4,1,0,79.1,100,89,79.1,89,100,79.1,70.19,89,79.1,89,79.1
7045,0.223885323777,94,7,1,0,79.1,100,89,79.1,89,100,79.1,70.19,89,79.1,89,79.1
7046,0.223860321693,98,3,1,0,79.1,100,89,79.1,89,100,79.1,70.19,89,79.1,89,79.1
7047,0.22383531961,98,3,1,0,79.1,100,89,79.1,89,100,79.1,70.19,89,79.1,89,79.1
7048,0.223810317526,98,3,1,0,79.1,100,89,79.1,89,100,79.1,70.19,89,79.1,89,79.1
7049,0.223785315443,98,3,1,0,79.1,100,89,79.1,89,100,79.1,70.19,89,79.1,89,79.1
7050,0.223760313359,98,3,1,0,79.1,100,89,79.1,89,100,79.1,70.19,89,79.1,89,79.1
7051,0.223735311276,93,8,1,0,79.1,100,89,79.1,89,100,79.1,70.19,89,79.1,89,79.1
7052,0.223710309192,97,4,1,0,79.1,100,89,79.1,89,100,79.1,70.19,89,79.1,89,79.1
7053,0.223685307109,98,3,1,0,79.1,100,89,79.1,89,100,79.1,70.19,89,79.1,89,79.1
7054,0.223660305025,98,3,1,0,79.1,100,89,79.1,89,100,79.1,70.19,89,79.1,89,79.1
7055,0.223635302942,98,3,1,0,79.1,100,89,79.1,89,100,79.1,70.19,89,79.1,89,79.1
7056,0.223610300858,98,3,1,0,79.1,100,89,79.1,89,100,79.1,70.19,89,79.1,89,79.1
7057,0.223585298775,97,4,1,0,79.1,100,89,79.1,89,100,79.1,70.19,89,79.1,89,79.1
7058,0.223560296691,97,4,1,0,79.1,100,89,79.1,89,100,79.1,70.19,89,79.1,89,79.1
7059,0.223535294608,98,3,1,0,79.1,100,89,79.1,89,100,79.1,70.19,89,79.1,89,79.1
7060,0.223510292524,98,3,1,0,79.1,100,89,79.1,89,100,79.1,70.19,89,79.1,89,79.1
7061,0.223485290441,98,3,1,0,79.1,100,89,79.1,89,100,79.1,70.19,89,79.1,89,79.1
7062,0.223460288357,98,3,1,0,79.1,100,89,79.1,89,100,79.1,70.19,89,79.1,89,79.1
7063,0.223435286274,98,3,1,0,79.1,100,89,79.1,89,100,79.1,70.19,89,79.1,89,79.1
7064,0.22341028419,98,3,1,0,79.1,100,89,79.1,89,100,79.1,70.19,89,79.1,89,79.1
7065,0.223385282107,98,3,1,0,79.1,100,89,79.1,89,100,79.1,70.19,89,79.1,89,79.1
7066,0.223360280023,98,3,1,0,79.1,100,89,79.1,89,100,79.1,70.19,89,79.1,89,79.1
7067,0.22333527794,98,3,1,0,79.1,100,89,79.1,89,100,79.1,70.19,89,79.1,89,79.1
7068,0.223310275856,98,3,1,0,79.1,100,89,79.1,89,100,79.1,70.19,89,79.1,89,79.1
7069,0.223285273773,98,3,1,0,79.1,100,89,79.1,89,100,79.1,70.19,89,79.1,89,79.1
7070,0.223260271689,98,3,1,0,79.1,100,89,79.1,89,100,79.1,70.19,89,79.1,89,79.1
7071,0.223235269606,98,3,1,0,79.1,100,89,79.1,89,100,79.1,70.19,89,79.1,89,79.1
7072,0.223210267522,98,3,1,0,79.1,100,89,79.1,89,100,79.1,70.19,89,79.1,89,79.1
7073,0.223185265439,97,4,1,0,79.1,100,89,79.1,89,100,79.1,70.19,89,79.1,89,79.1
7074,0.223160263355,98,3,1,0,79.1,100,89,79.1,89,100,79.1,70.19,89,79.1,89,79.1
7075,0.223135261272,98,3,1,0,79.1,100,89,79.1,89,100,79.1,70.19,89,79.1,89,79.1
7076,0.223110259188,98,3,1,0,79.1,100,89,79.1,89,100,79.1,70.19,89,79.1,89,79.1
7077,0.223085257105,98,3,1,0,79.1,100,89,79.1,89,100,79.1,70.19,89,79.1,89,79.1
7078,0.223060255021,98,3,1,0,79.1,100,89,79.1,89,100,79.1,70.19,89,79.1,89,79.1
7079,0.223035252938,97,4,1,0,79.1,100,89,79.1,89,100,79.1,70.19,89,79.1,89,79.1
7080,0.223010250854,98,3,1,0,79.1,100,89,79.1,89,100,79.1,70.19,89,79.1,89,79.1
7081,0.222985248771,98,3,1,0,79.1,100,89,79.1,89,100,79.1,70.19,89,79.1,89,79.1
7082,0.222960246687,98,3,1,0,79.1,100,89,79.1,89,100,79.1,70.19,89,79.1,89,79.1
7083,0.222935244604,98,3,1,0,79.1,100,89,79.1,89,100,79.1,70.19,89,79.1,89,79.1
7084,0.22291024252,98,3,1,0,79.1,100,89,79.1,89,100,79.1,70.19,89,79.1,89,79.1
7085,0.222885240437,98,3,1,0,79.1,100,89,79.1,89,100,79.1,70.19,89,79.1,89,79.1
7086,0.222860238353,98,3,1,0,79.1,100,89,79.1,89,100,79.1,70.19,89,79.1,89,79.1
7087,0.22283523627,98,3,1,0,79.1,100,89,79.1,89,100,79.1,70.19,89,79.1,89,79.1
7088,0.222810234186,98,3,1,0,79.1,100,89,79.1,89,100,79.1,70.19,89,79.1,89,79.1
7089,0.222785232103,98,3,1,0,79.1,100,89,79.1,89,100,79.1,70.19,89,79.1,89,79.1
7090,0.222760230019,95,6,1,0,79.1,100,89,79.1,89,100,79.1,70.19,89,79.1,89,79.1
7091,0.222735227936,94,7,1,0,79.1,100,89,79.1,89,100,79.1,70.19,89,79.1,89,79.1
7092,0.222710225852,98,3,1,0,79.1,100,89,79.1,89,100,79.1,70.19,89,79.1,89,79.1
7093,0.222685223769,96,5,1,0,79.1,100,89,79.1,89,100,79.1,70.19,89,79.1,89,79.1
7094,0.222660221685,98,3,1,0,79.1,100,89,79.1,89,100,79.1,70.19,89,79.1,89,79.1
7095,0.222635219602,98,3,1,0,79.1,100,89,79.1,89,100,79.1,70.19,89,79.1,89,79.1
7096,0.222610217518,98,3,1,0,79.1,100,89,79.1,89,100,79.1,70.19,89,79.1,89,79.1
7097,0.222585215435,98,3,1,0,79.1,100,89,79.1,89,100,79.1,70.19,89,79.1,89,79.1
7098,0.222560213351,98,3,1,0,79.1,100,89,79.1,89,100,79.1,70.19,89,79.1,89,79.1
7099,0.222535211268,97,4,1,0,79.1,100,89,79.1,89,100,79.1,70.19,89,79.1,89,79.1
7100,0.222510209184,98,3,1,0,79.1,100,89,79.1,89,100,79.1,70.19,89,79.1,89,79.1
7101,0.222485207101,98,3,1,0,79.1,100,89,79.1,89,100,79.1,70.19,89,79.1,89,79.1
7102,0.222460205017,98,3,1,0,79.1,100,89,79.1,89,100,79.1,70.19,89,79.1,89,79.1
7103,0.222435202934,98,3,1,0,79.1,100,89,79.1,89,100,79.1,70.19,89,79.1,89,79.1
7104,0.22241020085,98,3,1,0,79.1,100,89,79.1,89,100,79.1,70.19,89,79.1,89,79.1
7105,0.222385198767,98,3,1,0,79.1,100,89,79.1,89,100,79.1,70.19,89,79.1,89,79.1
7106,0.222360196683,96,5,1,0,79.1,100,89,79.1,89,100,79.1,70.19,89,79.1,89,79.1
7107,0.2223351946,95,6,1,0,79.1,100,89,79.1,89,100,79.1,70.19,89,79.1,89,79.1
7108,0.222310192516,98,3,1,0,79.1,100,89,79.1,89,100,79.1,70.19,89,79.1,89,79.1
7109,0.222285190433,96,5,1,0,79.1,100,89,79.1,89,100,79.1,70.19,89,79.1,89,79.1
7110,0.222260188349,98,3,1,0,79.1,100,89,79.1,89,100,79.1,70.19,89,79.1,89,79.1
7111,0.222235186266,98,3,1,0,79.1,100,89,79.1,89,100,79.1,70.19,89,79.1,89,79.1
7112,0.222210184182,98,3,1,0,79.1,100,89,79.1,89,100,79.1,70.19,89,79.1,89,79.1
7113,0.222185182099,98,3,1,0,79.1,100,89,79.1,89,100,79.1,70.19,89,79.1,89,79.1
7114,0.222160180015,97,4,1,0,79.1,100,89,79.1,89,100,79.1,70.19,89,79.1,89,79.1
7115,0.222135177931,97,4,1,0,79.1,100,89,79.1,89,100,79.1,70.19,89,79.1,89,79.1
7116,0.222110175848,98,3,1,0,79.1,100,89,79.1,89,100,79.1,70.19,89,79.1,89,79.1
7117,0.222085173764,98,3,1,0,79.1,100,89,79.1,89,100,79.1,70.19,89,79.1,89,79.1
7118,0.222060171681,98,3,1,0,79.1,100,89,79.1,89,100,79.1,70.19,89,79.1,89,79.1
7119,0.222035169597,94,7,1,0,79.1,100,89,79.1,89,100,79.1,70.19,89,79.1,89,79.1
7120,0.222010167514,96,5,1,0,79.1,100,89,79.1,89,100,79.1,70.19,89,79.1,89,79.1
7121,0.22198516543,98,3,1,0,79.1,100,89,79.1,89,100,79.1,70.19,89,79.1,89,79.1
7122,0.221960163347,98,3,1,0,79.1,100,89,79.1,89,100,79.1,70.19,89,79.1,89,79.1
7123,0.221935161263,98,3,1,0,79.1,100,89,79.1,89,100,79.1,70.19,89,79.1,89,79.1
7124,0.22191015918,98,3,1,0,79.1,100,89,79.1,89,100,79.1,70.19,89,79.1,89,79.1
7125,0.221885157096,98,3,1,0,79.1,100,89,79.1,89,100,79.1,70.19,89,79.1,89,79.1
7126,0.221860155013,98,3,1,0,79.1,100,89,79.1,89,100,79.1,70.19,89,79.1,89,79.1
7127,0.221835152929,97,4,1,0,79.1,100,89,79.1,89,100,79.1,70.19,89,79.1,89,79.1
7128,0.221810150846,98,3,1,0,79.1,100,89,79.1,89,100,79.1,70.19,89,79.1,89,79.1
7129,0.221785148762,98,3,1,0,79.1,100,89,79.1,89,100,79.1,70.19,89,79.1,89,79.1
7130,0.221760146679,96,5,1,0,79.1,100,89,79.1,89,100,79.1,70.19,89,79.1,89,79.1
7131,0.221735144595,98,3,1,0,79.1,100,89,79.1,89,100,79.1,70.19,89,79.1,89,79.1
7132,0.221710142512,98,3,1,0,79.1,100,89,79.1,89,100,79.1,70.19,89,79.1,89,79.1
7133,0.221685140428,98,3,1,0,79.1,100,89,79.1,89,100,79.1,70.19,89,79.1,89,79.1
7134,0.221660138345,98,3,1,0,79.1,100,89,79.1,89,100,79.1,70.19,89,79.1,89,79.1
7135,0.221635136261,97,4,1,0,79.1,100,89,79.1,89,100,79.1,70.19,89,79.1,89,79.1
7136,0.221610134178,98,3,1,0,79.1,100,89,79.1,89,100,79.1,70.19,89,79.1,89,79.1
7137,0.221585132094,98,3,1,0,79.1,100,89,79.1,89,100,79.1,70.19,89,79.1,89,79.1
7138,0.221560130011,98,3,1,0,79.1,100,89,79.1,89,100,79.1,70.19,89,79.1,89,79.1
7139,0.221535127927,98,3,1,0,79.1,100,89,79.1,89,100,79.1,70.19,89,79.1,89,79.1
7140,0.221510125844,98,3,1,0,79.1,100,89,79.1,89,100,79.1,70.19,89,79.1,89,79.1
7141,0.22148512376,98,3,1,0,79.1,100,89,79.1,89,100,79.1,70.19,89,79.1,89,79.1
7142,0.221460121677,98,3,1,0,79.1,100,89,79.1,89,100,79.1,70.19,89,79.1,89,79.1
7143,0.221435119593,98,3,1,0,79.1,100,89,79.1,89,100,79.1,70.19,89,79.1,89,79.1
7144,0.22141011751,98,3,1,0,79.1,100,89,79.1,89,100,79.1,70.19,89,79.1,89,79.1
7145,0.221385115426,98,3,1,0,79.1,100,89,79.1,89,100,79.1,70.19,89,79.1,89,79.1
7146,0.221360113343,98,3,1,0,79.1,100,89,79.1,89,100,79.1,70.19,89,79.1,89,79.1
7147,0.221335111259,98,3,1,0,79.1,100,89,79.1,89,100,79.1,70.19,89,79.1,89,79.1
7148,0.221310109176,98,3,1,0,79.1,100,89,79.1,89,100,79.1,70.19,89,79.1,89,79.1
7149,0.221285107092,98,3,1,0,79.1,100,89,79.1,89,100,79.1,70.19,89,79.1,89,79.1
7150,0.221260105009,98,3,1,0,79.1,100,89,79.1,89,100,79.1,70.19,89,79.1,89,79.1
7151,0.221235102925,97,4,1,0,79.1,100,89,79.1,89,100,79.1,70.19,89,79.1,89,79.1
7152,0.221210100842,98,3,1,0,79.1,100,89,79.1,89,100,79.1,70.19,89,79.1,89,79.1
7153,0.221185098758,98,3,1,0,79.1,100,89,79.1,89,100,79.1,70.19,89,79.1,89,79.1
7154,0.221160096675,98,3,1,0,79.1,100,89,79.1,89,100,79.1,70.19,89,79.1,89,79.1
7155,0.221135094591,98,3,1,0,79.1,100,89,79.1,89,100,79.1,70.19,89,79.1,89,79.1
7156,0.221110092508,98,3,1,0,79.1,100,89,79.1,89,100,79.1,70.19,89,79.1,89,79.1
7157,0.221085090424,98,3,1,0,79.1,100,89,79.1,89,100,79.1,70.19,89,79.1,89,79.1
7158,0.221060088341,98,3,1,0,79.1,100,89,79.1,89,100,79.1,70.19,89,79.1,89,79.1
7159,0.221035086257,96,5,1,0,79.1,100,89,79.1,89,100,79.1,70.19,89,79.1,89,79.1
7160,0.221010084174,98,3,1,0,79.1,100,89,79.1,89,100,79.1,70.19,89,79.1,89,79.1
7161,0.22098508209,96,5,1,0,79.1,100,89,79.1,89,100,79.1,70.19,89,79.1,89,79.1
7162,0.220960080007,98,3,1,0,79.1,100,89,79.1,89,100,79.1,70.19,89,79.1,89,79.1
7163,0.220935077923,97,4,1,0,79.1,100,89,79.1,89,100,79.1,70.19,89,79.1,89,79.1
7164,0.22091007584,98,3,1,0,79.1,100,89,79.1,89,100,79.1,70.19,89,79.1,89,79.1
7165,0.220885073756,98,3,1,0,79.1,100,89,79.1,89,100,79.1,70.19,89,79.1,89,79.1
7166,0.220860071673,98,3,1,0,79.1,100,89,79.1,89,100,79.1,70.19,89,79.1,89,79.1
7167,0.220835069589,98,3,1,0,79.1,100,89,79.1,89,100,79.1,70.19,89,79.1,89,79.1
7168,0.220810067506,98,3,1,0,79.1,100,89,79.1,89,100,79.1,70.19,89,79.1,89,79.1
7169,0.220785065422,98,3,1,0,79.1,100,89,79.1,89,100,79.1,70.19,89,79.1,89,79.1
7170,0.220760063339,96,5,1,0,79.1,100,89,79.1,89,100,79.1,70.19,89,79.1,89,79.1
7171,0.220735061255,97,4,1,0,79.1,100,89,79.1,89,100,79.1,70.19,89,79.1,89,79.1
7172,0.220710059172,97,4,1,0,79.1,100,89,79.1,89,100,79.1,70.19,89,79.1,89,79.1
7173,0.220685057088,97,4,1,0,79.1,100,89,79.1,89,100,79.1,70.19,89,79.1,89,79.1
7174,0.220660055005,96,5,1,0,79.1,100,89,79.1,89,100,79.1,70.19,89,79.1,89,79.1
7175,0.220635052921,98,3,1,0,79.1,100,89,79.1,89,100,79.1,70.19,89,79.1,89,79.1
7176,0.220610050838,97,4,1,0,79.1,100,89,79.1,89,100,79.1,70.19,89,79.1,89,79.1
7177,0.220585048754,98,3,1,0,79.1,100,89,79.1,89,100,79.1,70.19,89,79.1,89,79.1
7178,0.220560046671,98,3,1,0,79.1,100,89,79.1,89,100,79.1,70.19,89,79.1,89,79.1
7179,0.220535044587,98,3,1,0,79.1,100,89,79.1,89,100,79.1,70.19,89,79.1,89,79.1
7180,0.220510042504,94,7,1,0,79.1,100,89,79.1,89,100,79.1,70.19,89,79.1,89,79.1
7181,0.22048504042,98,3,1,0,79.1,100,89,79.1,89,100,79.1,70.19,89,79.1,89,79.1
7182,0.220460038337,95,6,1,0,79.1,100,89,79.1,89,100,79.1,70.19,89,79.1,89,79.1
7183,0.220435036253,98,3,1,0,79.1,100,89,79.1,89,100,79.1,70.19,89,79.1,89,79.1
7184,0.22041003417,98,3,1,0,79.1,100,89,79.1,89,100,79.1,70.19,89,79.1,89,79.1
7185,0.220385032086,98,3,1,0,79.1,100,89,79.1,89,100,79.1,70.19,89,79.1,89,79.1
7186,0.220360030003,97,4,1,0,79.1,100,89,79.1,89,100,79.1,70.19,89,79.1,89,79.1
7187,0.220335027919,98,3,1,0,79.1,100,89,79.1,89,100,79.1,70.19,89,79.1,89,79.1
7188,0.220310025835,98,3,1,0,79.1,100,89,79.1,89,100,79.1,70.19,89,79.1,89,79.1
7189,0.220285023752,98,3,1,0,79.1,100,89,79.1,89,100,79.1,70.19,89,79.1,89,79.1
7190,0.220260021668,96,5,1,0,79.1,100,89,79.1,89,100,79.1,70.19,89,79.1,89,79.1
7191,0.220235019585,97,4,1,0,79.1,100,89,79.1,89,100,79.1,70.19,89,79.1,89,79.1
7192,0.220210017501,96,5,1,0,79.1,100,89,79.1,89,100,79.1,70.19,89,79.1,89,79.1
7193,0.220185015418,98,3,1,0,79.1,100,89,79.1,89,100,79.1,70.19,89,79.1,89,79.1
7194,0.220160013334,98,3,1,0,79.1,100,89,79.1,89,100,79.1,70.19,89,79.1,89,79.1
7195,0.220135011251,98,3,1,0,79.1,100,89,79.1,89,100,79.1,70.19,89,79.1,89,79.1
7196,0.220110009167,98,3,1,0,79.1,100,89,79.1,89,100,79.1,70.19,89,79.1,89,79.1
7197,0.220085007084,98,3,1,0,79.1,100,89,79.1,89,100,79.1,70.19,89,79.1,89,79.1
7198,0.220060005,98,3,1,0,79.1,100,89,79.1,89,100,79.1,70.19,89,79.1,89,79.1
7199,0.220035002917,98,3,1,0,79.1,100,89,79.1,89,100,79.1,70.19,89,79.1,89,79.1
7200,0.220010000833,97,4,1,0,79.1,100,89,79.1,89,100,79.1,70.19,89,79.1,89,79.1
7201,0.21998499875,98,3,1,0,79.1,100,89,79.1,89,100,79.1,70.19,89,79.1,89,79.1
7202,0.219959996666,96,5,1,0,79.1,100,89,79.1,89,100,79.1,70.19,89,79.1,89,79.1
7203,0.219934994583,98,3,1,0,79.1,100,89,79.1,89,100,79.1,70.19,89,79.1,89,79.1
7204,0.219909992499,96,5,1,0,79.1,100,89,79.1,89,100,79.1,70.19,89,79.1,89,79.1
7205,0.219884990416,98,3,1,0,79.1,100,89,79.1,89,100,79.1,70.19,89,79.1,89,79.1
7206,0.219859988332,98,3,1,0,79.1,100,89,79.1,89,100,79.1,70.19,89,79.1,89,79.1
7207,0.219834986249,97,4,1,0,79.1,100,89,79.1,89,100,79.1,70.19,89,79.1,89,79.1
7208,0.219809984165,98,3,1,0,79.1,100,89,79.1,89,100,79.1,70.19,89,79.1,89,79.1
7209,0.219784982082,98,3,1,0,79.1,100,89,79.1,89,100,79.1,70.19,89,79.1,89,79.1
7210,0.219759979998,96,5,1,0,79.1,100,89,79.1,89,100,79.1,70.19,89,79.1,89,79.1
7211,0.219734977915,98,3,1,0,79.1,100,89,79.1,89,100,79.1,70.19,89,79.1,89,79.1
7212,0.219709975831,96,5,1,0,79.1,100,89,79.1,89,100,79.1,70.19,89,79.1,89,79.1
7213,0.219684973748,98,3,1,0,79.1,100,89,79.1,89,100,79.1,70.19,89,79.1,89,79.1
7214,0.219659971664,94,7,1,0,79.1,100,89,79.1,89,100,79.1,70.19,89,79.1,89,79.1
7215,0.219634969581,97,4,1,0,79.1,100,89,79.1,89,100,79.1,70.19,89,79.1,89,79.1
7216,0.219609967497,98,3,1,0,79.1,100,89,79.1,89,100,79.1,70.19,89,79.1,89,79.1
7217,0.219584965414,98,3,1,0,79.1,100,89,79.1,89,100,79.1,70.19,89,79.1,89,79.1
7218,0.21955996333,98,3,1,0,79.1,100,89,79.1,89,100,79.1,70.19,89,79.1,89,79.1
7219,0.219534961247,98,3,1,0,79.1,100,89,79.1,89,100,79.1,70.19,89,79.1,89,79.1
7220,0.219509959163,98,3,1,0,79.1,100,89,79.1,89,100,79.1,70.19,89,79.1,89,79.1
7221,0.21948495708,97,4,1,0,79.1,100,89,79.1,89,100,79.1,70.19,89,79.1,89,79.1
7222,0.219459954996,98,3,1,0,79.1,100,89,79.1,89,100,79.1,70.19,89,79.1,89,79.1
7223,0.219434952913,98,3,1,0,79.1,100,89,79.1,89,100,79.1,70.19,89,79.1,89,79.1
7224,0.219409950829,98,3,1,0,79.1,100,89,79.1,89,100,79.1,70.19,89,79.1,89,79.1
7225,0.219384948746,98,3,1,0,79.1,100,89,79.1,89,100,79.1,70.19,89,79.1,89,79.1
7226,0.219359946662,98,3,1,0,79.1,100,89,79.1,89,100,79.1,70.19,89,79.1,89,79.1
7227,0.219334944579,98,3,1,0,79.1,100,89,79.1,89,100,79.1,70.19,89,79.1,89,79.1
7228,0.219309942495,97,4,1,0,79.1,100,89,79.1,89,100,79.1,70.19,89,79.1,89,79.1
7229,0.219284940412,96,5,1,0,79.1,100,89,79.1,89,100,79.1,70.19,89,79.1,89,79.1
7230,0.219259938328,98,3,1,0,79.1,100,89,79.1,89,100,79.1,70.19,89,79.1,89,79.1
7231,0.219234936245,98,3,1,0,79.1,100,89,79.1,89,100,79.1,70.19,89,79.1,89,79.1
7232,0.219209934161,96,5,1,0,79.1,100,89,79.1,89,100,79.1,70.19,89,79.1,89,79.1
7233,0.219184932078,98,3,1,0,79.1,100,89,79.1,89,100,79.1,70.19,89,79.1,89,79.1
7234,0.219159929994,98,3,1,0,79.1,100,89,79.1,89,100,79.1,70.19,89,79.1,89,79.1
7235,0.219134927911,98,3,1,0,79.1,100,89,79.1,89,100,79.1,70.19,89,79.1,89,79.1
7236,0.219109925827,98,3,1,0,79.1,100,89,79.1,89,100,79.1,70.19,89,79.1,89,79.1
7237,0.219084923744,96,5,1,0,79.1,100,89,79.1,89,100,79.1,70.19,89,79.1,89,79.1
7238,0.21905992166,97,4,1,0,79.1,100,89,79.1,89,100,79.1,70.19,89,79.1,89,79.1
7239,0.219034919577,96,5,1,0,79.1,100,89,79.1,89,100,79.1,70.19,89,79.1,89,79.1
7240,0.219009917493,96,5,1,0,79.1,100,89,79.1,89,100,79.1,70.19,89,79.1,89,79.1
7241,0.21898491541,97,4,1,0,79.1,100,89,79.1,89,100,79.1,70.19,89,79.1,89,79.1
7242,0.218959913326,96,5,1,0,79.1,100,89,79.1,89,100,79.1,70.19,89,79.1,89,79.1
7243,0.218934911243,98,3,1,0,79.1,100,89,79.1,89,100,79.1,70.19,89,79.1,89,79.1
7244,0.218909909159,97,4,1,0,79.1,100,89,79.1,89,100,79.1,70.19,89,79.1,89,79.1
7245,0.218884907076,98,3,1,0,79.1,100,89,79.1,89,100,79.1,70.19,89,79.1,89,79.1
7246,0.218859904992,96,5,1,0,79.1,100,89,79.1,89,100,79.1,70.19,89,79.1,89,79.1
7247,0.218834902909,98,3,1,0,79.1,100,89,79.1,89,100,79.1,70.19,89,79.1,89,79.1
7248,0.218809900825,98,3,1,0,79.1,100,89,79.1,89,100,79.1,70.19,89,79.1,89,79.1
7249,0.218784898742,97,4,1,0,79.1,100,89,79.1,89,100,79.1,70.19,89,79.1,89,79.1
7250,0.218759896658,98,3,1,0,79.1,100,89,79.1,89,100,79.1,70.19,89,79.1,89,79.1
7251,0.218734894575,98,3,1,0,79.1,100,89,79.1,89,100,79.1,70.19,89,79.1,89,79.1
7252,0.218709892491,98,3,1,0,79.1,100,89,79.1,89,100,79.1,70.19,89,79.1,89,79.1
7253,0.218684890408,98,3,1,0,79.1,100,89,79.1,89,100,79.1,70.19,89,79.1,89,79.1
7254,0.218659888324,98,3,1,0,79.1,100,89,79.1,89,100,79.1,70.19,89,79.1,89,79.1
7255,0.218634886241,96,5,1,0,79.1,100,89,79.1,89,100,79.1,70.19,89,79.1,89,79.1
7256,0.218609884157,98,3,1,0,79.1,100,89,79.1,89,100,79.1,70.19,89,79.1,89,79.1
7257,0.218584882074,98,3,1,0,79.1,100,89,79.1,89,100,79.1,70.19,89,79.1,89,79.1
7258,0.21855987999,96,5,1,0,79.1,100,89,79.1,89,100,79.1,70.19,89,79.1,89,79.1
7259,0.218534877906,97,4,1,0,79.1,100,89,79.1,89,100,79.1,70.19,89,79.1,89,79.1
7260,0.218509875823,98,3,1,0,79.1,100,89,79.1,89,100,79.1,70.19,89,79.1,89,79.1
7261,0.218484873739,98,3,1,0,79.1,100,89,79.1,89,100,79.1,70.19,89,79.1,89,79.1
7262,0.218459871656,98,3,1,0,79.1,100,89,79.1,89,100,79.1,70.19,89,79.1,89,79.1
7263,0.218434869572,98,3,1,0,79.1,100,89,79.1,89,100,79.1,70.19,89,79.1,89,79.1
7264,0.218409867489,98,3,1,0,79.1,100,89,79.1,89,100,79.1,70.19,89,79.1,89,79.1
7265,0.218384865405,96,5,1,0,79.1,100,89,79.1,89,100,79.1,70.19,89,79.1,89,79.1
7266,0.218359863322,98,3,1,0,79.1,100,89,79.1,89,100,79.1,70.19,89,79.1,89,79.1
7267,0.218334861238,96,5,1,0,79.1,100,89,79.1,89,100,79.1,70.19,89,79.1,89,79.1
7268,0.218309859155,96,5,1,0,79.1,100,89,79.1,89,100,79.1,70.19,89,79.1,89,79.1
7269,0.218284857071,96,5,1,0,79.1,100,89,79.1,89,100,79.1,70.19,89,79.1,89,79.1
7270,0.218259854988,96,5,1,0,79.1,100,89,79.1,89,100,79.1,70.19,89,79.1,89,79.1
7271,0.218234852904,97,4,1,0,79.1,100,89,79.1,89,100,79.1,70.19,89,79.1,89,79.1
7272,0.218209850821,98,3,1,0,79.1,100,89,79.1,89,100,79.1,70.19,89,79.1,89,79.1
7273,0.218184848737,98,3,1,0,79.1,100,89,79.1,89,100,79.1,70.19,89,79.1,89,79.1
7274,0.218159846654,98,3,1,0,79.1,100,89,79.1,89,100,79.1,70.19,89,79.1,89,79.1
7275,0.21813484457,98,3,1,0,79.1,100,89,79.1,89,100,79.1,70.19,89,79.1,89,79.1
7276,0.218109842487,98,3,1,0,79.1,100,89,79.1,89,100,79.1,70.19,89,79.1,89,79.1
7277,0.218084840403,96,5,1,0,79.1,100,89,79.1,89,100,79.1,70.19,89,79.1,89,79.1
7278,0.21805983832,98,3,1,0,79.1,100,89,79.1,89,100,79.1,70.19,89,79.1,89,79.1
7279,0.218034836236,98,3,1,0,79.1,100,89,79.1,89,100,79.1,70.19,89,79.1,89,79.1
7280,0.218009834153,98,3,1,0,79.1,100,89,79.1,89,100,79.1,70.19,89,79.1,89,79.1
7281,0.217984832069,98,3,1,0,79.1,100,89,79.1,89,100,79.1,70.19,89,79.1,89,79.1
7282,0.217959829986,98,3,1,0,79.1,100,89,79.1,89,100,79.1,70.19,89,79.1,89,79.1
7283,0.217934827902,98,3,1,0,79.1,100,89,79.1,89,100,79.1,70.19,89,79.1,89,79.1
7284,0.217909825819,98,3,1,0,79.1,100,89,79.1,89,100,79.1,70.19,89,79.1,89,79.1
7285,0.217884823735,98,3,1,0,79.1,100,89,79.1,89,100,79.1,70.19,89,79.1,89,79.1
7286,0.217859821652,98,3,1,0,79.1,100,89,79.1,89,100,79.1,70.19,89,79.1,89,79.1
7287,0.217834819568,96,5,1,0,79.1,100,89,79.1,89,100,79.1,70.19,89,79.1,89,79.1
7288,0.217809817485,98,3,1,0,79.1,100,89,79.1,89,100,79.1,70.19,89,79.1,89,79.1
7289,0.217784815401,98,3,1,0,79.1,100,89,79.1,89,100,79.1,70.19,89,79.1,89,79.1
7290,0.217759813318,98,3,1,0,79.1,100,89,79.1,89,100,79.1,70.19,89,79.1,89,79.1
7291,0.217734811234,96,5,1,0,79.1,100,89,79.1,89,100,79.1,70.19,89,79.1,89,79.1
7292,0.217709809151,98,3,1,0,79.1,100,89,79.1,89,100,79.1,70.19,89,79.1,89,79.1
7293,0.217684807067,97,4,1,0,79.1,100,89,79.1,89,100,79.1,70.19,89,79.1,89,79.1
7294,0.217659804984,98,3,1,0,79.1,100,89,79.1,89,100,79.1,70.19,89,79.1,89,79.1
7295,0.2176348029,98,3,1,0,79.1,100,89,79.1,89,100,79.1,70.19,89,79.1,89,79.1
7296,0.217609800817,98,3,1,0,79.1,100,89,79.1,89,100,79.1,70.19,89,79.1,89,79.1
7297,0.217584798733,96,5,1,0,79.1,100,89,79.1,89,100,79.1,70.19,89,79.1,89,79.1
7298,0.21755979665,98,3,1,0,79.1,100,89,79.1,89,100,79.1,70.19,89,79.1,89,79.1
7299,0.217534794566,98,3,1,0,79.1,100,89,79.1,89,100,79.1,70.19,89,79.1,89,79.1
7300,0.217509792483,98,3,1,0,79.1,100,89,79.1,89,100,79.1,70.19,89,79.1,89,79.1
7301,0.217484790399,97,4,1,0,79.1,100,89,79.1,89,100,79.1,70.19,89,79.1,89,79.1
7302,0.217459788316,98,3,1,0,79.1,100,89,79.1,89,100,79.1,70.19,89,79.1,89,79.1
7303,0.217434786232,98,3,1,0,79.1,100,89,79.1,89,100,79.1,70.19,89,79.1,89,79.1
7304,0.217409784149,98,3,1,0,79.1,100,89,79.1,89,100,79.1,70.19,89,79.1,89,79.1
7305,0.217384782065,93,8,1,0,79.1,100,89,79.1,89,100,79.1,70.19,89,79.1,89,79.1
7306,0.217359779982,98,3,1,0,79.1,100,89,79.1,89,100,79.1,70.19,89,79.1,89,79.1
7307,0.217334777898,98,3,1,0,79.1,100,89,79.1,89,100,79.1,70.19,89,79.1,89,79.1
7308,0.217309775815,98,3,1,0,79.1,100,89,79.1,89,100,79.1,70.19,89,79.1,89,79.1
7309,0.217284773731,98,3,1,0,79.1,100,89,79.1,89,100,79.1,70.19,89,79.1,89,79.1
7310,0.217259771648,98,3,1,0,79.1,100,89,79.1,89,100,79.1,70.19,89,79.1,89,79.1
7311,0.217234769564,96,5,1,0,79.1,100,89,79.1,89,100,79.1,70.19,89,79.1,89,79.1
7312,0.217209767481,98,3,1,0,79.1,100,89,79.1,89,100,79.1,70.19,89,79.1,89,79.1
7313,0.217184765397,96,5,1,0,79.1,100,89,79.1,89,100,79.1,70.19,89,79.1,89,79.1
7314,0.217159763314,95,6,1,0,79.1,100,89,79.1,89,100,79.1,70.19,89,79.1,89,79.1
7315,0.21713476123,98,3,1,0,79.1,100,89,79.1,89,100,79.1,70.19,89,79.1,89,79.1
7316,0.217109759147,98,3,1,0,79.1,100,89,79.1,89,100,79.1,70.19,89,79.1,89,79.1
7317,0.217084757063,98,3,1,0,79.1,100,89,79.1,89,100,79.1,70.19,89,79.1,89,79.1
7318,0.21705975498,98,3,1,0,79.1,100,89,79.1,89,100,79.1,70.19,89,79.1,89,79.1
7319,0.217034752896,98,3,1,0,79.1,100,89,79.1,89,100,79.1,70.19,89,79.1,89,79.1
7320,0.217009750813,98,3,1,0,79.1,100,89,79.1,89,100,79.1,70.19,89,79.1,89,79.1
7321,0.216984748729,98,3,1,0,79.1,100,89,79.1,89,100,79.1,70.19,89,79.1,89,79.1
7322,0.216959746646,98,3,1,0,79.1,100,89,79.1,89,100,79.1,70.19,89,79.1,89,79.1
7323,0.216934744562,98,3,1,0,79.1,100,89,79.1,89,100,79.1,70.19,89,79.1,89,79.1
7324,0.216909742479,98,3,1,0,79.1,100,89,79.1,89,100,79.1,70.19,89,79.1,89,79.1
7325,0.216884740395,96,5,1,0,79.1,100,89,79.1,89,100,79.1,70.19,89,79.1,89,79.1
7326,0.216859738312,98,3,1,0,79.1,100,89,79.1,89,100,79.1,70.19,89,79.1,89,79.1
7327,0.216834736228,98,3,1,0,79.1,100,89,79.1,89,100,79.1,70.19,89,79.1,89,79.1
7328,0.216809734145,98,3,1,0,79.1,100,89,79.1,89,100,79.1,70.19,89,79.1,89,79.1
7329,0.216784732061,96,5,1,0,79.1,100,89,79.1,89,100,79.1,70.19,89,79.1,89,79.1
7330,0.216759729977,96,5,1,0,79.1,100,89,79.1,89,100,79.1,70.19,89,79.1,89,79.1
7331,0.216734727894,98,3,1,0,79.1,100,89,79.1,89,100,79.1,70.19,89,79.1,89,79.1
7332,0.21670972581,98,3,1,0,79.1,100,89,79.1,89,100,79.1,70.19,89,79.1,89,79.1
7333,0.216684723727,98,3,1,0,79.1,100,89,79.1,89,100,79.1,70.19,89,79.1,89,79.1
7334,0.216659721643,98,3,1,0,79.1,100,89,79.1,89,100,79.1,70.19,89,79.1,89,79.1
7335,0.21663471956,98,3,1,0,79.1,100,89,79.1,89,100,79.1,70.19,89,79.1,89,79.1
7336,0.216609717476,98,3,1,0,79.1,100,89,79.1,89,100,79.1,70.19,89,79.1,89,79.1
7337,0.216584715393,98,3,1,0,79.1,100,89,79.1,89,100,79.1,70.19,89,79.1,89,79.1
7338,0.216559713309,96,5,1,0,79.1,100,89,79.1,89,100,79.1,70.19,89,79.1,89,79.1
7339,0.216534711226,98,3,1,0,79.1,100,89,79.1,89,100,79.1,70.19,89,79.1,89,79.1
7340,0.216509709142,98,3,1,0,79.1,100,89,79.1,89,100,79.1,70.19,89,79.1,89,79.1
7341,0.216484707059,97,4,1,0,79.1,100,89,79.1,89,100,79.1,70.19,89,79.1,89,79.1
7342,0.216459704975,98,3,1,0,79.1,100,89,79.1,89,100,79.1,70.19,89,79.1,89,79.1
7343,0.216434702892,96,5,1,0,79.1,100,89,79.1,89,100,79.1,70.19,89,79.1,89,79.1
7344,0.216409700808,98,3,1,0,79.1,100,89,79.1,89,100,79.1,70.19,89,79.1,89,79.1
7345,0.216384698725,98,3,1,0,79.1,100,89,79.1,89,100,79.1,70.19,89,79.1,89,79.1
7346,0.216359696641,98,3,1,0,79.1,100,89,79.1,89,100,79.1,70.19,89,79.1,89,79.1
7347,0.216334694558,98,3,1,0,79.1,100,89,79.1,89,100,79.1,70.19,89,79.1,89,79.1
7348,0.216309692474,98,3,1,0,79.1,100,89,79.1,89,100,79.1,70.19,89,79.1,89,79.1
7349,0.216284690391,98,3,1,0,79.1,100,89,79.1,89,100,79.1,70.19,89,79.1,89,79.1
7350,0.216259688307,98,3,1,0,79.1,100,89,79.1,89,100,79.1,70.19,89,79.1,89,79.1
7351,0.216234686224,98,3,1,0,79.1,100,89,79.1,89,100,79.1,70.19,89,79.1,89,79.1
7352,0.21620968414,98,3,1,0,79.1,100,89,79.1,89,100,79.1,70.19,89,79.1,89,79.1
7353,0.216184682057,98,3,1,0,79.1,100,89,79.1,89,100,79.1,70.19,89,79.1,89,79.1
7354,0.216159679973,98,3,1,0,79.1,100,89,79.1,89,100,79.1,70.19,89,79.1,89,79.1
7355,0.21613467789,94,7,1,0,79.1,100,89,79.1,89,100,79.1,70.19,89,79.1,89,79.1
7356,0.216109675806,98,3,1,0,79.1,100,89,79.1,89,100,79.1,70.19,89,79.1,89,79.1
7357,0.216084673723,98,3,1,0,79.1,100,89,79.1,89,100,79.1,70.19,89,79.1,89,79.1
7358,0.216059671639,96,5,1,0,79.1,100,89,79.1,89,100,79.1,70.19,89,79.1,89,79.1
7359,0.216034669556,98,3,1,0,79.1,100,89,79.1,89,100,79.1,70.19,89,79.1,89,79.1
7360,0.216009667472,98,3,1,0,79.1,100,89,79.1,89,100,79.1,70.19,89,79.1,89,79.1
7361,0.215984665389,98,3,1,0,79.1,100,89,79.1,89,100,79.1,70.19,89,79.1,89,79.1
7362,0.215959663305,98,3,1,0,79.1,100,89,79.1,89,100,79.1,70.19,89,79.1,89,79.1
7363,0.215934661222,98,3,1,0,79.1,100,89,79.1,89,100,79.1,70.19,89,79.1,89,79.1
7364,0.215909659138,95,6,1,0,79.1,100,89,79.1,89,100,79.1,70.19,89,79.1,89,79.1
7365,0.215884657055,98,3,1,0,79.1,100,89,79.1,89,100,79.1,70.19,89,79.1,89,79.1
7366,0.215859654971,97,4,1,0,79.1,100,89,79.1,89,100,79.1,70.19,89,79.1,89,79.1
7367,0.215834652888,98,3,1,0,79.1,100,89,79.1,89,100,79.1,70.19,89,79.1,89,79.1
7368,0.215809650804,98,3,1,0,79.1,100,89,79.1,89,100,79.1,70.19,89,79.1,89,79.1
7369,0.215784648721,98,3,1,0,79.1,100,89,79.1,89,100,79.1,70.19,89,79.1,89,79.1
7370,0.215759646637,98,3,1,0,79.1,100,89,79.1,89,100,79.1,70.19,89,79.1,89,79.1
7371,0.215734644554,97,4,1,0,79.1,100,89,79.1,89,100,79.1,70.19,89,79.1,89,79.1
7372,0.21570964247,98,3,1,0,79.1,100,89,79.1,89,100,79.1,70.19,89,79.1,89,79.1
7373,0.215684640387,97,4,1,0,79.1,100,89,79.1,89,100,79.1,70.19,89,79.1,89,79.1
7374,0.215659638303,98,3,1,0,79.1,100,89,79.1,89,100,79.1,70.19,89,79.1,89,79.1
7375,0.21563463622,95,6,1,0,79.1,100,89,79.1,89,100,79.1,70.19,89,79.1,89,79.1
7376,0.215609634136,98,3,1,0,79.1,100,89,79.1,89,100,79.1,70.19,89,79.1,89,79.1
7377,0.215584632053,98,3,1,0,79.1,100,89,79.1,89,100,79.1,70.19,89,79.1,89,79.1
7378,0.215559629969,98,3,1,0,79.1,100,89,79.1,89,100,79.1,70.19,89,79.1,89,79.1
7379,0.215534627886,98,3,1,0,79.1,100,89,79.1,89,100,79.1,70.19,89,79.1,89,79.1
7380,0.215509625802,98,3,1,0,79.1,100,89,79.1,89,100,79.1,70.19,89,79.1,89,79.1
7381,0.215484623719,98,3,1,0,79.1,100,89,79.1,89,100,79.1,70.19,89,79.1,89,79.1
7382,0.215459621635,98,3,1,0,79.1,100,89,79.1,89,100,79.1,70.19,89,79.1,89,79.1
7383,0.215434619552,97,4,1,0,79.1,100,89,79.1,89,100,79.1,70.19,89,79.1,89,79.1
7384,0.215409617468,98,3,1,0,79.1,100,89,79.1,89,100,79.1,70.19,89,79.1,89,79.1
7385,0.215384615385,97,4,1,0,79.1,100,89,79.1,89,100,79.1,70.19,89,79.1,89,79.1
7386,0.215359613301,95,6,1,0,79.1,100,89,79.1,89,100,79.1,70.19,89,79.1,89,79.1
7387,0.215334611218,98,3,1,0,79.1,100,89,79.1,89,100,79.1,70.19,89,79.1,89,79.1
7388,0.215309609134,98,3,1,0,79.1,100,89,79.1,89,100,79.1,70.19,89,79.1,89,79.1
7389,0.215284607051,98,3,1,0,79.1,100,89,79.1,89,100,79.1,70.19,89,79.1,89,79.1
7390,0.215259604967,98,3,1,0,79.1,100,89,79.1,89,100,79.1,70.19,89,79.1,89,79.1
7391,0.215234602884,92,9,1,0,79.1,100,89,79.1,89,100,79.1,70.19,89,79.1,89,79.1
7392,0.2152096008,95,6,1,0,79.1,100,89,79.1,89,100,79.1,70.19,89,79.1,89,79.1
7393,0.215184598717,98,3,1,0,79.1,100,89,79.1,89,100,79.1,70.19,89,79.1,89,79.1
7394,0.215159596633,98,3,1,0,79.1,100,89,79.1,89,100,79.1,70.19,89,79.1,89,79.1
7395,0.21513459455,98,3,1,0,79.1,100,89,79.1,89,100,79.1,70.19,89,79.1,89,79.1
7396,0.215109592466,95,6,1,0,79.1,100,89,79.1,89,100,79.1,70.19,89,79.1,89,79.1
7397,0.215084590383,98,3,1,0,79.1,100,89,79.1,89,100,79.1,70.19,89,79.1,89,79.1
7398,0.215059588299,98,3,1,0,79.1,100,89,79.1,89,100,79.1,70.19,89,79.1,89,79.1
7399,0.215034586216,98,3,1,0,79.1,100,89,79.1,89,100,79.1,70.19,89,79.1,89,79.1
7400,0.215009584132,98,3,1,0,79.1,100,89,79.1,89,100,79.1,70.19,89,79.1,89,79.1
7401,0.214984582049,98,3,1,0,79.1,100,89,79.1,89,100,79.1,70.19,89,79.1,89,79.1
7402,0.214959579965,98,3,1,0,79.1,100,89,79.1,89,100,79.1,70.19,89,79.1,89,79.1
7403,0.214934577881,98,3,1,0,79.1,100,89,79.1,89,100,79.1,70.19,89,79.1,89,79.1
7404,0.214909575798,98,3,1,0,79.1,100,89,79.1,89,100,79.1,70.19,89,79.1,89,79.1
7405,0.214884573714,98,3,1,0,79.1,100,89,79.1,89,100,79.1,70.19,89,79.1,89,79.1
7406,0.214859571631,98,3,1,0,79.1,100,89,79.1,89,100,79.1,70.19,89,79.1,89,79.1
7407,0.214834569547,96,5,1,0,79.1,100,89,79.1,89,100,79.1,70.19,89,79.1,89,79.1
7408,0.214809567464,98,3,1,0,79.1,100,89,79.1,89,100,79.1,70.19,89,79.1,89,79.1
7409,0.21478456538,98,3,1,0,79.1,100,89,79.1,89,100,79.1,70.19,89,79.1,89,79.1
7410,0.214759563297,96,5,1,0,79.1,100,89,79.1,89,100,79.1,70.19,89,79.1,89,79.1
7411,0.214734561213,98,3,1,0,79.1,100,89,79.1,89,100,79.1,70.19,89,79.1,89,79.1
7412,0.21470955913,98,3,1,0,79.1,100,89,79.1,89,100,79.1,70.19,89,79.1,89,79.1
7413,0.214684557046,96,5,1,0,79.1,100,89,79.1,89,100,79.1,70.19,89,79.1,89,79.1
7414,0.214659554963,98,3,1,0,79.1,100,89,79.1,89,100,79.1,70.19,89,79.1,89,79.1
7415,0.214634552879,96,5,1,0,79.1,100,89,79.1,89,100,79.1,70.19,89,79.1,89,79.1
7416,0.214609550796,97,4,1,0,79.1,100,89,79.1,89,100,79.1,70.19,89,79.1,89,79.1
7417,0.214584548712,98,3,1,0,79.1,100,89,79.1,89,100,79.1,70.19,89,79.1,89,79.1
7418,0.214559546629,94,7,1,0,79.1,100,89,79.1,89,100,79.1,70.19,89,79.1,89,79.1
7419,0.214534544545,98,3,1,0,79.1,100,89,79.1,89,100,79.1,70.19,89,79.1,89,79.1
7420,0.214509542462,98,3,1,0,79.1,100,89,79.1,89,100,79.1,70.19,89,79.1,89,79.1
7421,0.214484540378,98,3,1,0,79.1,100,89,79.1,89,100,79.1,70.19,89,79.1,89,79.1
7422,0.214459538295,98,3,1,0,79.1,100,89,79.1,89,100,79.1,70.19,89,79.1,89,79.1
7423,0.214434536211,98,3,1,0,79.1,100,89,79.1,89,100,79.1,70.19,89,79.1,89,79.1
7424,0.214409534128,98,3,1,0,79.1,100,89,79.1,89,100,79.1,70.19,89,79.1,89,79.1
7425,0.214384532044,98,3,1,0,79.1,100,89,79.1,89,100,79.1,70.19,89,79.1,89,79.1
7426,0.214359529961,98,3,1,0,79.1,100,89,79.1,89,100,79.1,70.19,89,79.1,89,79.1
7427,0.214334527877,97,4,1,0,79.1,100,89,79.1,89,100,79.1,70.19,89,79.1,89,79.1
7428,0.214309525794,98,3,1,0,79.1,100,89,79.1,89,100,79.1,70.19,89,79.1,89,79.1
7429,0.21428452371,98,3,1,0,79.1,100,89,79.1,89,100,79.1,70.19,89,79.1,89,79.1
7430,0.214259521627,94,7,1,0,79.1,100,89,79.1,89,100,79.1,70.19,89,79.1,89,79.1
7431,0.214234519543,98,3,1,0,79.1,100,89,79.1,89,100,79.1,70.19,89,79.1,89,79.1
7432,0.21420951746,96,5,1,0,79.1,100,89,79.1,89,100,79.1,70.19,89,79.1,89,79.1
7433,0.214184515376,98,3,1,0,79.1,100,89,79.1,89,100,79.1,70.19,89,79.1,89,79.1
7434,0.214159513293,98,3,1,0,79.1,100,89,79.1,89,100,79.1,70.19,89,79.1,89,79.1
7435,0.214134511209,98,3,1,0,79.1,100,89,79.1,89,100,79.1,70.19,89,79.1,89,79.1
7436,0.214109509126,98,3,1,0,79.1,100,89,79.1,89,100,79.1,70.19,89,79.1,89,79.1
7437,0.214084507042,96,5,1,0,79.1,100,89,79.1,89,100,79.1,70.19,89,79.1,89,79.1
7438,0.214059504959,98,3,1,0,79.1,100,89,79.1,89,100,79.1,70.19,89,79.1,89,79.1
7439,0.214034502875,98,3,1,0,79.1,100,89,79.1,89,100,79.1,70.19,89,79.1,89,79.1
7440,0.214009500792,97,4,1,0,79.1,100,89,79.1,89,100,79.1,70.19,89,79.1,89,79.1
7441,0.213984498708,97,4,1,0,79.1,100,89,79.1,89,100,79.1,70.19,89,79.1,89,79.1
7442,0.213959496625,98,3,1,0,79.1,100,89,79.1,89,100,79.1,70.19,89,79.1,89,79.1
7443,0.213934494541,98,3,1,0,79.1,100,89,79.1,89,100,79.1,70.19,89,79.1,89,79.1
7444,0.213909492458,94,7,1,0,79.1,100,89,79.1,89,100,79.1,70.19,89,79.1,89,79.1
7445,0.213884490374,98,3,1,0,79.1,100,89,79.1,89,100,79.1,70.19,89,79.1,89,79.1
7446,0.213859488291,98,3,1,0,79.1,100,89,79.1,89,100,79.1,70.19,89,79.1,89,79.1
7447,0.213834486207,98,3,1,0,79.1,100,89,79.1,89,100,79.1,70.19,89,79.1,89,79.1
7448,0.213809484124,97,4,1,0,79.1,100,89,79.1,89,100,79.1,70.19,89,79.1,89,79.1
7449,0.21378448204,98,3,1,0,79.1,100,89,79.1,89,100,79.1,70.19,89,79.1,89,79.1
7450,0.213759479957,98,3,1,0,79.1,100,89,79.1,89,100,79.1,70.19,89,79.1,89,79.1
7451,0.213734477873,95,6,1,0,79.1,100,89,79.1,89,100,79.1,70.19,89,79.1,89,79.1
7452,0.21370947579,98,3,1,0,79.1,100,89,79.1,89,100,79.1,70.19,89,79.1,89,79.1
7453,0.213684473706,98,3,1,0,79.1,100,89,79.1,89,100,79.1,70.19,89,79.1,89,79.1
7454,0.213659471623,98,3,1,0,79.1,100,89,79.1,89,100,79.1,70.19,89,79.1,89,79.1
7455,0.213634469539,98,3,1,0,79.1,100,89,79.1,89,100,79.1,70.19,89,79.1,89,79.1
7456,0.213609467456,94,7,1,0,79.1,100,89,79.1,89,100,79.1,70.19,89,79.1,89,79.1
7457,0.213584465372,98,3,1,0,79.1,100,89,79.1,89,100,79.1,70.19,89,79.1,89,79.1
7458,0.213559463289,98,3,1,0,79.1,100,89,79.1,89,100,79.1,70.19,89,79.1,89,79.1
7459,0.213534461205,98,3,1,0,79.1,100,89,79.1,89,100,79.1,70.19,89,79.1,89,79.1
7460,0.213509459122,98,3,1,0,79.1,100,89,79.1,89,100,79.1,70.19,89,79.1,89,79.1
7461,0.213484457038,98,3,1,0,79.1,100,89,79.1,89,100,79.1,70.19,89,79.1,89,79.1
7462,0.213459454955,98,3,1,0,79.1,100,89,79.1,89,100,79.1,70.19,89,79.1,89,79.1
7463,0.213434452871,98,3,1,0,79.1,100,89,79.1,89,100,79.1,70.19,89,79.1,89,79.1
7464,0.213409450788,98,3,1,0,79.1,100,89,79.1,89,100,79.1,70.19,89,79.1,89,79.1
7465,0.213384448704,98,3,1,0,79.1,100,89,79.1,89,100,79.1,70.19,89,79.1,89,79.1
7466,0.213359446621,98,3,1,0,79.1,100,89,79.1,89,100,79.1,70.19,89,79.1,89,79.1
7467,0.213334444537,97,4,1,0,79.1,100,89,79.1,89,100,79.1,70.19,89,79.1,89,79.1
7468,0.213309442454,98,3,1,0,79.1,100,89,79.1,89,100,79.1,70.19,89,79.1,89,79.1
7469,0.21328444037,97,4,1,0,79.1,100,89,79.1,89,100,79.1,70.19,89,79.1,89,79.1
7470,0.213259438287,98,3,1,0,79.1,100,89,79.1,89,100,79.1,70.19,89,79.1,89,79.1
7471,0.213234436203,98,3,1,0,79.1,100,89,79.1,89,100,79.1,70.19,89,79.1,89,79.1
7472,0.21320943412,98,3,1,0,79.1,100,89,79.1,89,100,79.1,70.19,89,79.1,89,79.1
7473,0.213184432036,98,3,1,0,79.1,100,89,79.1,89,100,79.1,70.19,89,79.1,89,79.1
7474,0.213159429952,96,5,1,0,79.1,100,89,79.1,89,100,79.1,70.19,89,79.1,89,79.1
7475,0.213134427869,98,3,1,0,79.1,100,89,79.1,89,100,79.1,70.19,89,79.1,89,79.1
7476,0.213109425785,98,3,1,0,79.1,100,89,79.1,89,100,79.1,70.19,89,79.1,89,79.1
7477,0.213084423702,98,3,1,0,79.1,100,89,79.1,89,100,79.1,70.19,89,79.1,89,79.1
7478,0.213059421618,98,3,1,0,79.1,100,89,79.1,89,100,79.1,70.19,89,79.1,89,79.1
7479,0.213034419535,98,3,1,0,79.1,100,89,79.1,89,100,79.1,70.19,89,79.1,89,79.1
7480,0.213009417451,98,3,1,0,79.1,100,89,79.1,89,100,79.1,70.19,89,79.1,89,79.1
7481,0.212984415368,96,5,1,0,79.1,100,89,79.1,89,100,79.1,70.19,89,79.1,89,79.1
7482,0.212959413284,98,3,1,0,79.1,100,89,79.1,89,100,79.1,70.19,89,79.1,89,79.1
7483,0.212934411201,98,3,1,0,79.1,100,89,79.1,89,100,79.1,70.19,89,79.1,89,79.1
7484,0.212909409117,98,3,1,0,79.1,100,89,79.1,89,100,79.1,70.19,89,79.1,89,79.1
7485,0.212884407034,98,3,1,0,79.1,100,89,79.1,89,100,79.1,70.19,89,79.1,89,79.1
7486,0.21285940495,98,3,1,0,79.1,100,89,79.1,89,100,79.1,70.19,89,79.1,89,79.1
7487,0.212834402867,98,3,1,0,79.1,100,89,79.1,89,100,79.1,70.19,89,79.1,89,79.1
7488,0.212809400783,98,3,1,0,79.1,100,89,79.1,89,100,79.1,70.19,89,79.1,89,79.1
7489,0.2127843987,98,3,1,0,79.1,100,89,79.1,89,100,79.1,70.19,89,79.1,89,79.1
7490,0.212759396616,98,3,1,0,79.1,100,89,79.1,89,100,79.1,70.19,89,79.1,89,79.1
7491,0.212734394533,98,3,1,0,79.1,100,89,79.1,89,100,79.1,70.19,89,79.1,89,79.1
7492,0.212709392449,97,4,1,0,79.1,100,89,79.1,89,100,79.1,70.19,89,79.1,89,79.1
7493,0.212684390366,98,3,1,0,79.1,100,89,79.1,89,100,79.1,70.19,89,79.1,89,79.1
7494,0.212659388282,97,4,1,0,79.1,100,89,79.1,89,100,79.1,70.19,89,79.1,89,79.1
7495,0.212634386199,96,5,1,0,79.1,100,89,79.1,89,100,79.1,70.19,89,79.1,89,79.1
7496,0.212609384115,97,4,1,0,79.1,100,89,79.1,89,100,79.1,70.19,89,79.1,89,79.1
7497,0.212584382032,96,5,1,0,79.1,100,89,79.1,89,100,79.1,70.19,89,79.1,89,79.1
7498,0.212559379948,98,3,1,0,79.1,100,89,79.1,89,100,79.1,70.19,89,79.1,89,79.1
7499,0.212534377865,98,3,1,0,79.1,100,89,79.1,89,100,79.1,70.19,89,79.1,89,79.1
7500,0.212509375781,95,6,1,0,79.1,100,89,79.1,89,100,79.1,70.19,89,79.1,89,79.1
7501,0.212484373698,98,3,1,0,79.1,100,89,79.1,89,100,79.1,70.19,89,79.1,89,79.1
7502,0.212459371614,98,3,1,0,79.1,100,89,79.1,89,100,79.1,70.19,89,79.1,89,79.1
7503,0.212434369531,96,5,1,0,79.1,100,89,79.1,89,100,79.1,70.19,89,79.1,89,79.1
7504,0.212409367447,98,3,1,0,79.1,100,89,79.1,89,100,79.1,70.19,89,79.1,89,79.1
7505,0.212384365364,98,3,1,0,79.1,100,89,79.1,89,100,79.1,70.19,89,79.1,89,79.1
7506,0.21235936328,98,3,1,0,79.1,100,89,79.1,89,100,79.1,70.19,89,79.1,89,79.1
7507,0.212334361197,98,3,1,0,79.1,100,89,79.1,89,100,79.1,70.19,89,79.1,89,79.1
7508,0.212309359113,96,5,1,0,79.1,100,89,79.1,89,100,79.1,70.19,89,79.1,89,79.1
7509,0.21228435703,98,3,1,0,79.1,100,89,79.1,89,100,79.1,70.19,89,79.1,89,79.1
7510,0.212259354946,98,3,1,0,79.1,100,89,79.1,89,100,79.1,70.19,89,79.1,89,79.1
7511,0.212234352863,96,5,1,0,79.1,100,89,79.1,89,100,79.1,70.19,89,79.1,89,79.1
7512,0.212209350779,98,3,1,0,79.1,100,89,79.1,89,100,79.1,70.19,89,79.1,89,79.1
7513,0.212184348696,98,3,1,0,79.1,100,89,79.1,89,100,79.1,70.19,89,79.1,89,79.1
7514,0.212159346612,97,4,1,0,79.1,100,89,79.1,89,100,79.1,70.19,89,79.1,89,79.1
7515,0.212134344529,97,4,1,0,79.1,100,89,79.1,89,100,79.1,70.19,89,79.1,89,79.1
7516,0.212109342445,97,4,1,0,79.1,100,89,79.1,89,100,79.1,70.19,89,79.1,89,79.1
7517,0.212084340362,98,3,1,0,79.1,100,89,79.1,89,100,79.1,70.19,89,79.1,89,79.1
7518,0.212059338278,98,3,1,0,79.1,100,89,79.1,89,100,79.1,70.19,89,79.1,89,79.1
7519,0.212034336195,98,3,1,0,79.1,100,89,79.1,89,100,79.1,70.19,89,79.1,89,79.1
7520,0.212009334111,98,3,1,0,79.1,100,89,79.1,89,100,79.1,70.19,89,79.1,89,79.1
7521,0.211984332028,96,5,1,0,79.1,100,89,79.1,89,100,79.1,70.19,89,79.1,89,79.1
7522,0.211959329944,98,3,1,0,79.1,100,89,79.1,89,100,79.1,70.19,89,79.1,89,79.1
7523,0.211934327861,98,3,1,0,79.1,100,89,79.1,89,100,79.1,70.19,89,79.1,89,79.1
7524,0.211909325777,97,4,1,0,79.1,100,89,79.1,89,100,79.1,70.19,89,79.1,89,79.1
7525,0.211884323694,97,4,1,0,79.1,100,89,79.1,89,100,79.1,70.19,89,79.1,89,79.1
7526,0.21185932161,98,3,1,0,79.1,100,89,79.1,89,100,79.1,70.19,89,79.1,89,79.1
7527,0.211834319527,94,7,1,0,79.1,100,89,79.1,89,100,79.1,70.19,89,79.1,89,79.1
7528,0.211809317443,98,3,1,0,79.1,100,89,79.1,89,100,79.1,70.19,89,79.1,89,79.1
7529,0.21178431536,96,5,1,0,79.1,100,89,79.1,89,100,79.1,70.19,89,79.1,89,79.1
7530,0.211759313276,98,3,1,0,79.1,100,89,79.1,89,100,79.1,70.19,89,79.1,89,79.1
7531,0.211734311193,98,3,1,0,79.1,100,89,79.1,89,100,79.1,70.19,89,79.1,89,79.1
7532,0.211709309109,98,3,1,0,79.1,100,89,79.1,89,100,79.1,70.19,89,79.1,89,79.1
7533,0.211684307026,98,3,1,0,79.1,100,89,79.1,89,100,79.1,70.19,89,79.1,89,79.1
7534,0.211659304942,97,4,1,0,79.1,100,89,79.1,89,100,79.1,70.19,89,79.1,89,79.1
7535,0.211634302859,97,4,1,0,79.1,100,89,79.1,89,100,79.1,70.19,89,79.1,89,79.1
7536,0.211609300775,98,3,1,0,79.1,100,89,79.1,89,100,79.1,70.19,89,79.1,89,79.1
7537,0.211584298692,94,7,1,0,79.1,100,89,79.1,89,100,79.1,70.19,89,79.1,89,79.1
7538,0.211559296608,98,3,1,0,79.1,100,89,79.1,89,100,79.1,70.19,89,79.1,89,79.1
7539,0.211534294525,98,3,1,0,79.1,100,89,79.1,89,100,79.1,70.19,89,79.1,89,79.1
7540,0.211509292441,98,3,1,0,79.1,100,89,79.1,89,100,79.1,70.19,89,79.1,89,79.1
7541,0.211484290358,97,4,1,0,79.1,100,89,79.1,89,100,79.1,70.19,89,79.1,89,79.1
7542,0.211459288274,97,4,1,0,79.1,100,89,79.1,89,100,79.1,70.19,89,79.1,89,79.1
7543,0.211434286191,96,5,1,0,79.1,100,89,79.1,89,100,79.1,70.19,89,79.1,89,79.1
7544,0.211409284107,97,4,1,0,79.1,100,89,79.1,89,100,79.1,70.19,89,79.1,89,79.1
7545,0.211384282024,98,3,1,0,79.1,100,89,79.1,89,100,79.1,70.19,89,79.1,89,79.1
7546,0.21135927994,94,7,1,0,79.1,100,89,79.1,89,100,79.1,70.19,89,79.1,89,79.1
7547,0.211334277856,96,5,1,0,79.1,100,89,79.1,89,100,79.1,70.19,89,79.1,89,79.1
7548,0.211309275773,98,3,1,0,79.1,100,89,79.1,89,100,79.1,70.19,89,79.1,89,79.1
7549,0.211284273689,98,3,1,0,79.1,100,89,79.1,89,100,79.1,70.19,89,79.1,89,79.1
7550,0.211259271606,98,3,1,0,79.1,100,89,79.1,89,100,79.1,70.19,89,79.1,89,79.1
7551,0.211234269522,95,6,1,0,79.1,100,89,79.1,89,100,79.1,70.19,89,79.1,89,79.1
7552,0.211209267439,97,4,1,0,79.1,100,89,79.1,89,100,79.1,70.19,89,79.1,89,79.1
7553,0.211184265355,98,3,1,0,79.1,100,89,79.1,89,100,79.1,70.19,89,79.1,89,79.1
7554,0.211159263272,98,3,1,0,79.1,100,89,79.1,89,100,79.1,70.19,89,79.1,89,79.1
7555,0.211134261188,96,5,1,0,79.1,100,89,79.1,89,100,79.1,70.19,89,79.1,89,79.1
7556,0.211109259105,98,3,1,0,79.1,100,89,79.1,89,100,79.1,70.19,89,79.1,89,79.1
7557,0.211084257021,98,3,1,0,79.1,100,89,79.1,89,100,79.1,70.19,89,79.1,89,79.1
7558,0.211059254938,97,4,1,0,79.1,100,89,79.1,89,100,79.1,70.19,89,79.1,89,79.1
7559,0.211034252854,96,5,1,0,79.1,100,89,79.1,89,100,79.1,70.19,89,79.1,89,79.1
7560,0.211009250771,98,3,1,0,79.1,100,89,79.1,89,100,79.1,70.19,89,79.1,89,79.1
7561,0.210984248687,98,3,1,0,79.1,100,89,79.1,89,100,79.1,70.19,89,79.1,89,79.1
7562,0.210959246604,97,4,1,0,79.1,100,89,79.1,89,100,79.1,70.19,89,79.1,89,79.1
7563,0.21093424452,98,3,1,0,79.1,100,89,79.1,89,100,79.1,70.19,89,79.1,89,79.1
7564,0.210909242437,98,3,1,0,79.1,100,89,79.1,89,100,79.1,70.19,89,79.1,89,79.1
7565,0.210884240353,98,3,1,0,79.1,100,89,79.1,89,100,79.1,70.19,89,79.1,89,79.1
7566,0.21085923827,98,3,1,0,79.1,100,89,79.1,89,100,79.1,70.19,89,79.1,89,79.1
7567,0.210834236186,98,3,1,0,79.1,100,89,79.1,89,100,79.1,70.19,89,79.1,89,79.1
7568,0.210809234103,98,3,1,0,79.1,100,89,79.1,89,100,79.1,70.19,89,79.1,89,79.1
7569,0.210784232019,98,3,1,0,79.1,100,89,79.1,89,100,79.1,70.19,89,79.1,89,79.1
7570,0.210759229936,98,3,1,0,79.1,100,89,79.1,89,100,79.1,70.19,89,79.1,89,79.1
7571,0.210734227852,98,3,1,0,79.1,100,89,79.1,89,100,79.1,70.19,89,79.1,89,79.1
7572,0.210709225769,98,3,1,0,79.1,100,89,79.1,89,100,79.1,70.19,89,79.1,89,79.1
7573,0.210684223685,98,3,1,0,79.1,100,89,79.1,89,100,79.1,70.19,89,79.1,89,79.1
7574,0.210659221602,95,6,1,0,79.1,100,89,79.1,89,100,79.1,70.19,89,79.1,89,79.1
7575,0.210634219518,98,3,1,0,79.1,100,89,79.1,89,100,79.1,70.19,89,79.1,89,79.1
7576,0.210609217435,98,3,1,0,79.1,100,89,79.1,89,100,79.1,70.19,89,79.1,89,79.1
7577,0.210584215351,98,3,1,0,79.1,100,89,79.1,89,100,79.1,70.19,89,79.1,89,79.1
7578,0.210559213268,98,3,1,0,79.1,100,89,79.1,89,100,79.1,70.19,89,79.1,89,79.1
7579,0.210534211184,98,3,1,0,79.1,100,89,79.1,89,100,79.1,70.19,89,79.1,89,79.1
7580,0.210509209101,98,3,1,0,79.1,100,89,79.1,89,100,79.1,70.19,89,79.1,89,79.1
7581,0.210484207017,98,3,1,0,79.1,100,89,79.1,89,100,79.1,70.19,89,79.1,89,79.1
7582,0.210459204934,96,5,1,0,79.1,100,89,79.1,89,100,79.1,70.19,89,79.1,89,79.1
7583,0.21043420285,97,4,1,0,79.1,100,89,79.1,89,100,79.1,70.19,89,79.1,89,79.1
7584,0.210409200767,97,4,1,0,79.1,100,89,79.1,89,100,79.1,70.19,89,79.1,89,79.1
7585,0.210384198683,98,3,1,0,79.1,100,89,79.1,89,100,79.1,70.19,89,79.1,89,79.1
7586,0.2103591966,98,3,1,0,79.1,100,89,79.1,89,100,79.1,70.19,89,79.1,89,79.1
7587,0.210334194516,98,3,1,0,79.1,100,89,79.1,89,100,79.1,70.19,89,79.1,89,79.1
7588,0.210309192433,96,5,1,0,79.1,100,89,79.1,89,100,79.1,70.19,89,79.1,89,79.1
7589,0.210284190349,98,3,1,0,79.1,100,89,79.1,89,100,79.1,70.19,89,79.1,89,79.1
7590,0.210259188266,98,3,1,0,79.1,100,89,79.1,89,100,79.1,70.19,89,79.1,89,79.1
7591,0.210234186182,97,4,1,0,79.1,100,89,79.1,89,100,79.1,70.19,89,79.1,89,79.1
7592,0.210209184099,96,5,1,0,79.1,100,89,79.1,89,100,79.1,70.19,89,79.1,89,79.1
7593,0.210184182015,98,3,1,0,79.1,100,89,79.1,89,100,79.1,70.19,89,79.1,89,79.1
7594,0.210159179932,98,3,1,0,79.1,100,89,79.1,89,100,79.1,70.19,89,79.1,89,79.1
7595,0.210134177848,96,5,1,0,79.1,100,89,79.1,89,100,79.1,70.19,89,79.1,89,79.1
7596,0.210109175765,98,3,1,0,79.1,100,89,79.1,89,100,79.1,70.19,89,79.1,89,79.1
7597,0.210084173681,98,3,1,0,79.1,100,89,79.1,89,100,79.1,70.19,89,79.1,89,79.1
7598,0.210059171598,98,3,1,0,79.1,100,89,79.1,89,100,79.1,70.19,89,79.1,89,79.1
7599,0.210034169514,98,3,1,0,79.1,100,89,79.1,89,100,79.1,70.19,89,79.1,89,79.1
7600,0.210009167431,98,3,1,0,79.1,100,89,79.1,89,100,79.1,70.19,89,79.1,89,79.1
7601,0.209984165347,98,3,1,0,79.1,100,89,79.1,89,100,79.1,70.19,89,79.1,89,79.1
7602,0.209959163264,98,3,1,0,79.1,100,89,79.1,89,100,79.1,70.19,89,79.1,89,79.1
7603,0.20993416118,98,3,1,0,79.1,100,89,79.1,89,100,79.1,70.19,89,79.1,89,79.1
7604,0.209909159097,98,3,1,0,79.1,100,89,79.1,89,100,79.1,70.19,89,79.1,89,79.1
7605,0.209884157013,98,3,1,0,79.1,100,89,79.1,89,100,79.1,70.19,89,79.1,89,79.1
7606,0.20985915493,96,5,1,0,79.1,100,89,79.1,89,100,79.1,70.19,89,79.1,89,79.1
7607,0.209834152846,98,3,1,0,79.1,100,89,79.1,89,100,79.1,70.19,89,79.1,89,79.1
7608,0.209809150763,98,3,1,0,79.1,100,89,79.1,89,100,79.1,70.19,89,79.1,89,79.1
7609,0.209784148679,98,3,1,0,79.1,100,89,79.1,89,100,79.1,70.19,89,79.1,89,79.1
7610,0.209759146596,98,3,1,0,79.1,100,89,79.1,89,100,79.1,70.19,89,79.1,89,79.1
7611,0.209734144512,98,3,1,0,79.1,100,89,79.1,89,100,79.1,70.19,89,79.1,89,79.1
7612,0.209709142429,98,3,1,0,79.1,100,89,79.1,89,100,79.1,70.19,89,79.1,89,79.1
7613,0.209684140345,98,3,1,0,79.1,100,89,79.1,89,100,79.1,70.19,89,79.1,89,79.1
7614,0.209659138262,98,3,1,0,79.1,100,89,79.1,89,100,79.1,70.19,89,79.1,89,79.1
7615,0.209634136178,98,3,1,0,79.1,100,89,79.1,89,100,79.1,70.19,89,79.1,89,79.1
7616,0.209609134095,98,3,1,0,79.1,100,89,79.1,89,100,79.1,70.19,89,79.1,89,79.1
7617,0.209584132011,98,3,1,0,79.1,100,89,79.1,89,100,79.1,70.19,89,79.1,89,79.1
7618,0.209559129927,98,3,1,0,79.1,100,89,79.1,89,100,79.1,70.19,89,79.1,89,79.1
7619,0.209534127844,98,3,1,0,79.1,100,89,79.1,89,100,79.1,70.19,89,79.1,89,79.1
7620,0.20950912576,96,5,1,0,79.1,100,89,79.1,89,100,79.1,70.19,89,79.1,89,79.1
7621,0.209484123677,98,3,1,0,79.1,100,89,79.1,89,100,79.1,70.19,89,79.1,89,79.1
7622,0.209459121593,96,5,1,0,79.1,100,89,79.1,89,100,79.1,70.19,89,79.1,89,79.1
7623,0.20943411951,98,3,1,0,79.1,100,89,79.1,89,100,79.1,70.19,89,79.1,89,79.1
7624,0.209409117426,98,3,1,0,79.1,100,89,79.1,89,100,79.1,70.19,89,79.1,89,79.1
7625,0.209384115343,96,5,1,0,79.1,100,89,79.1,89,100,79.1,70.19,89,79.1,89,79.1
7626,0.209359113259,98,3,1,0,79.1,100,89,79.1,89,100,79.1,70.19,89,79.1,89,79.1
7627,0.209334111176,97,4,1,0,79.1,100,89,79.1,89,100,79.1,70.19,89,79.1,89,79.1
7628,0.209309109092,98,3,1,0,79.1,100,89,79.1,89,100,79.1,70.19,89,79.1,89,79.1
7629,0.209284107009,97,4,1,0,79.1,100,89,79.1,89,100,79.1,70.19,89,79.1,89,79.1
7630,0.209259104925,98,3,1,0,79.1,100,89,79.1,89,100,79.1,70.19,89,79.1,89,79.1
7631,0.209234102842,98,3,1,0,79.1,100,89,79.1,89,100,79.1,70.19,89,79.1,89,79.1
7632,0.209209100758,97,4,1,0,79.1,100,89,79.1,89,100,79.1,70.19,89,79.1,89,79.1
7633,0.209184098675,96,5,1,0,79.1,100,89,79.1,89,100,79.1,70.19,89,79.1,89,79.1
7634,0.209159096591,98,3,1,0,79.1,100,89,79.1,89,100,79.1,70.19,89,79.1,89,79.1
7635,0.209134094508,96,5,1,0,79.1,100,89,79.1,89,100,79.1,70.19,89,79.1,89,79.1
7636,0.209109092424,98,3,1,0,79.1,100,89,79.1,89,100,79.1,70.19,89,79.1,89,79.1
7637,0.209084090341,98,3,1,0,79.1,100,89,79.1,89,100,79.1,70.19,89,79.1,89,79.1
7638,0.209059088257,98,3,1,0,79.1,100,89,79.1,89,100,79.1,70.19,89,79.1,89,79.1
7639,0.209034086174,98,3,1,0,79.1,100,89,79.1,89,100,79.1,70.19,89,79.1,89,79.1
7640,0.20900908409,98,3,1,0,79.1,100,89,79.1,89,100,79.1,70.19,89,79.1,89,79.1
7641,0.208984082007,98,3,1,0,79.1,100,89,79.1,89,100,79.1,70.19,89,79.1,89,79.1
7642,0.208959079923,96,5,1,0,79.1,100,89,79.1,89,100,79.1,70.19,89,79.1,89,79.1
7643,0.20893407784,98,3,1,0,79.1,100,89,79.1,89,100,79.1,70.19,89,79.1,89,79.1
7644,0.208909075756,98,3,1,0,79.1,100,89,79.1,89,100,79.1,70.19,89,79.1,89,79.1
7645,0.208884073673,98,3,1,0,79.1,100,89,79.1,89,100,79.1,70.19,89,79.1,89,79.1
7646,0.208859071589,98,3,1,0,79.1,100,89,79.1,89,100,79.1,70.19,89,79.1,89,79.1
7647,0.208834069506,96,5,1,0,79.1,100,89,79.1,89,100,79.1,70.19,89,79.1,89,79.1
7648,0.208809067422,98,3,1,0,79.1,100,89,79.1,89,100,79.1,70.19,89,79.1,89,79.1
7649,0.208784065339,97,4,1,0,79.1,100,89,79.1,89,100,79.1,70.19,89,79.1,89,79.1
7650,0.208759063255,98,3,1,0,79.1,100,89,79.1,89,100,79.1,70.19,89,79.1,89,79.1
7651,0.208734061172,97,4,1,0,79.1,100,89,79.1,89,100,79.1,70.19,89,79.1,89,79.1
7652,0.208709059088,97,4,1,0,79.1,100,89,79.1,89,100,79.1,70.19,89,79.1,89,79.1
7653,0.208684057005,98,3,1,0,79.1,100,89,79.1,89,100,79.1,70.19,89,79.1,89,79.1
7654,0.208659054921,98,3,1,0,79.1,100,89,79.1,89,100,79.1,70.19,89,79.1,89,79.1
7655,0.208634052838,98,3,1,0,79.1,100,89,79.1,89,100,79.1,70.19,89,79.1,89,79.1
7656,0.208609050754,96,5,1,0,79.1,100,89,79.1,89,100,79.1,70.19,89,79.1,89,79.1
7657,0.208584048671,96,5,1,0,79.1,100,89,79.1,89,100,79.1,70.19,89,79.1,89,79.1
7658,0.208559046587,98,3,1,0,79.1,100,89,79.1,89,100,79.1,70.19,89,79.1,89,79.1
7659,0.208534044504,98,3,1,0,79.1,100,89,79.1,89,100,79.1,70.19,89,79.1,89,79.1
7660,0.20850904242,98,3,1,0,79.1,100,89,79.1,89,100,79.1,70.19,89,79.1,89,79.1
7661,0.208484040337,98,3,1,0,79.1,100,89,79.1,89,100,79.1,70.19,89,79.1,89,79.1
7662,0.208459038253,96,5,1,0,79.1,100,89,79.1,89,100,79.1,70.19,89,79.1,89,79.1
7663,0.20843403617,97,4,1,0,79.1,100,89,79.1,89,100,79.1,70.19,89,79.1,89,79.1
7664,0.208409034086,96,5,1,0,79.1,100,89,79.1,89,100,79.1,70.19,89,79.1,89,79.1
7665,0.208384032003,98,3,1,0,79.1,100,89,79.1,89,100,79.1,70.19,89,79.1,89,79.1
7666,0.208359029919,98,3,1,0,79.1,100,89,79.1,89,100,79.1,70.19,89,79.1,89,79.1
7667,0.208334027836,97,4,1,0,79.1,100,89,79.1,89,100,79.1,70.19,89,79.1,89,79.1
7668,0.208309025752,95,6,1,0,79.1,100,89,79.1,89,100,79.1,70.19,89,79.1,89,79.1
7669,0.208284023669,96,5,1,0,79.1,100,89,79.1,89,100,79.1,70.19,89,79.1,89,79.1
7670,0.208259021585,98,3,1,0,79.1,100,89,79.1,89,100,79.1,70.19,89,79.1,89,79.1
7671,0.208234019502,98,3,1,0,79.1,100,89,79.1,89,100,79.1,70.19,89,79.1,89,79.1
7672,0.208209017418,98,3,1,0,79.1,100,89,79.1,89,100,79.1,70.19,89,79.1,89,79.1
7673,0.208184015335,97,4,1,0,79.1,100,89,79.1,89,100,79.1,70.19,89,79.1,89,79.1
7674,0.208159013251,96,5,1,0,79.1,100,89,79.1,89,100,79.1,70.19,89,79.1,89,79.1
7675,0.208134011168,98,3,1,0,79.1,100,89,79.1,89,100,79.1,70.19,89,79.1,89,79.1
7676,0.208109009084,94,7,1,0,79.1,100,89,79.1,89,100,79.1,70.19,89,79.1,89,79.1
7677,0.208084007001,96,5,1,0,79.1,100,89,79.1,89,100,79.1,70.19,89,79.1,89,79.1
7678,0.208059004917,98,3,1,0,79.1,100,89,79.1,89,100,79.1,70.19,89,79.1,89,79.1
7679,0.208034002834,98,3,1,0,79.1,100,89,79.1,89,100,79.1,70.19,89,79.1,89,79.1
7680,0.20800900075,98,3,1,0,79.1,100,89,79.1,89,100,79.1,70.19,89,79.1,89,79.1
7681,0.207983998667,98,3,1,0,79.1,100,89,79.1,89,100,79.1,70.19,89,79.1,89,79.1
7682,0.207958996583,98,3,1,0,79.1,100,89,79.1,89,100,79.1,70.19,89,79.1,89,79.1
7683,0.2079339945,98,3,1,0,79.1,100,89,79.1,89,100,79.1,70.19,89,79.1,89,79.1
7684,0.207908992416,97,4,1,0,79.1,100,89,79.1,89,100,79.1,70.19,89,79.1,89,79.1
7685,0.207883990333,96,5,1,0,79.1,100,89,79.1,89,100,79.1,70.19,89,79.1,89,79.1
7686,0.207858988249,98,3,1,0,79.1,100,89,79.1,89,100,79.1,70.19,89,79.1,89,79.1
7687,0.207833986166,98,3,1,0,79.1,100,89,79.1,89,100,79.1,70.19,89,79.1,89,79.1
7688,0.207808984082,98,3,1,0,79.1,100,89,79.1,89,100,79.1,70.19,89,79.1,89,79.1
7689,0.207783981998,98,3,1,0,79.1,100,89,79.1,89,100,79.1,70.19,89,79.1,89,79.1
7690,0.207758979915,98,3,1,0,79.1,100,89,79.1,89,100,79.1,70.19,89,79.1,89,79.1
7691,0.207733977831,98,3,1,0,79.1,100,89,79.1,89,100,79.1,70.19,89,79.1,89,79.1
7692,0.207708975748,98,3,1,0,79.1,100,89,79.1,89,100,79.1,70.19,89,79.1,89,79.1
7693,0.207683973664,98,3,1,0,79.1,100,89,79.1,89,100,79.1,70.19,89,79.1,89,79.1
7694,0.207658971581,96,5,1,0,79.1,100,89,79.1,89,100,79.1,70.19,89,79.1,89,79.1
7695,0.207633969497,98,3,1,0,79.1,100,89,79.1,89,100,79.1,70.19,89,79.1,89,79.1
7696,0.207608967414,98,3,1,0,79.1,100,89,79.1,89,100,79.1,70.19,89,79.1,89,79.1
7697,0.20758396533,96,5,1,0,79.1,100,89,79.1,89,100,79.1,70.19,89,79.1,89,79.1
7698,0.207558963247,98,3,1,0,79.1,100,89,79.1,89,100,79.1,70.19,89,79.1,89,79.1
7699,0.207533961163,98,3,1,0,79.1,100,89,79.1,89,100,79.1,70.19,89,79.1,89,79.1
7700,0.20750895908,98,3,1,0,79.1,100,89,79.1,89,100,79.1,70.19,89,79.1,89,79.1
7701,0.207483956996,98,3,1,0,79.1,100,89,79.1,89,100,79.1,70.19,89,79.1,89,79.1
7702,0.207458954913,98,3,1,0,79.1,100,89,79.1,89,100,79.1,70.19,89,79.1,89,79.1
7703,0.207433952829,98,3,1,0,79.1,100,89,79.1,89,100,79.1,70.19,89,79.1,89,79.1
7704,0.207408950746,96,5,1,0,79.1,100,89,79.1,89,100,79.1,70.19,89,79.1,89,79.1
7705,0.207383948662,97,4,1,0,79.1,100,89,79.1,89,100,79.1,70.19,89,79.1,89,79.1
7706,0.207358946579,98,3,1,0,79.1,100,89,79.1,89,100,79.1,70.19,89,79.1,89,79.1
7707,0.207333944495,97,4,1,0,79.1,100,89,79.1,89,100,79.1,70.19,89,79.1,89,79.1
7708,0.207308942412,96,5,1,0,79.1,100,89,79.1,89,100,79.1,70.19,89,79.1,89,79.1
7709,0.207283940328,95,6,1,0,79.1,100,89,79.1,89,100,79.1,70.19,89,79.1,89,79.1
7710,0.207258938245,98,3,1,0,79.1,100,89,79.1,89,100,79.1,70.19,89,79.1,89,79.1
7711,0.207233936161,98,3,1,0,79.1,100,89,79.1,89,100,79.1,70.19,89,79.1,89,79.1
7712,0.207208934078,98,3,1,0,79.1,100,89,79.1,89,100,79.1,70.19,89,79.1,89,79.1
7713,0.207183931994,98,3,1,0,79.1,100,89,79.1,89,100,79.1,70.19,89,79.1,89,79.1
7714,0.207158929911,98,3,1,0,79.1,100,89,79.1,89,100,79.1,70.19,89,79.1,89,79.1
7715,0.207133927827,98,3,1,0,79.1,100,89,79.1,89,100,79.1,70.19,89,79.1,89,79.1
7716,0.207108925744,98,3,1,0,79.1,100,89,79.1,89,100,79.1,70.19,89,79.1,89,79.1
7717,0.20708392366,97,4,1,0,79.1,100,89,79.1,89,100,79.1,70.19,89,79.1,89,79.1
7718,0.207058921577,98,3,1,0,79.1,100,89,79.1,89,100,79.1,70.19,89,79.1,89,79.1
7719,0.207033919493,98,3,1,0,79.1,100,89,79.1,89,100,79.1,70.19,89,79.1,89,79.1
7720,0.20700891741,98,3,1,0,79.1,100,89,79.1,89,100,79.1,70.19,89,79.1,89,79.1
7721,0.206983915326,89,12,1,0,79.1,100,89,79.1,89,100,79.1,70.19,89,79.1,89,79.1
7722,0.206958913243,98,3,1,0,79.1,100,89,79.1,89,100,79.1,70.19,89,79.1,89,79.1
7723,0.206933911159,98,3,1,0,79.1,100,89,79.1,89,100,79.1,70.19,89,79.1,89,79.1
7724,0.206908909076,96,5,1,0,79.1,100,89,79.1,89,100,79.1,70.19,89,79.1,89,79.1
7725,0.206883906992,98,3,1,0,79.1,100,89,79.1,89,100,79.1,70.19,89,79.1,89,79.1
7726,0.206858904909,96,5,1,0,79.1,100,89,79.1,89,100,79.1,70.19,89,79.1,89,79.1
7727,0.206833902825,98,3,1,0,79.1,100,89,79.1,89,100,79.1,70.19,89,79.1,89,79.1
7728,0.206808900742,97,4,1,0,79.1,100,89,79.1,89,100,79.1,70.19,89,79.1,89,79.1
7729,0.206783898658,98,3,1,0,79.1,100,89,79.1,89,100,79.1,70.19,89,79.1,89,79.1
7730,0.206758896575,98,3,1,0,79.1,100,89,79.1,89,100,79.1,70.19,89,79.1,89,79.1
7731,0.206733894491,97,4,1,0,79.1,100,89,79.1,89,100,79.1,70.19,89,79.1,89,79.1
7732,0.206708892408,98,3,1,0,79.1,100,89,79.1,89,100,79.1,70.19,89,79.1,89,79.1
7733,0.206683890324,98,3,1,0,79.1,100,89,79.1,89,100,79.1,70.19,89,79.1,89,79.1
7734,0.206658888241,98,3,1,0,79.1,100,89,79.1,89,100,79.1,70.19,89,79.1,89,79.1
7735,0.206633886157,98,3,1,0,79.1,100,89,79.1,89,100,79.1,70.19,89,79.1,89,79.1
7736,0.206608884074,98,3,1,0,79.1,100,89,79.1,89,100,79.1,70.19,89,79.1,89,79.1
7737,0.20658388199,98,3,1,0,79.1,100,89,79.1,89,100,79.1,70.19,89,79.1,89,79.1
7738,0.206558879907,98,3,1,0,79.1,100,89,79.1,89,100,79.1,70.19,89,79.1,89,79.1
7739,0.206533877823,98,3,1,0,79.1,100,89,79.1,89,100,79.1,70.19,89,79.1,89,79.1
7740,0.20650887574,98,3,1,0,79.1,100,89,79.1,89,100,79.1,70.19,89,79.1,89,79.1
7741,0.206483873656,96,5,1,0,79.1,100,89,79.1,89,100,79.1,70.19,89,79.1,89,79.1
7742,0.206458871573,98,3,1,0,79.1,100,89,79.1,89,100,79.1,70.19,89,79.1,89,79.1
7743,0.206433869489,96,5,1,0,79.1,100,89,79.1,89,100,79.1,70.19,89,79.1,89,79.1
7744,0.206408867406,98,3,1,0,79.1,100,89,79.1,89,100,79.1,70.19,89,79.1,89,79.1
7745,0.206383865322,96,5,1,0,79.1,100,89,79.1,89,100,79.1,70.19,89,79.1,89,79.1
7746,0.206358863239,98,3,1,0,79.1,100,89,79.1,89,100,79.1,70.19,89,79.1,89,79.1
7747,0.206333861155,97,4,1,0,79.1,100,89,79.1,89,100,79.1,70.19,89,79.1,89,79.1
7748,0.206308859072,98,3,1,0,79.1,100,89,79.1,89,100,79.1,70.19,89,79.1,89,79.1
7749,0.206283856988,98,3,1,0,79.1,100,89,79.1,89,100,79.1,70.19,89,79.1,89,79.1
7750,0.206258854905,98,3,1,0,79.1,100,89,79.1,89,100,79.1,70.19,89,79.1,89,79.1
7751,0.206233852821,98,3,1,0,79.1,100,89,79.1,89,100,79.1,70.19,89,79.1,89,79.1
7752,0.206208850738,91,10,1,0,79.1,100,89,79.1,89,100,79.1,70.19,89,79.1,89,79.1
7753,0.206183848654,98,3,1,0,79.1,100,89,79.1,89,100,79.1,70.19,89,79.1,89,79.1
7754,0.206158846571,98,3,1,0,79.1,100,89,79.1,89,100,79.1,70.19,89,79.1,89,79.1
7755,0.206133844487,98,3,1,0,79.1,100,89,79.1,89,100,79.1,70.19,89,79.1,89,79.1
7756,0.206108842404,98,3,1,0,79.1,100,89,79.1,89,100,79.1,70.19,89,79.1,89,79.1
7757,0.20608384032,98,3,1,0,79.1,100,89,79.1,89,100,79.1,70.19,89,79.1,89,79.1
7758,0.206058838237,98,3,1,0,79.1,100,89,79.1,89,100,79.1,70.19,89,79.1,89,79.1
7759,0.206033836153,98,3,1,0,79.1,100,89,79.1,89,100,79.1,70.19,89,79.1,89,79.1
7760,0.20600883407,98,3,1,0,79.1,100,89,79.1,89,100,79.1,70.19,89,79.1,89,79.1
7761,0.205983831986,98,3,1,0,79.1,100,89,79.1,89,100,79.1,70.19,89,79.1,89,79.1
7762,0.205958829902,98,3,1,0,79.1,100,89,79.1,89,100,79.1,70.19,89,79.1,89,79.1
7763,0.205933827819,98,3,1,0,79.1,100,89,79.1,89,100,79.1,70.19,89,79.1,89,79.1
7764,0.205908825735,98,3,1,0,79.1,100,89,79.1,89,100,79.1,70.19,89,79.1,89,79.1
7765,0.205883823652,98,3,1,0,79.1,100,89,79.1,89,100,79.1,70.19,89,79.1,89,79.1
7766,0.205858821568,98,3,1,0,79.1,100,89,79.1,89,100,79.1,70.19,89,79.1,89,79.1
7767,0.205833819485,98,3,1,0,79.1,100,89,79.1,89,100,79.1,70.19,89,79.1,89,79.1
7768,0.205808817401,98,3,1,0,79.1,100,89,79.1,89,100,79.1,70.19,89,79.1,89,79.1
7769,0.205783815318,98,3,1,0,79.1,100,89,79.1,89,100,79.1,70.19,89,79.1,89,79.1
7770,0.205758813234,96,5,1,0,79.1,100,89,79.1,89,100,79.1,70.19,89,79.1,89,79.1
7771,0.205733811151,98,3,1,0,79.1,100,89,79.1,89,100,79.1,70.19,89,79.1,89,79.1
7772,0.205708809067,97,4,1,0,79.1,100,89,79.1,89,100,79.1,70.19,89,79.1,89,79.1
7773,0.205683806984,98,3,1,0,79.1,100,89,79.1,89,100,79.1,70.19,89,79.1,89,79.1
7774,0.2056588049,98,3,1,0,79.1,100,89,79.1,89,100,79.1,70.19,89,79.1,89,79.1
7775,0.205633802817,98,3,1,0,79.1,100,89,79.1,89,100,79.1,70.19,89,79.1,89,79.1
7776,0.205608800733,98,3,1,0,79.1,100,89,79.1,89,100,79.1,70.19,89,79.1,89,79.1
7777,0.20558379865,98,3,1,0,79.1,100,89,79.1,89,100,79.1,70.19,89,79.1,89,79.1
7778,0.205558796566,98,3,1,0,79.1,100,89,79.1,89,100,79.1,70.19,89,79.1,89,79.1
7779,0.205533794483,95,6,1,0,79.1,100,89,79.1,89,100,79.1,70.19,89,79.1,89,79.1
7780,0.205508792399,98,3,1,0,79.1,100,89,79.1,89,100,79.1,70.19,89,79.1,89,79.1
7781,0.205483790316,98,3,1,0,79.1,100,89,79.1,89,100,79.1,70.19,89,79.1,89,79.1
7782,0.205458788232,98,3,1,0,79.1,100,89,79.1,89,100,79.1,70.19,89,79.1,89,79.1
7783,0.205433786149,98,3,1,0,79.1,100,89,79.1,89,100,79.1,70.19,89,79.1,89,79.1
7784,0.205408784065,98,3,1,0,79.1,100,89,79.1,89,100,79.1,70.19,89,79.1,89,79.1
7785,0.205383781982,98,3,1,0,79.1,100,89,79.1,89,100,79.1,70.19,89,79.1,89,79.1
7786,0.205358779898,96,5,1,0,79.1,100,89,79.1,89,100,79.1,70.19,89,79.1,89,79.1
7787,0.205333777815,98,3,1,0,79.1,100,89,79.1,89,100,79.1,70.19,89,79.1,89,79.1
7788,0.205308775731,98,3,1,0,79.1,100,89,79.1,89,100,79.1,70.19,89,79.1,89,79.1
7789,0.205283773648,98,3,1,0,79.1,100,89,79.1,89,100,79.1,70.19,89,79.1,89,79.1
7790,0.205258771564,93,8,1,0,79.1,100,89,79.1,89,100,79.1,70.19,89,79.1,89,79.1
7791,0.205233769481,98,3,1,0,79.1,100,89,79.1,89,100,79.1,70.19,89,79.1,89,79.1
7792,0.205208767397,98,3,1,0,79.1,100,89,79.1,89,100,79.1,70.19,89,79.1,89,79.1
7793,0.205183765314,98,3,1,0,79.1,100,89,79.1,89,100,79.1,70.19,89,79.1,89,79.1
7794,0.20515876323,98,3,1,0,79.1,100,89,79.1,89,100,79.1,70.19,89,79.1,89,79.1
7795,0.205133761147,96,5,1,0,79.1,100,89,79.1,89,100,79.1,70.19,89,79.1,89,79.1
7796,0.205108759063,98,3,1,0,79.1,100,89,79.1,89,100,79.1,70.19,89,79.1,89,79.1
7797,0.20508375698,98,3,1,0,79.1,100,89,79.1,89,100,79.1,70.19,89,79.1,89,79.1
7798,0.205058754896,96,5,1,0,79.1,100,89,79.1,89,100,79.1,70.19,89,79.1,89,79.1
7799,0.205033752813,98,3,1,0,79.1,100,89,79.1,89,100,79.1,70.19,89,79.1,89,79.1
7800,0.205008750729,98,3,1,0,79.1,100,89,79.1,89,100,79.1,70.19,89,79.1,89,79.1
7801,0.204983748646,98,3,1,0,79.1,100,89,79.1,89,100,79.1,70.19,89,79.1,89,79.1
7802,0.204958746562,98,3,1,0,79.1,100,89,79.1,89,100,79.1,70.19,89,79.1,89,79.1
7803,0.204933744479,98,3,1,0,79.1,100,89,79.1,89,100,79.1,70.19,89,79.1,89,79.1
7804,0.204908742395,96,5,1,0,79.1,100,89,79.1,89,100,79.1,70.19,89,79.1,89,79.1
7805,0.204883740312,96,5,1,0,79.1,100,89,79.1,89,100,79.1,70.19,89,79.1,89,79.1
7806,0.204858738228,98,3,1,0,79.1,100,89,79.1,89,100,79.1,70.19,89,79.1,89,79.1
7807,0.204833736145,98,3,1,0,79.1,100,89,79.1,89,100,79.1,70.19,89,79.1,89,79.1
7808,0.204808734061,98,3,1,0,79.1,100,89,79.1,89,100,79.1,70.19,89,79.1,89,79.1
7809,0.204783731978,98,3,1,0,79.1,100,89,79.1,89,100,79.1,70.19,89,79.1,89,79.1
7810,0.204758729894,94,7,1,0,79.1,100,89,79.1,89,100,79.1,70.19,89,79.1,89,79.1
7811,0.204733727811,98,3,1,0,79.1,100,89,79.1,89,100,79.1,70.19,89,79.1,89,79.1
7812,0.204708725727,98,3,1,0,79.1,100,89,79.1,89,100,79.1,70.19,89,79.1,89,79.1
7813,0.204683723644,98,3,1,0,79.1,100,89,79.1,89,100,79.1,70.19,89,79.1,89,79.1
7814,0.20465872156,96,5,1,0,79.1,100,89,79.1,89,100,79.1,70.19,89,79.1,89,79.1
7815,0.204633719477,98,3,1,0,79.1,100,89,79.1,89,100,79.1,70.19,89,79.1,89,79.1
7816,0.204608717393,94,7,1,0,79.1,100,89,79.1,89,100,79.1,70.19,89,79.1,89,79.1
7817,0.20458371531,97,4,1,0,79.1,100,89,79.1,89,100,79.1,70.19,89,79.1,89,79.1
7818,0.204558713226,94,7,1,0,79.1,100,89,79.1,89,100,79.1,70.19,89,79.1,89,79.1
7819,0.204533711143,98,3,1,0,79.1,100,89,79.1,89,100,79.1,70.19,89,79.1,89,79.1
7820,0.204508709059,98,3,1,0,79.1,100,89,79.1,89,100,79.1,70.19,89,79.1,89,79.1
7821,0.204483706976,98,3,1,0,79.1,100,89,79.1,89,100,79.1,70.19,89,79.1,89,79.1
7822,0.204458704892,98,3,1,0,79.1,100,89,79.1,89,100,79.1,70.19,89,79.1,89,79.1
7823,0.204433702809,98,3,1,0,79.1,100,89,79.1,89,100,79.1,70.19,89,79.1,89,79.1
7824,0.204408700725,97,4,1,0,79.1,100,89,79.1,89,100,79.1,70.19,89,79.1,89,79.1
7825,0.204383698642,98,3,1,0,79.1,100,89,79.1,89,100,79.1,70.19,89,79.1,89,79.1
7826,0.204358696558,98,3,1,0,79.1,100,89,79.1,89,100,79.1,70.19,89,79.1,89,79.1
7827,0.204333694475,98,3,1,0,79.1,100,89,79.1,89,100,79.1,70.19,89,79.1,89,79.1
7828,0.204308692391,98,3,1,0,79.1,100,89,79.1,89,100,79.1,70.19,89,79.1,89,79.1
7829,0.204283690308,98,3,1,0,79.1,100,89,79.1,89,100,79.1,70.19,89,79.1,89,79.1
7830,0.204258688224,98,3,1,0,79.1,100,89,79.1,89,100,79.1,70.19,89,79.1,89,79.1
7831,0.204233686141,98,3,1,0,79.1,100,89,79.1,89,100,79.1,70.19,89,79.1,89,79.1
7832,0.204208684057,98,3,1,0,79.1,100,89,79.1,89,100,79.1,70.19,89,79.1,89,79.1
7833,0.204183681973,98,3,1,0,79.1,100,89,79.1,89,100,79.1,70.19,89,79.1,89,79.1
7834,0.20415867989,98,3,1,0,79.1,100,89,79.1,89,100,79.1,70.19,89,79.1,89,79.1
7835,0.204133677806,98,3,1,0,79.1,100,89,79.1,89,100,79.1,70.19,89,79.1,89,79.1
7836,0.204108675723,94,7,1,0,79.1,100,89,79.1,89,100,79.1,70.19,89,79.1,89,79.1
7837,0.204083673639,98,3,1,0,79.1,100,89,79.1,89,100,79.1,70.19,89,79.1,89,79.1
7838,0.204058671556,94,7,1,0,79.1,100,89,79.1,89,100,79.1,70.19,89,79.1,89,79.1
7839,0.204033669472,98,3,1,0,79.1,100,89,79.1,89,100,79.1,70.19,89,79.1,89,79.1
7840,0.204008667389,98,3,1,0,79.1,100,89,79.1,89,100,79.1,70.19,89,79.1,89,79.1
7841,0.203983665305,97,4,1,0,79.1,100,89,79.1,89,100,79.1,70.19,89,79.1,89,79.1
7842,0.203958663222,98,3,1,0,79.1,100,89,79.1,89,100,79.1,70.19,89,79.1,89,79.1
7843,0.203933661138,98,3,1,0,79.1,100,89,79.1,89,100,79.1,70.19,89,79.1,89,79.1
7844,0.203908659055,97,4,1,0,79.1,100,89,79.1,89,100,79.1,70.19,89,79.1,89,79.1
7845,0.203883656971,94,7,1,0,79.1,100,89,79.1,89,100,79.1,70.19,89,79.1,89,79.1
7846,0.203858654888,98,3,1,0,79.1,100,89,79.1,89,100,79.1,70.19,89,79.1,89,79.1
7847,0.203833652804,97,4,1,0,79.1,100,89,79.1,89,100,79.1,70.19,89,79.1,89,79.1
7848,0.203808650721,95,6,1,0,79.1,100,89,79.1,89,100,79.1,70.19,89,79.1,89,79.1
7849,0.203783648637,98,3,1,0,79.1,100,89,79.1,89,100,79.1,70.19,89,79.1,89,79.1
7850,0.203758646554,98,3,1,0,79.1,100,89,79.1,89,100,79.1,70.19,89,79.1,89,79.1
7851,0.20373364447,98,3,1,0,79.1,100,89,79.1,89,100,79.1,70.19,89,79.1,89,79.1
7852,0.203708642387,98,3,1,0,79.1,100,89,79.1,89,100,79.1,70.19,89,79.1,89,79.1
7853,0.203683640303,98,3,1,0,79.1,100,89,79.1,89,100,79.1,70.19,89,79.1,89,79.1
7854,0.20365863822,97,4,1,0,79.1,100,89,79.1,89,100,79.1,70.19,89,79.1,89,79.1
7855,0.203633636136,98,3,1,0,79.1,100,89,79.1,89,100,79.1,70.19,89,79.1,89,79.1
7856,0.203608634053,98,3,1,0,79.1,100,89,79.1,89,100,79.1,70.19,89,79.1,89,79.1
7857,0.203583631969,97,4,1,0,79.1,100,89,79.1,89,100,79.1,70.19,89,79.1,89,79.1
7858,0.203558629886,98,3,1,0,79.1,100,89,79.1,89,100,79.1,70.19,89,79.1,89,79.1
7859,0.203533627802,95,6,1,0,79.1,100,89,79.1,89,100,79.1,70.19,89,79.1,89,79.1
7860,0.203508625719,98,3,1,0,79.1,100,89,79.1,89,100,79.1,70.19,89,79.1,89,79.1
7861,0.203483623635,95,6,1,0,79.1,100,89,79.1,89,100,79.1,70.19,89,79.1,89,79.1
7862,0.203458621552,97,4,1,0,79.1,100,89,79.1,89,100,79.1,70.19,89,79.1,89,79.1
7863,0.203433619468,98,3,1,0,79.1,100,89,79.1,89,100,79.1,70.19,89,79.1,89,79.1
7864,0.203408617385,98,3,1,0,79.1,100,89,79.1,89,100,79.1,70.19,89,79.1,89,79.1
7865,0.203383615301,98,3,1,0,79.1,100,89,79.1,89,100,79.1,70.19,89,79.1,89,79.1
7866,0.203358613218,98,3,1,0,79.1,100,89,79.1,89,100,79.1,70.19,89,79.1,89,79.1
7867,0.203333611134,98,3,1,0,79.1,100,89,79.1,89,100,79.1,70.19,89,79.1,89,79.1
7868,0.203308609051,98,3,1,0,79.1,100,89,79.1,89,100,79.1,70.19,89,79.1,89,79.1
7869,0.203283606967,98,3,1,0,79.1,100,89,79.1,89,100,79.1,70.19,89,79.1,89,79.1
7870,0.203258604884,95,6,1,0,79.1,100,89,79.1,89,100,79.1,70.19,89,79.1,89,79.1
7871,0.2032336028,96,5,1,0,79.1,100,89,79.1,89,100,79.1,70.19,89,79.1,89,79.1
7872,0.203208600717,97,4,1,0,79.1,100,89,79.1,89,100,79.1,70.19,89,79.1,89,79.1
7873,0.203183598633,97,4,1,0,79.1,100,89,79.1,89,100,79.1,70.19,89,79.1,89,79.1
7874,0.20315859655,98,3,1,0,79.1,100,89,79.1,89,100,79.1,70.19,89,79.1,89,79.1
7875,0.203133594466,98,3,1,0,79.1,100,89,79.1,89,100,79.1,70.19,89,79.1,89,79.1
7876,0.203108592383,98,3,1,0,79.1,100,89,79.1,89,100,79.1,70.19,89,79.1,89,79.1
7877,0.203083590299,96,5,1,0,79.1,100,89,79.1,89,100,79.1,70.19,89,79.1,89,79.1
7878,0.203058588216,94,7,1,0,79.1,100,89,79.1,89,100,79.1,70.19,89,79.1,89,79.1
7879,0.203033586132,98,3,1,0,79.1,100,89,79.1,89,100,79.1,70.19,89,79.1,89,79.1
7880,0.203008584049,98,3,1,0,79.1,100,89,79.1,89,100,79.1,70.19,89,79.1,89,79.1
7881,0.202983581965,98,3,1,0,79.1,100,89,79.1,89,100,79.1,70.19,89,79.1,89,79.1
7882,0.202958579882,97,4,1,0,79.1,100,89,79.1,89,100,79.1,70.19,89,79.1,89,79.1
7883,0.202933577798,98,3,1,0,79.1,100,89,79.1,89,100,79.1,70.19,89,79.1,89,79.1
7884,0.202908575715,96,5,1,0,79.1,100,89,79.1,89,100,79.1,70.19,89,79.1,89,79.1
7885,0.202883573631,98,3,1,0,79.1,100,89,79.1,89,100,79.1,70.19,89,79.1,89,79.1
7886,0.202858571548,98,3,1,0,79.1,100,89,79.1,89,100,79.1,70.19,89,79.1,89,79.1
7887,0.202833569464,98,3,1,0,79.1,100,89,79.1,89,100,79.1,70.19,89,79.1,89,79.1
7888,0.202808567381,98,3,1,0,79.1,100,89,79.1,89,100,79.1,70.19,89,79.1,89,79.1
7889,0.202783565297,98,3,1,0,79.1,100,89,79.1,89,100,79.1,70.19,89,79.1,89,79.1
7890,0.202758563214,98,3,1,0,79.1,100,89,79.1,89,100,79.1,70.19,89,79.1,89,79.1
7891,0.20273356113,98,3,1,0,79.1,100,89,79.1,89,100,79.1,70.19,89,79.1,89,79.1
7892,0.202708559047,98,3,1,0,79.1,100,89,79.1,89,100,79.1,70.19,89,79.1,89,79.1
7893,0.202683556963,98,3,1,0,79.1,100,89,79.1,89,100,79.1,70.19,89,79.1,89,79.1
7894,0.20265855488,98,3,1,0,79.1,100,89,79.1,89,100,79.1,70.19,89,79.1,89,79.1
7895,0.202633552796,97,4,1,0,79.1,100,89,79.1,89,100,79.1,70.19,89,79.1,89,79.1
7896,0.202608550713,98,3,1,0,79.1,100,89,79.1,89,100,79.1,70.19,89,79.1,89,79.1
7897,0.202583548629,98,3,1,0,79.1,100,89,79.1,89,100,79.1,70.19,89,79.1,89,79.1
7898,0.202558546546,98,3,1,0,79.1,100,89,79.1,89,100,79.1,70.19,89,79.1,89,79.1
7899,0.202533544462,98,3,1,0,79.1,100,89,79.1,89,100,79.1,70.19,89,79.1,89,79.1
7900,0.202508542379,98,3,1,0,79.1,100,89,79.1,89,100,79.1,70.19,89,79.1,89,79.1
7901,0.202483540295,98,3,1,0,79.1,100,89,79.1,89,100,79.1,70.19,89,79.1,89,79.1
7902,0.202458538212,98,3,1,0,79.1,100,89,79.1,89,100,79.1,70.19,89,79.1,89,79.1
7903,0.202433536128,92,9,1,0,79.1,100,89,79.1,89,100,79.1,70.19,89,79.1,89,79.1
7904,0.202408534045,98,3,1,0,79.1,100,89,79.1,89,100,79.1,70.19,89,79.1,89,79.1
7905,0.202383531961,98,3,1,0,79.1,100,89,79.1,89,100,79.1,70.19,89,79.1,89,79.1
7906,0.202358529877,98,3,1,0,79.1,100,89,79.1,89,100,79.1,70.19,89,79.1,89,79.1
7907,0.202333527794,98,3,1,0,79.1,100,89,79.1,89,100,79.1,70.19,89,79.1,89,79.1
7908,0.20230852571,98,3,1,0,79.1,100,89,79.1,89,100,79.1,70.19,89,79.1,89,79.1
7909,0.202283523627,98,3,1,0,79.1,100,89,79.1,89,100,79.1,70.19,89,79.1,89,79.1
7910,0.202258521543,98,3,1,0,79.1,100,89,79.1,89,100,79.1,70.19,89,79.1,89,79.1
7911,0.20223351946,98,3,1,0,79.1,100,89,79.1,89,100,79.1,70.19,89,79.1,89,79.1
7912,0.202208517376,98,3,1,0,79.1,100,89,79.1,89,100,79.1,70.19,89,79.1,89,79.1
7913,0.202183515293,96,5,1,0,79.1,100,89,79.1,89,100,79.1,70.19,89,79.1,89,79.1
7914,0.202158513209,97,4,1,0,79.1,100,89,79.1,89,100,79.1,70.19,89,79.1,89,79.1
7915,0.202133511126,98,3,1,0,79.1,100,89,79.1,89,100,79.1,70.19,89,79.1,89,79.1
7916,0.202108509042,97,4,1,0,79.1,100,89,79.1,89,100,79.1,70.19,89,79.1,89,79.1
7917,0.202083506959,98,3,1,0,79.1,100,89,79.1,89,100,79.1,70.19,89,79.1,89,79.1
7918,0.202058504875,98,3,1,0,79.1,100,89,79.1,89,100,79.1,70.19,89,79.1,89,79.1
7919,0.202033502792,98,3,1,0,79.1,100,89,79.1,89,100,79.1,70.19,89,79.1,89,79.1
7920,0.202008500708,98,3,1,0,79.1,100,89,79.1,89,100,79.1,70.19,89,79.1,89,79.1
7921,0.201983498625,98,3,1,0,79.1,100,89,79.1,89,100,79.1,70.19,89,79.1,89,79.1
7922,0.201958496541,98,3,1,0,79.1,100,89,79.1,89,100,79.1,70.19,89,79.1,89,79.1
7923,0.201933494458,98,3,1,0,79.1,100,89,79.1,89,100,79.1,70.19,89,79.1,89,79.1
7924,0.201908492374,98,3,1,0,79.1,100,89,79.1,89,100,79.1,70.19,89,79.1,89,79.1
7925,0.201883490291,97,4,1,0,79.1,100,89,79.1,89,100,79.1,70.19,89,79.1,89,79.1
7926,0.201858488207,95,6,1,0,79.1,100,89,79.1,89,100,79.1,70.19,89,79.1,89,79.1
7927,0.201833486124,98,3,1,0,79.1,100,89,79.1,89,100,79.1,70.19,89,79.1,89,79.1
7928,0.20180848404,98,3,1,0,79.1,100,89,79.1,89,100,79.1,70.19,89,79.1,89,79.1
7929,0.201783481957,98,3,1,0,79.1,100,89,79.1,89,100,79.1,70.19,89,79.1,89,79.1
7930,0.201758479873,96,5,1,0,79.1,100,89,79.1,89,100,79.1,70.19,89,79.1,89,79.1
7931,0.20173347779,98,3,1,0,79.1,100,89,79.1,89,100,79.1,70.19,89,79.1,89,79.1
7932,0.201708475706,98,3,1,0,79.1,100,89,79.1,89,100,79.1,70.19,89,79.1,89,79.1
7933,0.201683473623,97,4,1,0,79.1,100,89,79.1,89,100,79.1,70.19,89,79.1,89,79.1
7934,0.201658471539,98,3,1,0,79.1,100,89,79.1,89,100,79.1,70.19,89,79.1,89,79.1
7935,0.201633469456,98,3,1,0,79.1,100,89,79.1,89,100,79.1,70.19,89,79.1,89,79.1
7936,0.201608467372,98,3,1,0,79.1,100,89,79.1,89,100,79.1,70.19,89,79.1,89,79.1
7937,0.201583465289,93,8,1,0,79.1,100,89,79.1,89,100,79.1,70.19,89,79.1,89,79.1
7938,0.201558463205,98,3,1,0,79.1,100,89,79.1,89,100,79.1,70.19,89,79.1,89,79.1
7939,0.201533461122,98,3,1,0,79.1,100,89,79.1,89,100,79.1,70.19,89,79.1,89,79.1
7940,0.201508459038,98,3,1,0,79.1,100,89,79.1,89,100,79.1,70.19,89,79.1,89,79.1
7941,0.201483456955,98,3,1,0,79.1,100,89,79.1,89,100,79.1,70.19,89,79.1,89,79.1
7942,0.201458454871,98,3,1,0,79.1,100,89,79.1,89,100,79.1,70.19,89,79.1,89,79.1
7943,0.201433452788,98,3,1,0,79.1,100,89,79.1,89,100,79.1,70.19,89,79.1,89,79.1
7944,0.201408450704,98,3,1,0,79.1,100,89,79.1,89,100,79.1,70.19,89,79.1,89,79.1
7945,0.201383448621,97,4,1,0,79.1,100,89,79.1,89,100,79.1,70.19,89,79.1,89,79.1
7946,0.201358446537,98,3,1,0,79.1,100,89,79.1,89,100,79.1,70.19,89,79.1,89,79.1
7947,0.201333444454,97,4,1,0,79.1,100,89,79.1,89,100,79.1,70.19,89,79.1,89,79.1
7948,0.20130844237,98,3,1,0,79.1,100,89,79.1,89,100,79.1,70.19,89,79.1,89,79.1
7949,0.201283440287,98,3,1,0,79.1,100,89,79.1,89,100,79.1,70.19,89,79.1,89,79.1
7950,0.201258438203,98,3,1,0,79.1,100,89,79.1,89,100,79.1,70.19,89,79.1,89,79.1
7951,0.20123343612,98,3,1,0,79.1,100,89,79.1,89,100,79.1,70.19,89,79.1,89,79.1
7952,0.201208434036,98,3,1,0,79.1,100,89,79.1,89,100,79.1,70.19,89,79.1,89,79.1
7953,0.201183431953,98,3,1,0,79.1,100,89,79.1,89,100,79.1,70.19,89,79.1,89,79.1
7954,0.201158429869,97,4,1,0,79.1,100,89,79.1,89,100,79.1,70.19,89,79.1,89,79.1
7955,0.201133427786,98,3,1,0,79.1,100,89,79.1,89,100,79.1,70.19,89,79.1,89,79.1
7956,0.201108425702,97,4,1,0,79.1,100,89,79.1,89,100,79.1,70.19,89,79.1,89,79.1
7957,0.201083423619,98,3,1,0,79.1,100,89,79.1,89,100,79.1,70.19,89,79.1,89,79.1
7958,0.201058421535,97,4,1,0,79.1,100,89,79.1,89,100,79.1,70.19,89,79.1,89,79.1
7959,0.201033419452,97,4,1,0,79.1,100,89,79.1,89,100,79.1,70.19,89,79.1,89,79.1
7960,0.201008417368,94,7,1,0,79.1,100,89,79.1,89,100,79.1,70.19,89,79.1,89,79.1
7961,0.200983415285,98,3,1,0,79.1,100,89,79.1,89,100,79.1,70.19,89,79.1,89,79.1
7962,0.200958413201,96,5,1,0,79.1,100,89,79.1,89,100,79.1,70.19,89,79.1,89,79.1
7963,0.200933411118,98,3,1,0,79.1,100,89,79.1,89,100,79.1,70.19,89,79.1,89,79.1
7964,0.200908409034,98,3,1,0,79.1,100,89,79.1,89,100,79.1,70.19,89,79.1,89,79.1
7965,0.200883406951,98,3,1,0,79.1,100,89,79.1,89,100,79.1,70.19,89,79.1,89,79.1
7966,0.200858404867,98,3,1,0,79.1,100,89,79.1,89,100,79.1,70.19,89,79.1,89,79.1
7967,0.200833402784,97,4,1,0,79.1,100,89,79.1,89,100,79.1,70.19,89,79.1,89,79.1
7968,0.2008084007,98,3,1,0,79.1,100,89,79.1,89,100,79.1,70.19,89,79.1,89,79.1
7969,0.200783398617,96,5,1,0,79.1,100,89,79.1,89,100,79.1,70.19,89,79.1,89,79.1
7970,0.200758396533,97,4,1,0,79.1,100,89,79.1,89,100,79.1,70.19,89,79.1,89,79.1
7971,0.20073339445,98,3,1,0,79.1,100,89,79.1,89,100,79.1,70.19,89,79.1,89,79.1
7972,0.200708392366,96,5,1,0,79.1,100,89,79.1,89,100,79.1,70.19,89,79.1,89,79.1
7973,0.200683390283,98,3,1,0,79.1,100,89,79.1,89,100,79.1,70.19,89,79.1,89,79.1
7974,0.200658388199,98,3,1,0,79.1,100,89,79.1,89,100,79.1,70.19,89,79.1,89,79.1
7975,0.200633386116,98,3,1,0,79.1,100,89,79.1,89,100,79.1,70.19,89,79.1,89,79.1
7976,0.200608384032,98,3,1,0,79.1,100,89,79.1,89,100,79.1,70.19,89,79.1,89,79.1
7977,0.200583381948,98,3,1,0,79.1,100,89,79.1,89,100,79.1,70.19,89,79.1,89,79.1
7978,0.200558379865,98,3,1,0,79.1,100,89,79.1,89,100,79.1,70.19,89,79.1,89,79.1
7979,0.200533377781,98,3,1,0,79.1,100,89,79.1,89,100,79.1,70.19,89,79.1,89,79.1
7980,0.200508375698,96,5,1,0,79.1,100,89,79.1,89,100,79.1,70.19,89,79.1,89,79.1
7981,0.200483373614,98,3,1,0,79.1,100,89,79.1,89,100,79.1,70.19,89,79.1,89,79.1
7982,0.200458371531,98,3,1,0,79.1,100,89,79.1,89,100,79.1,70.19,89,79.1,89,79.1
7983,0.200433369447,97,4,1,0,79.1,100,89,79.1,89,100,79.1,70.19,89,79.1,89,79.1
7984,0.200408367364,97,4,1,0,79.1,100,89,79.1,89,100,79.1,70.19,89,79.1,89,79.1
7985,0.20038336528,98,3,1,0,79.1,100,89,79.1,89,100,79.1,70.19,89,79.1,89,79.1
7986,0.200358363197,96,5,1,0,79.1,100,89,79.1,89,100,79.1,70.19,89,79.1,89,79.1
7987,0.200333361113,95,6,1,0,79.1,100,89,79.1,89,100,79.1,70.19,89,79.1,89,79.1
7988,0.20030835903,98,3,1,0,79.1,100,89,79.1,89,100,79.1,70.19,89,79.1,89,79.1
7989,0.200283356946,98,3,1,0,79.1,100,89,79.1,89,100,79.1,70.19,89,79.1,89,79.1
7990,0.200258354863,98,3,1,0,79.1,100,89,79.1,89,100,79.1,70.19,89,79.1,89,79.1
7991,0.200233352779,98,3,1,0,79.1,100,89,79.1,89,100,79.1,70.19,89,79.1,89,79.1
7992,0.200208350696,97,4,1,0,79.1,100,89,79.1,89,100,79.1,70.19,89,79.1,89,79.1
7993,0.200183348612,98,3,1,0,79.1,100,89,79.1,89,100,79.1,70.19,89,79.1,89,79.1
7994,0.200158346529,98,3,1,0,79.1,100,89,79.1,89,100,79.1,70.19,89,79.1,89,79.1
7995,0.200133344445,98,3,1,0,79.1,100,89,79.1,89,100,79.1,70.19,89,79.1,89,79.1
7996,0.200108342362,98,3,1,0,79.1,100,89,79.1,89,100,79.1,70.19,89,79.1,89,79.1
7997,0.200083340278,98,3,1,0,79.1,100,89,79.1,89,100,79.1,70.19,89,79.1,89,79.1
7998,0.200058338195,98,3,1,0,79.1,100,89,79.1,89,100,79.1,70.19,89,79.1,89,79.1
7999,0.200033336111,96,5,1,0,79.1,100,89,79.1,89,100,79.1,70.19,89,79.1,89,79.1
8000,0.200008334028,98,3,1,0,79.1,100,89,79.1,89,100,79.1,70.19,89,79.1,89,79.1
8001,0.199983331944,96,5,1,0,79.1,100,89,79.1,89,100,79.1,70.19,89,79.1,89,79.1
8002,0.199958329861,98,3,1,0,79.1,100,89,79.1,89,100,79.1,70.19,89,79.1,89,79.1
8003,0.199933327777,98,3,1,0,79.1,100,89,79.1,89,100,79.1,70.19,89,79.1,89,79.1
8004,0.199908325694,98,3,1,0,79.1,100,89,79.1,89,100,79.1,70.19,89,79.1,89,79.1
8005,0.19988332361,96,5,1,0,79.1,100,89,79.1,89,100,79.1,70.19,89,79.1,89,79.1
8006,0.199858321527,98,3,1,0,79.1,100,89,79.1,89,100,79.1,70.19,89,79.1,89,79.1
8007,0.199833319443,98,3,1,0,79.1,100,89,79.1,89,100,79.1,70.19,89,79.1,89,79.1
8008,0.19980831736,98,3,1,0,79.1,100,89,79.1,89,100,79.1,70.19,89,79.1,89,79.1
8009,0.199783315276,98,3,1,0,79.1,100,89,79.1,89,100,79.1,70.19,89,79.1,89,79.1
8010,0.199758313193,98,3,1,0,79.1,100,89,79.1,89,100,79.1,70.19,89,79.1,89,79.1
8011,0.199733311109,98,3,1,0,79.1,100,89,79.1,89,100,79.1,70.19,89,79.1,89,79.1
8012,0.199708309026,98,3,1,0,79.1,100,89,79.1,89,100,79.1,70.19,89,79.1,89,79.1
8013,0.199683306942,95,6,1,0,79.1,100,89,79.1,89,100,79.1,70.19,89,79.1,89,79.1
8014,0.199658304859,98,3,1,0,79.1,100,89,79.1,89,100,79.1,70.19,89,79.1,89,79.1
8015,0.199633302775,98,3,1,0,79.1,100,89,79.1,89,100,79.1,70.19,89,79.1,89,79.1
8016,0.199608300692,98,3,1,0,79.1,100,89,79.1,89,100,79.1,70.19,89,79.1,89,79.1
8017,0.199583298608,98,3,1,0,79.1,100,89,79.1,89,100,79.1,70.19,89,79.1,89,79.1
8018,0.199558296525,98,3,1,0,79.1,100,89,79.1,89,100,79.1,70.19,89,79.1,89,79.1
8019,0.199533294441,96,5,1,0,79.1,100,89,79.1,89,100,79.1,70.19,89,79.1,89,79.1
8020,0.199508292358,98,3,1,0,79.1,100,89,79.1,89,100,79.1,70.19,89,79.1,89,79.1
8021,0.199483290274,96,5,1,0,79.1,100,89,79.1,89,100,79.1,70.19,89,79.1,89,79.1
8022,0.199458288191,98,3,1,0,79.1,100,89,79.1,89,100,79.1,70.19,89,79.1,89,79.1
8023,0.199433286107,97,4,1,0,79.1,100,89,79.1,89,100,79.1,70.19,89,79.1,89,79.1
8024,0.199408284024,98,3,1,0,79.1,100,89,79.1,89,100,79.1,70.19,89,79.1,89,79.1
8025,0.19938328194,98,3,1,0,79.1,100,89,79.1,89,100,79.1,70.19,89,79.1,89,79.1
8026,0.199358279857,98,3,1,0,79.1,100,89,79.1,89,100,79.1,70.19,89,79.1,89,79.1
8027,0.199333277773,97,4,1,0,79.1,100,89,79.1,89,100,79.1,70.19,89,79.1,89,79.1
8028,0.19930827569,96,5,1,0,79.1,100,89,79.1,89,100,79.1,70.19,89,79.1,89,79.1
8029,0.199283273606,97,4,1,0,79.1,100,89,79.1,89,100,79.1,70.19,89,79.1,89,79.1
8030,0.199258271523,98,3,1,0,79.1,100,89,79.1,89,100,79.1,70.19,89,79.1,89,79.1
8031,0.199233269439,98,3,1,0,79.1,100,89,79.1,89,100,79.1,70.19,89,79.1,89,79.1
8032,0.199208267356,98,3,1,0,79.1,100,89,79.1,89,100,79.1,70.19,89,79.1,89,79.1
8033,0.199183265272,96,5,1,0,79.1,100,89,79.1,89,100,79.1,70.19,89,79.1,89,79.1
8034,0.199158263189,98,3,1,0,79.1,100,89,79.1,89,100,79.1,70.19,89,79.1,89,79.1
8035,0.199133261105,98,3,1,0,79.1,100,89,79.1,89,100,79.1,70.19,89,79.1,89,79.1
8036,0.199108259022,98,3,1,0,79.1,100,89,79.1,89,100,79.1,70.19,89,79.1,89,79.1
8037,0.199083256938,98,3,1,0,79.1,100,89,79.1,89,100,79.1,70.19,89,79.1,89,79.1
8038,0.199058254855,98,3,1,0,79.1,100,89,79.1,89,100,79.1,70.19,89,79.1,89,79.1
8039,0.199033252771,96,5,1,0,79.1,100,89,79.1,89,100,79.1,70.19,89,79.1,89,79.1
8040,0.199008250688,98,3,1,0,79.1,100,89,79.1,89,100,79.1,70.19,89,79.1,89,79.1
8041,0.198983248604,98,3,1,0,79.1,100,89,79.1,89,100,79.1,70.19,89,79.1,89,79.1
8042,0.198958246521,98,3,1,0,79.1,100,89,79.1,89,100,79.1,70.19,89,79.1,89,79.1
8043,0.198933244437,97,4,1,0,79.1,100,89,79.1,89,100,79.1,70.19,89,79.1,89,79.1
8044,0.198908242354,98,3,1,0,79.1,100,89,79.1,89,100,79.1,70.19,89,79.1,89,79.1
8045,0.19888324027,98,3,1,0,79.1,100,89,79.1,89,100,79.1,70.19,89,79.1,89,79.1
8046,0.198858238187,98,3,1,0,79.1,100,89,79.1,89,100,79.1,70.19,89,79.1,89,79.1
8047,0.198833236103,98,3,1,0,79.1,100,89,79.1,89,100,79.1,70.19,89,79.1,89,79.1
8048,0.19880823402,98,3,1,0,79.1,100,89,79.1,89,100,79.1,70.19,89,79.1,89,79.1
8049,0.198783231936,98,3,1,0,79.1,100,89,79.1,89,100,79.1,70.19,89,79.1,89,79.1
8050,0.198758229852,95,6,1,0,79.1,100,89,79.1,89,100,79.1,70.19,89,79.1,89,79.1
8051,0.198733227769,98,3,1,0,79.1,100,89,79.1,89,100,79.1,70.19,89,79.1,89,79.1
8052,0.198708225685,97,4,1,0,79.1,100,89,79.1,89,100,79.1,70.19,89,79.1,89,79.1
8053,0.198683223602,98,3,1,0,79.1,100,89,79.1,89,100,79.1,70.19,89,79.1,89,79.1
8054,0.198658221518,98,3,1,0,79.1,100,89,79.1,89,100,79.1,70.19,89,79.1,89,79.1
8055,0.198633219435,98,3,1,0,79.1,100,89,79.1,89,100,79.1,70.19,89,79.1,89,79.1
8056,0.198608217351,98,3,1,0,79.1,100,89,79.1,89,100,79.1,70.19,89,79.1,89,79.1
8057,0.198583215268,98,3,1,0,79.1,100,89,79.1,89,100,79.1,70.19,89,79.1,89,79.1
8058,0.198558213184,98,3,1,0,79.1,100,89,79.1,89,100,79.1,70.19,89,79.1,89,79.1
8059,0.198533211101,98,3,1,0,79.1,100,89,79.1,89,100,79.1,70.19,89,79.1,89,79.1
8060,0.198508209017,98,3,1,0,79.1,100,89,79.1,89,100,79.1,70.19,89,79.1,89,79.1
8061,0.198483206934,98,3,1,0,79.1,100,89,79.1,89,100,79.1,70.19,89,79.1,89,79.1
8062,0.19845820485,95,6,1,0,79.1,100,89,79.1,89,100,79.1,70.19,89,79.1,89,79.1
8063,0.198433202767,98,3,1,0,79.1,100,89,79.1,89,100,79.1,70.19,89,79.1,89,79.1
8064,0.198408200683,98,3,1,0,79.1,100,89,79.1,89,100,79.1,70.19,89,79.1,89,79.1
8065,0.1983831986,97,4,1,0,79.1,100,89,79.1,89,100,79.1,70.19,89,79.1,89,79.1
8066,0.198358196516,96,5,1,0,79.1,100,89,79.1,89,100,79.1,70.19,89,79.1,89,79.1
8067,0.198333194433,95,6,1,0,79.1,100,89,79.1,89,100,79.1,70.19,89,79.1,89,79.1
8068,0.198308192349,96,5,1,0,79.1,100,89,79.1,89,100,79.1,70.19,89,79.1,89,79.1
8069,0.198283190266,98,3,1,0,79.1,100,89,79.1,89,100,79.1,70.19,89,79.1,89,79.1
8070,0.198258188182,98,3,1,0,79.1,100,89,79.1,89,100,79.1,70.19,89,79.1,89,79.1
8071,0.198233186099,98,3,1,0,79.1,100,89,79.1,89,100,79.1,70.19,89,79.1,89,79.1
8072,0.198208184015,97,4,1,0,79.1,100,89,79.1,89,100,79.1,70.19,89,79.1,89,79.1
8073,0.198183181932,98,3,1,0,79.1,100,89,79.1,89,100,79.1,70.19,89,79.1,89,79.1
8074,0.198158179848,98,3,1,0,79.1,100,89,79.1,89,100,79.1,70.19,89,79.1,89,79.1
8075,0.198133177765,98,3,1,0,79.1,100,89,79.1,89,100,79.1,70.19,89,79.1,89,79.1
8076,0.198108175681,98,3,1,0,79.1,100,89,79.1,89,100,79.1,70.19,89,79.1,89,79.1
8077,0.198083173598,98,3,1,0,79.1,100,89,79.1,89,100,79.1,70.19,89,79.1,89,79.1
8078,0.198058171514,98,3,1,0,79.1,100,89,79.1,89,100,79.1,70.19,89,79.1,89,79.1
8079,0.198033169431,98,3,1,0,79.1,100,89,79.1,89,100,79.1,70.19,89,79.1,89,79.1
8080,0.198008167347,98,3,1,0,79.1,100,89,79.1,89,100,79.1,70.19,89,79.1,89,79.1
8081,0.197983165264,98,3,1,0,79.1,100,89,79.1,89,100,79.1,70.19,89,79.1,89,79.1
8082,0.19795816318,98,3,1,0,79.1,100,89,79.1,89,100,79.1,70.19,89,79.1,89,79.1
8083,0.197933161097,98,3,1,0,79.1,100,89,79.1,89,100,79.1,70.19,89,79.1,89,79.1
8084,0.197908159013,97,4,1,0,79.1,100,89,79.1,89,100,79.1,70.19,89,79.1,89,79.1
8085,0.19788315693,98,3,1,0,79.1,100,89,79.1,89,100,79.1,70.19,89,79.1,89,79.1
8086,0.197858154846,97,4,1,0,79.1,100,89,79.1,89,100,79.1,70.19,89,79.1,89,79.1
8087,0.197833152763,98,3,1,0,79.1,100,89,79.1,89,100,79.1,70.19,89,79.1,89,79.1
8088,0.197808150679,98,3,1,0,79.1,100,89,79.1,89,100,79.1,70.19,89,79.1,89,79.1
8089,0.197783148596,98,3,1,0,79.1,100,89,79.1,89,100,79.1,70.19,89,79.1,89,79.1
8090,0.197758146512,98,3,1,0,79.1,100,89,79.1,89,100,79.1,70.19,89,79.1,89,79.1
8091,0.197733144429,98,3,1,0,79.1,100,89,79.1,89,100,79.1,70.19,89,79.1,89,79.1
8092,0.197708142345,98,3,1,0,79.1,100,89,79.1,89,100,79.1,70.19,89,79.1,89,79.1
8093,0.197683140262,96,5,1,0,79.1,100,89,79.1,89,100,79.1,70.19,89,79.1,89,79.1
8094,0.197658138178,98,3,1,0,79.1,100,89,79.1,89,100,79.1,70.19,89,79.1,89,79.1
8095,0.197633136095,98,3,1,0,79.1,100,89,79.1,89,100,79.1,70.19,89,79.1,89,79.1
8096,0.197608134011,94,7,1,0,79.1,100,89,79.1,89,100,79.1,70.19,89,79.1,89,79.1
8097,0.197583131928,96,5,1,0,79.1,100,89,79.1,89,100,79.1,70.19,89,79.1,89,79.1
8098,0.197558129844,96,5,1,0,79.1,100,89,79.1,89,100,79.1,70.19,89,79.1,89,79.1
8099,0.197533127761,98,3,1,0,79.1,100,89,79.1,89,100,79.1,70.19,89,79.1,89,79.1
8100,0.197508125677,98,3,1,0,79.1,100,89,79.1,89,100,79.1,70.19,89,79.1,89,79.1
8101,0.197483123594,98,3,1,0,79.1,100,89,79.1,89,100,79.1,70.19,89,79.1,89,79.1
8102,0.19745812151,98,3,1,0,79.1,100,89,79.1,89,100,79.1,70.19,89,79.1,89,79.1
8103,0.197433119427,98,3,1,0,79.1,100,89,79.1,89,100,79.1,70.19,89,79.1,89,79.1
8104,0.197408117343,98,3,1,0,79.1,100,89,79.1,89,100,79.1,70.19,89,79.1,89,79.1
8105,0.19738311526,98,3,1,0,79.1,100,89,79.1,89,100,79.1,70.19,89,79.1,89,79.1
8106,0.197358113176,98,3,1,0,79.1,100,89,79.1,89,100,79.1,70.19,89,79.1,89,79.1
8107,0.197333111093,98,3,1,0,79.1,100,89,79.1,89,100,79.1,70.19,89,79.1,89,79.1
8108,0.197308109009,97,4,1,0,79.1,100,89,79.1,89,100,79.1,70.19,89,79.1,89,79.1
8109,0.197283106926,98,3,1,0,79.1,100,89,79.1,89,100,79.1,70.19,89,79.1,89,79.1
8110,0.197258104842,98,3,1,0,79.1,100,89,79.1,89,100,79.1,70.19,89,79.1,89,79.1
8111,0.197233102759,98,3,1,0,79.1,100,89,79.1,89,100,79.1,70.19,89,79.1,89,79.1
8112,0.197208100675,98,3,1,0,79.1,100,89,79.1,89,100,79.1,70.19,89,79.1,89,79.1
8113,0.197183098592,98,3,1,0,79.1,100,89,79.1,89,100,79.1,70.19,89,79.1,89,79.1
8114,0.197158096508,98,3,1,0,79.1,100,89,79.1,89,100,79.1,70.19,89,79.1,89,79.1
8115,0.197133094425,98,3,1,0,79.1,100,89,79.1,89,100,79.1,70.19,89,79.1,89,79.1
8116,0.197108092341,96,5,1,0,79.1,100,89,79.1,89,100,79.1,70.19,89,79.1,89,79.1
8117,0.197083090258,98,3,1,0,79.1,100,89,79.1,89,100,79.1,70.19,89,79.1,89,79.1
8118,0.197058088174,98,3,1,0,79.1,100,89,79.1,89,100,79.1,70.19,89,79.1,89,79.1
8119,0.197033086091,98,3,1,0,79.1,100,89,79.1,89,100,79.1,70.19,89,79.1,89,79.1
8120,0.197008084007,98,3,1,0,79.1,100,89,79.1,89,100,79.1,70.19,89,79.1,89,79.1
8121,0.196983081923,98,3,1,0,79.1,100,89,79.1,89,100,79.1,70.19,89,79.1,89,79.1
8122,0.19695807984,98,3,1,0,79.1,100,89,79.1,89,100,79.1,70.19,89,79.1,89,79.1
8123,0.196933077756,98,3,1,0,79.1,100,89,79.1,89,100,79.1,70.19,89,79.1,89,79.1
8124,0.196908075673,96,5,1,0,79.1,100,89,79.1,89,100,79.1,70.19,89,79.1,89,79.1
8125,0.196883073589,98,3,1,0,79.1,100,89,79.1,89,100,79.1,70.19,89,79.1,89,79.1
8126,0.196858071506,98,3,1,0,79.1,100,89,79.1,89,100,79.1,70.19,89,79.1,89,79.1
8127,0.196833069422,98,3,1,0,79.1,100,89,79.1,89,100,79.1,70.19,89,79.1,89,79.1
8128,0.196808067339,98,3,1,0,79.1,100,89,79.1,89,100,79.1,70.19,89,79.1,89,79.1
8129,0.196783065255,98,3,1,0,79.1,100,89,79.1,89,100,79.1,70.19,89,79.1,89,79.1
8130,0.196758063172,98,3,1,0,79.1,100,89,79.1,89,100,79.1,70.19,89,79.1,89,79.1
8131,0.196733061088,98,3,1,0,79.1,100,89,79.1,89,100,79.1,70.19,89,79.1,89,79.1
8132,0.196708059005,98,3,1,0,79.1,100,89,79.1,89,100,79.1,70.19,89,79.1,89,79.1
8133,0.196683056921,96,5,1,0,79.1,100,89,79.1,89,100,79.1,70.19,89,79.1,89,79.1
8134,0.196658054838,98,3,1,0,79.1,100,89,79.1,89,100,79.1,70.19,89,79.1,89,79.1
8135,0.196633052754,98,3,1,0,79.1,100,89,79.1,89,100,79.1,70.19,89,79.1,89,79.1
8136,0.196608050671,97,4,1,0,79.1,100,89,79.1,89,100,79.1,70.19,89,79.1,89,79.1
8137,0.196583048587,98,3,1,0,79.1,100,89,79.1,89,100,79.1,70.19,89,79.1,89,79.1
8138,0.196558046504,97,4,1,0,79.1,100,89,79.1,89,100,79.1,70.19,89,79.1,89,79.1
8139,0.19653304442,98,3,1,0,79.1,100,89,79.1,89,100,79.1,70.19,89,79.1,89,79.1
8140,0.196508042337,97,4,1,0,79.1,100,89,79.1,89,100,79.1,70.19,89,79.1,89,79.1
8141,0.196483040253,98,3,1,0,79.1,100,89,79.1,89,100,79.1,70.19,89,79.1,89,79.1
8142,0.19645803817,97,4,1,0,79.1,100,89,79.1,89,100,79.1,70.19,89,79.1,89,79.1
8143,0.196433036086,95,6,1,0,79.1,100,89,79.1,89,100,79.1,70.19,89,79.1,89,79.1
8144,0.196408034003,98,3,1,0,79.1,100,89,79.1,89,100,79.1,70.19,89,79.1,89,79.1
8145,0.196383031919,96,5,1,0,79.1,100,89,79.1,89,100,79.1,70.19,89,79.1,89,79.1
8146,0.196358029836,98,3,1,0,79.1,100,89,79.1,89,100,79.1,70.19,89,79.1,89,79.1
8147,0.196333027752,98,3,1,0,79.1,100,89,79.1,89,100,79.1,70.19,89,79.1,89,79.1
8148,0.196308025669,98,3,1,0,79.1,100,89,79.1,89,100,79.1,70.19,89,79.1,89,79.1
8149,0.196283023585,98,3,1,0,79.1,100,89,79.1,89,100,79.1,70.19,89,79.1,89,79.1
8150,0.196258021502,98,3,1,0,79.1,100,89,79.1,89,100,79.1,70.19,89,79.1,89,79.1
8151,0.196233019418,98,3,1,0,79.1,100,89,79.1,89,100,79.1,70.19,89,79.1,89,79.1
8152,0.196208017335,98,3,1,0,79.1,100,89,79.1,89,100,79.1,70.19,89,79.1,89,79.1
8153,0.196183015251,96,5,1,0,79.1,100,89,79.1,89,100,79.1,70.19,89,79.1,89,79.1
8154,0.196158013168,98,3,1,0,79.1,100,89,79.1,89,100,79.1,70.19,89,79.1,89,79.1
8155,0.196133011084,98,3,1,0,79.1,100,89,79.1,89,100,79.1,70.19,89,79.1,89,79.1
8156,0.196108009001,98,3,1,0,79.1,100,89,79.1,89,100,79.1,70.19,89,79.1,89,79.1
8157,0.196083006917,98,3,1,0,79.1,100,89,79.1,89,100,79.1,70.19,89,79.1,89,79.1
8158,0.196058004834,98,3,1,0,79.1,100,89,79.1,89,100,79.1,70.19,89,79.1,89,79.1
8159,0.19603300275,98,3,1,0,79.1,100,89,79.1,89,100,79.1,70.19,89,79.1,89,79.1
8160,0.196008000667,97,4,1,0,79.1,100,89,79.1,89,100,79.1,70.19,89,79.1,89,79.1
8161,0.195982998583,98,3,1,0,79.1,100,89,79.1,89,100,79.1,70.19,89,79.1,89,79.1
8162,0.1959579965,98,3,1,0,79.1,100,89,79.1,89,100,79.1,70.19,89,79.1,89,79.1
8163,0.195932994416,98,3,1,0,79.1,100,89,79.1,89,100,79.1,70.19,89,79.1,89,79.1
8164,0.195907992333,98,3,1,0,79.1,100,89,79.1,89,100,79.1,70.19,89,79.1,89,79.1
8165,0.195882990249,98,3,1,0,79.1,100,89,79.1,89,100,79.1,70.19,89,79.1,89,79.1
8166,0.195857988166,98,3,1,0,79.1,100,89,79.1,89,100,79.1,70.19,89,79.1,89,79.1
8167,0.195832986082,98,3,1,0,79.1,100,89,79.1,89,100,79.1,70.19,89,79.1,89,79.1
8168,0.195807983999,98,3,1,0,79.1,100,89,79.1,89,100,79.1,70.19,89,79.1,89,79.1
8169,0.195782981915,98,3,1,0,79.1,100,89,79.1,89,100,79.1,70.19,89,79.1,89,79.1
8170,0.195757979832,96,5,1,0,79.1,100,89,79.1,89,100,79.1,70.19,89,79.1,89,79.1
8171,0.195732977748,98,3,1,0,79.1,100,89,79.1,89,100,79.1,70.19,89,79.1,89,79.1
8172,0.195707975665,98,3,1,0,79.1,100,89,79.1,89,100,79.1,70.19,89,79.1,89,79.1
8173,0.195682973581,98,3,1,0,79.1,100,89,79.1,89,100,79.1,70.19,89,79.1,89,79.1
8174,0.195657971498,98,3,1,0,79.1,100,89,79.1,89,100,79.1,70.19,89,79.1,89,79.1
8175,0.195632969414,98,3,1,0,79.1,100,89,79.1,89,100,79.1,70.19,89,79.1,89,79.1
8176,0.195607967331,98,3,1,0,79.1,100,89,79.1,89,100,79.1,70.19,89,79.1,89,79.1
8177,0.195582965247,98,3,1,0,79.1,100,89,79.1,89,100,79.1,70.19,89,79.1,89,79.1
8178,0.195557963164,98,3,1,0,79.1,100,89,79.1,89,100,79.1,70.19,89,79.1,89,79.1
8179,0.19553296108,98,3,1,0,79.1,100,89,79.1,89,100,79.1,70.19,89,79.1,89,79.1
8180,0.195507958997,96,5,1,0,79.1,100,89,79.1,89,100,79.1,70.19,89,79.1,89,79.1
8181,0.195482956913,97,4,1,0,79.1,100,89,79.1,89,100,79.1,70.19,89,79.1,89,79.1
8182,0.19545795483,98,3,1,0,79.1,100,89,79.1,89,100,79.1,70.19,89,79.1,89,79.1
8183,0.195432952746,98,3,1,0,79.1,100,89,79.1,89,100,79.1,70.19,89,79.1,89,79.1
8184,0.195407950663,98,3,1,0,79.1,100,89,79.1,89,100,79.1,70.19,89,79.1,89,79.1
8185,0.195382948579,97,4,1,0,79.1,100,89,79.1,89,100,79.1,70.19,89,79.1,89,79.1
8186,0.195357946496,98,3,1,0,79.1,100,89,79.1,89,100,79.1,70.19,89,79.1,89,79.1
8187,0.195332944412,98,3,1,0,79.1,100,89,79.1,89,100,79.1,70.19,89,79.1,89,79.1
8188,0.195307942329,97,4,1,0,79.1,100,89,79.1,89,100,79.1,70.19,89,79.1,89,79.1
8189,0.195282940245,98,3,1,0,79.1,100,89,79.1,89,100,79.1,70.19,89,79.1,89,79.1
8190,0.195257938162,98,3,1,0,79.1,100,89,79.1,89,100,79.1,70.19,89,79.1,89,79.1
8191,0.195232936078,98,3,1,0,79.1,100,89,79.1,89,100,79.1,70.19,89,79.1,89,79.1
8192,0.195207933994,98,3,1,0,79.1,100,89,79.1,89,100,79.1,70.19,89,79.1,89,79.1
8193,0.195182931911,98,3,1,0,79.1,100,89,79.1,89,100,79.1,70.19,89,79.1,89,79.1
8194,0.195157929827,98,3,1,0,79.1,100,89,79.1,89,100,79.1,70.19,89,79.1,89,79.1
8195,0.195132927744,98,3,1,0,79.1,100,89,79.1,89,100,79.1,70.19,89,79.1,89,79.1
8196,0.19510792566,98,3,1,0,79.1,100,89,79.1,89,100,79.1,70.19,89,79.1,89,79.1
8197,0.195082923577,98,3,1,0,79.1,100,89,79.1,89,100,79.1,70.19,89,79.1,89,79.1
8198,0.195057921493,98,3,1,0,79.1,100,89,79.1,89,100,79.1,70.19,89,79.1,89,79.1
8199,0.19503291941,98,3,1,0,79.1,100,89,79.1,89,100,79.1,70.19,89,79.1,89,79.1
8200,0.195007917326,98,3,1,0,79.1,100,89,79.1,89,100,79.1,70.19,89,79.1,89,79.1
8201,0.194982915243,98,3,1,0,79.1,100,89,79.1,89,100,79.1,70.19,89,79.1,89,79.1
8202,0.194957913159,98,3,1,0,79.1,100,89,79.1,89,100,79.1,70.19,89,79.1,89,79.1
8203,0.194932911076,98,3,1,0,79.1,100,89,79.1,89,100,79.1,70.19,89,79.1,89,79.1
8204,0.194907908992,98,3,1,0,79.1,100,89,79.1,89,100,79.1,70.19,89,79.1,89,79.1
8205,0.194882906909,98,3,1,0,79.1,100,89,79.1,89,100,79.1,70.19,89,79.1,89,79.1
8206,0.194857904825,98,3,1,0,79.1,100,89,79.1,89,100,79.1,70.19,89,79.1,89,79.1
8207,0.194832902742,98,3,1,0,79.1,100,89,79.1,89,100,79.1,70.19,89,79.1,89,79.1
8208,0.194807900658,98,3,1,0,79.1,100,89,79.1,89,100,79.1,70.19,89,79.1,89,79.1
8209,0.194782898575,98,3,1,0,79.1,100,89,79.1,89,100,79.1,70.19,89,79.1,89,79.1
8210,0.194757896491,98,3,1,0,79.1,100,89,79.1,89,100,79.1,70.19,89,79.1,89,79.1
8211,0.194732894408,98,3,1,0,79.1,100,89,79.1,89,100,79.1,70.19,89,79.1,89,79.1
8212,0.194707892324,98,3,1,0,79.1,100,89,79.1,89,100,79.1,70.19,89,79.1,89,79.1
8213,0.194682890241,97,4,1,0,79.1,100,89,79.1,89,100,79.1,70.19,89,79.1,89,79.1
8214,0.194657888157,98,3,1,0,79.1,100,89,79.1,89,100,79.1,70.19,89,79.1,89,79.1
8215,0.194632886074,98,3,1,0,79.1,100,89,79.1,89,100,79.1,70.19,89,79.1,89,79.1
8216,0.19460788399,98,3,1,0,79.1,100,89,79.1,89,100,79.1,70.19,89,79.1,89,79.1
8217,0.194582881907,97,4,1,0,79.1,100,89,79.1,89,100,79.1,70.19,89,79.1,89,79.1
8218,0.194557879823,98,3,1,0,79.1,100,89,79.1,89,100,79.1,70.19,89,79.1,89,79.1
8219,0.19453287774,98,3,1,0,79.1,100,89,79.1,89,100,79.1,70.19,89,79.1,89,79.1
8220,0.194507875656,98,3,1,0,79.1,100,89,79.1,89,100,79.1,70.19,89,79.1,89,79.1
8221,0.194482873573,94,7,1,0,79.1,100,89,79.1,89,100,79.1,70.19,89,79.1,89,79.1
8222,0.194457871489,96,5,1,0,79.1,100,89,79.1,89,100,79.1,70.19,89,79.1,89,79.1
8223,0.194432869406,98,3,1,0,79.1,100,89,79.1,89,100,79.1,70.19,89,79.1,89,79.1
8224,0.194407867322,98,3,1,0,79.1,100,89,79.1,89,100,79.1,70.19,89,79.1,89,79.1
8225,0.194382865239,98,3,1,0,79.1,100,89,79.1,89,100,79.1,70.19,89,79.1,89,79.1
8226,0.194357863155,98,3,1,0,79.1,100,89,79.1,89,100,79.1,70.19,89,79.1,89,79.1
8227,0.194332861072,98,3,1,0,79.1,100,89,79.1,89,100,79.1,70.19,89,79.1,89,79.1
8228,0.194307858988,97,4,1,0,79.1,100,89,79.1,89,100,79.1,70.19,89,79.1,89,79.1
8229,0.194282856905,98,3,1,0,79.1,100,89,79.1,89,100,79.1,70.19,89,79.1,89,79.1
8230,0.194257854821,98,3,1,0,79.1,100,89,79.1,89,100,79.1,70.19,89,79.1,89,79.1
8231,0.194232852738,98,3,1,0,79.1,100,89,79.1,89,100,79.1,70.19,89,79.1,89,79.1
8232,0.194207850654,96,5,1,0,79.1,100,89,79.1,89,100,79.1,70.19,89,79.1,89,79.1
8233,0.194182848571,98,3,1,0,79.1,100,89,79.1,89,100,79.1,70.19,89,79.1,89,79.1
8234,0.194157846487,97,4,1,0,79.1,100,89,79.1,89,100,79.1,70.19,89,79.1,89,79.1
8235,0.194132844404,98,3,1,0,79.1,100,89,79.1,89,100,79.1,70.19,89,79.1,89,79.1
8236,0.19410784232,98,3,1,0,79.1,100,89,79.1,89,100,79.1,70.19,89,79.1,89,79.1
8237,0.194082840237,98,3,1,0,79.1,100,89,79.1,89,100,79.1,70.19,89,79.1,89,79.1
8238,0.194057838153,98,3,1,0,79.1,100,89,79.1,89,100,79.1,70.19,89,79.1,89,79.1
8239,0.19403283607,98,3,1,0,79.1,100,89,79.1,89,100,79.1,70.19,89,79.1,89,79.1
8240,0.194007833986,98,3,1,0,79.1,100,89,79.1,89,100,79.1,70.19,89,79.1,89,79.1
8241,0.193982831903,98,3,1,0,79.1,100,89,79.1,89,100,79.1,70.19,89,79.1,89,79.1
8242,0.193957829819,95,6,1,0,79.1,100,89,79.1,89,100,79.1,70.19,89,79.1,89,79.1
8243,0.193932827736,98,3,1,0,79.1,100,89,79.1,89,100,79.1,70.19,89,79.1,89,79.1
8244,0.193907825652,98,3,1,0,79.1,100,89,79.1,89,100,79.1,70.19,89,79.1,89,79.1
8245,0.193882823569,96,5,1,0,79.1,100,89,79.1,89,100,79.1,70.19,89,79.1,89,79.1
8246,0.193857821485,98,3,1,0,79.1,100,89,79.1,89,100,79.1,70.19,89,79.1,89,79.1
8247,0.193832819402,98,3,1,0,79.1,100,89,79.1,89,100,79.1,70.19,89,79.1,89,79.1
8248,0.193807817318,97,4,1,0,79.1,100,89,79.1,89,100,79.1,70.19,89,79.1,89,79.1
8249,0.193782815235,97,4,1,0,79.1,100,89,79.1,89,100,79.1,70.19,89,79.1,89,79.1
8250,0.193757813151,98,3,1,0,79.1,100,89,79.1,89,100,79.1,70.19,89,79.1,89,79.1
8251,0.193732811068,98,3,1,0,79.1,100,89,79.1,89,100,79.1,70.19,89,79.1,89,79.1
8252,0.193707808984,98,3,1,0,79.1,100,89,79.1,89,100,79.1,70.19,89,79.1,89,79.1
8253,0.193682806901,98,3,1,0,79.1,100,89,79.1,89,100,79.1,70.19,89,79.1,89,79.1
8254,0.193657804817,98,3,1,0,79.1,100,89,79.1,89,100,79.1,70.19,89,79.1,89,79.1
8255,0.193632802734,98,3,1,0,79.1,100,89,79.1,89,100,79.1,70.19,89,79.1,89,79.1
8256,0.19360780065,98,3,1,0,79.1,100,89,79.1,89,100,79.1,70.19,89,79.1,89,79.1
8257,0.193582798567,97,4,1,0,79.1,100,89,79.1,89,100,79.1,70.19,89,79.1,89,79.1
8258,0.193557796483,98,3,1,0,79.1,100,89,79.1,89,100,79.1,70.19,89,79.1,89,79.1
8259,0.1935327944,96,5,1,0,79.1,100,89,79.1,89,100,79.1,70.19,89,79.1,89,79.1
8260,0.193507792316,97,4,1,0,79.1,100,89,79.1,89,100,79.1,70.19,89,79.1,89,79.1
8261,0.193482790233,97,4,1,0,79.1,100,89,79.1,89,100,79.1,70.19,89,79.1,89,79.1
8262,0.193457788149,98,3,1,0,79.1,100,89,79.1,89,100,79.1,70.19,89,79.1,89,79.1
8263,0.193432786066,98,3,1,0,79.1,100,89,79.1,89,100,79.1,70.19,89,79.1,89,79.1
8264,0.193407783982,98,3,1,0,79.1,100,89,79.1,89,100,79.1,70.19,89,79.1,89,79.1
8265,0.193382781898,98,3,1,0,79.1,100,89,79.1,89,100,79.1,70.19,89,79.1,89,79.1
8266,0.193357779815,97,4,1,0,79.1,100,89,79.1,89,100,79.1,70.19,89,79.1,89,79.1
8267,0.193332777731,98,3,1,0,79.1,100,89,79.1,89,100,79.1,70.19,89,79.1,89,79.1
8268,0.193307775648,98,3,1,0,79.1,100,89,79.1,89,100,79.1,70.19,89,79.1,89,79.1
8269,0.193282773564,98,3,1,0,79.1,100,89,79.1,89,100,79.1,70.19,89,79.1,89,79.1
8270,0.193257771481,98,3,1,0,79.1,100,89,79.1,89,100,79.1,70.19,89,79.1,89,79.1
8271,0.193232769397,98,3,1,0,79.1,100,89,79.1,89,100,79.1,70.19,89,79.1,89,79.1
8272,0.193207767314,98,3,1,0,79.1,100,89,79.1,89,100,79.1,70.19,89,79.1,89,79.1
8273,0.19318276523,96,5,1,0,79.1,100,89,79.1,89,100,79.1,70.19,89,79.1,89,79.1
8274,0.193157763147,98,3,1,0,79.1,100,89,79.1,89,100,79.1,70.19,89,79.1,89,79.1
8275,0.193132761063,98,3,1,0,79.1,100,89,79.1,89,100,79.1,70.19,89,79.1,89,79.1
8276,0.19310775898,96,5,1,0,79.1,100,89,79.1,89,100,79.1,70.19,89,79.1,89,79.1
8277,0.193082756896,98,3,1,0,79.1,100,89,79.1,89,100,79.1,70.19,89,79.1,89,79.1
8278,0.193057754813,98,3,1,0,79.1,100,89,79.1,89,100,79.1,70.19,89,79.1,89,79.1
8279,0.193032752729,98,3,1,0,79.1,100,89,79.1,89,100,79.1,70.19,89,79.1,89,79.1
8280,0.193007750646,98,3,1,0,79.1,100,89,79.1,89,100,79.1,70.19,89,79.1,89,79.1
8281,0.192982748562,98,3,1,0,79.1,100,89,79.1,89,100,79.1,70.19,89,79.1,89,79.1
8282,0.192957746479,98,3,1,0,79.1,100,89,79.1,89,100,79.1,70.19,89,79.1,89,79.1
8283,0.192932744395,96,5,1,0,79.1,100,89,79.1,89,100,79.1,70.19,89,79.1,89,79.1
8284,0.192907742312,98,3,1,0,79.1,100,89,79.1,89,100,79.1,70.19,89,79.1,89,79.1
8285,0.192882740228,97,4,1,0,79.1,100,89,79.1,89,100,79.1,70.19,89,79.1,89,79.1
8286,0.192857738145,98,3,1,0,79.1,100,89,79.1,89,100,79.1,70.19,89,79.1,89,79.1
8287,0.192832736061,98,3,1,0,79.1,100,89,79.1,89,100,79.1,70.19,89,79.1,89,79.1
8288,0.192807733978,98,3,1,0,79.1,100,89,79.1,89,100,79.1,70.19,89,79.1,89,79.1
8289,0.192782731894,98,3,1,0,79.1,100,89,79.1,89,100,79.1,70.19,89,79.1,89,79.1
8290,0.192757729811,98,3,1,0,79.1,100,89,79.1,89,100,79.1,70.19,89,79.1,89,79.1
8291,0.192732727727,97,4,1,0,79.1,100,89,79.1,89,100,79.1,70.19,89,79.1,89,79.1
8292,0.192707725644,98,3,1,0,79.1,100,89,79.1,89,100,79.1,70.19,89,79.1,89,79.1
8293,0.19268272356,96,5,1,0,79.1,100,89,79.1,89,100,79.1,70.19,89,79.1,89,79.1
8294,0.192657721477,95,6,1,0,79.1,100,89,79.1,89,100,79.1,70.19,89,79.1,89,79.1
8295,0.192632719393,98,3,1,0,79.1,100,89,79.1,89,100,79.1,70.19,89,79.1,89,79.1
8296,0.19260771731,98,3,1,0,79.1,100,89,79.1,89,100,79.1,70.19,89,79.1,89,79.1
8297,0.192582715226,98,3,1,0,79.1,100,89,79.1,89,100,79.1,70.19,89,79.1,89,79.1
8298,0.192557713143,98,3,1,0,79.1,100,89,79.1,89,100,79.1,70.19,89,79.1,89,79.1
8299,0.192532711059,98,3,1,0,79.1,100,89,79.1,89,100,79.1,70.19,89,79.1,89,79.1
8300,0.192507708976,98,3,1,0,79.1,100,89,79.1,89,100,79.1,70.19,89,79.1,89,79.1
8301,0.192482706892,98,3,1,0,79.1,100,89,79.1,89,100,79.1,70.19,89,79.1,89,79.1
8302,0.192457704809,98,3,1,0,79.1,100,89,79.1,89,100,79.1,70.19,89,79.1,89,79.1
8303,0.192432702725,98,3,1,0,79.1,100,89,79.1,89,100,79.1,70.19,89,79.1,89,79.1
8304,0.192407700642,95,6,1,0,79.1,100,89,79.1,89,100,79.1,70.19,89,79.1,89,79.1
8305,0.192382698558,96,5,1,0,79.1,100,89,79.1,89,100,79.1,70.19,89,79.1,89,79.1
8306,0.192357696475,98,3,1,0,79.1,100,89,79.1,89,100,79.1,70.19,89,79.1,89,79.1
8307,0.192332694391,98,3,1,0,79.1,100,89,79.1,89,100,79.1,70.19,89,79.1,89,79.1
8308,0.192307692308,98,3,1,0,79.1,100,89,79.1,89,100,79.1,70.19,89,79.1,89,79.1
8309,0.192282690224,96,5,1,0,79.1,100,89,79.1,89,100,79.1,70.19,89,79.1,89,79.1
8310,0.192257688141,98,3,1,0,79.1,100,89,79.1,89,100,79.1,70.19,89,79.1,89,79.1
8311,0.192232686057,98,3,1,0,79.1,100,89,79.1,89,100,79.1,70.19,89,79.1,89,79.1
8312,0.192207683974,98,3,1,0,79.1,100,89,79.1,89,100,79.1,70.19,89,79.1,89,79.1
8313,0.19218268189,98,3,1,0,79.1,100,89,79.1,89,100,79.1,70.19,89,79.1,89,79.1
8314,0.192157679807,94,7,1,0,79.1,100,89,79.1,89,100,79.1,70.19,89,79.1,89,79.1
8315,0.192132677723,98,3,1,0,79.1,100,89,79.1,89,100,79.1,70.19,89,79.1,89,79.1
8316,0.19210767564,98,3,1,0,79.1,100,89,79.1,89,100,79.1,70.19,89,79.1,89,79.1
8317,0.192082673556,98,3,1,0,79.1,100,89,79.1,89,100,79.1,70.19,89,79.1,89,79.1
8318,0.192057671473,98,3,1,0,79.1,100,89,79.1,89,100,79.1,70.19,89,79.1,89,79.1
8319,0.192032669389,98,3,1,0,79.1,100,89,79.1,89,100,79.1,70.19,89,79.1,89,79.1
8320,0.192007667306,98,3,1,0,79.1,100,89,79.1,89,100,79.1,70.19,89,79.1,89,79.1
8321,0.191982665222,96,5,1,0,79.1,100,89,79.1,89,100,79.1,70.19,89,79.1,89,79.1
8322,0.191957663139,98,3,1,0,79.1,100,89,79.1,89,100,79.1,70.19,89,79.1,89,79.1
8323,0.191932661055,98,3,1,0,79.1,100,89,79.1,89,100,79.1,70.19,89,79.1,89,79.1
8324,0.191907658972,98,3,1,0,79.1,100,89,79.1,89,100,79.1,70.19,89,79.1,89,79.1
8325,0.191882656888,96,5,1,0,79.1,100,89,79.1,89,100,79.1,70.19,89,79.1,89,79.1
8326,0.191857654805,98,3,1,0,79.1,100,89,79.1,89,100,79.1,70.19,89,79.1,89,79.1
8327,0.191832652721,98,3,1,0,79.1,100,89,79.1,89,100,79.1,70.19,89,79.1,89,79.1
8328,0.191807650638,98,3,1,0,79.1,100,89,79.1,89,100,79.1,70.19,89,79.1,89,79.1
8329,0.191782648554,98,3,1,0,79.1,100,89,79.1,89,100,79.1,70.19,89,79.1,89,79.1
8330,0.191757646471,98,3,1,0,79.1,100,89,79.1,89,100,79.1,70.19,89,79.1,89,79.1
8331,0.191732644387,98,3,1,0,79.1,100,89,79.1,89,100,79.1,70.19,89,79.1,89,79.1
8332,0.191707642304,98,3,1,0,79.1,100,89,79.1,89,100,79.1,70.19,89,79.1,89,79.1
8333,0.19168264022,98,3,1,0,79.1,100,89,79.1,89,100,79.1,70.19,89,79.1,89,79.1
8334,0.191657638137,96,5,1,0,79.1,100,89,79.1,89,100,79.1,70.19,89,79.1,89,79.1
8335,0.191632636053,98,3,1,0,79.1,100,89,79.1,89,100,79.1,70.19,89,79.1,89,79.1
8336,0.191607633969,98,3,1,0,79.1,100,89,79.1,89,100,79.1,70.19,89,79.1,89,79.1
8337,0.191582631886,98,3,1,0,79.1,100,89,79.1,89,100,79.1,70.19,89,79.1,89,79.1
8338,0.191557629802,98,3,1,0,79.1,100,89,79.1,89,100,79.1,70.19,89,79.1,89,79.1
8339,0.191532627719,98,3,1,0,79.1,100,89,79.1,89,100,79.1,70.19,89,79.1,89,79.1
8340,0.191507625635,98,3,1,0,79.1,100,89,79.1,89,100,79.1,70.19,89,79.1,89,79.1
8341,0.191482623552,98,3,1,0,79.1,100,89,79.1,89,100,79.1,70.19,89,79.1,89,79.1
8342,0.191457621468,96,5,1,0,79.1,100,89,79.1,89,100,79.1,70.19,89,79.1,89,79.1
8343,0.191432619385,97,4,1,0,79.1,100,89,79.1,89,100,79.1,70.19,89,79.1,89,79.1
8344,0.191407617301,98,3,1,0,79.1,100,89,79.1,89,100,79.1,70.19,89,79.1,89,79.1
8345,0.191382615218,98,3,1,0,79.1,100,89,79.1,89,100,79.1,70.19,89,79.1,89,79.1
8346,0.191357613134,98,3,1,0,79.1,100,89,79.1,89,100,79.1,70.19,89,79.1,89,79.1
8347,0.191332611051,98,3,1,0,79.1,100,89,79.1,89,100,79.1,70.19,89,79.1,89,79.1
8348,0.191307608967,98,3,1,0,79.1,100,89,79.1,89,100,79.1,70.19,89,79.1,89,79.1
8349,0.191282606884,96,5,1,0,79.1,100,89,79.1,89,100,79.1,70.19,89,79.1,89,79.1
8350,0.1912576048,98,3,1,0,79.1,100,89,79.1,89,100,79.1,70.19,89,79.1,89,79.1
8351,0.191232602717,98,3,1,0,79.1,100,89,79.1,89,100,79.1,70.19,89,79.1,89,79.1
8352,0.191207600633,98,3,1,0,79.1,100,89,79.1,89,100,79.1,70.19,89,79.1,89,79.1
8353,0.19118259855,98,3,1,0,79.1,100,89,79.1,89,100,79.1,70.19,89,79.1,89,79.1
8354,0.191157596466,98,3,1,0,79.1,100,89,79.1,89,100,79.1,70.19,89,79.1,89,79.1
8355,0.191132594383,98,3,1,0,79.1,100,89,79.1,89,100,79.1,70.19,89,79.1,89,79.1
8356,0.191107592299,98,3,1,0,79.1,100,89,79.1,89,100,79.1,70.19,89,79.1,89,79.1
8357,0.191082590216,98,3,1,0,79.1,100,89,79.1,89,100,79.1,70.19,89,79.1,89,79.1
8358,0.191057588132,98,3,1,0,79.1,100,89,79.1,89,100,79.1,70.19,89,79.1,89,79.1
8359,0.191032586049,98,3,1,0,79.1,100,89,79.1,89,100,79.1,70.19,89,79.1,89,79.1
8360,0.191007583965,98,3,1,0,79.1,100,89,79.1,89,100,79.1,70.19,89,79.1,89,79.1
8361,0.190982581882,98,3,1,0,79.1,100,89,79.1,89,100,79.1,70.19,89,79.1,89,79.1
8362,0.190957579798,97,4,1,0,79.1,100,89,79.1,89,100,79.1,70.19,89,79.1,89,79.1
8363,0.190932577715,98,3,1,0,79.1,100,89,79.1,89,100,79.1,70.19,89,79.1,89,79.1
8364,0.190907575631,98,3,1,0,79.1,100,89,79.1,89,100,79.1,70.19,89,79.1,89,79.1
8365,0.190882573548,98,3,1,0,79.1,100,89,79.1,89,100,79.1,70.19,89,79.1,89,79.1
8366,0.190857571464,98,3,1,0,79.1,100,89,79.1,89,100,79.1,70.19,89,79.1,89,79.1
8367,0.190832569381,98,3,1,0,79.1,100,89,79.1,89,100,79.1,70.19,89,79.1,89,79.1
8368,0.190807567297,96,5,1,0,79.1,100,89,79.1,89,100,79.1,70.19,89,79.1,89,79.1
8369,0.190782565214,98,3,1,0,79.1,100,89,79.1,89,100,79.1,70.19,89,79.1,89,79.1
8370,0.19075756313,98,3,1,0,79.1,100,89,79.1,89,100,79.1,70.19,89,79.1,89,79.1
8371,0.190732561047,97,4,1,0,79.1,100,89,79.1,89,100,79.1,70.19,89,79.1,89,79.1
8372,0.190707558963,98,3,1,0,79.1,100,89,79.1,89,100,79.1,70.19,89,79.1,89,79.1
8373,0.19068255688,98,3,1,0,79.1,100,89,79.1,89,100,79.1,70.19,89,79.1,89,79.1
8374,0.190657554796,98,3,1,0,79.1,100,89,79.1,89,100,79.1,70.19,89,79.1,89,79.1
8375,0.190632552713,98,3,1,0,79.1,100,89,79.1,89,100,79.1,70.19,89,79.1,89,79.1
8376,0.190607550629,94,7,1,0,79.1,100,89,79.1,89,100,79.1,70.19,89,79.1,89,79.1
8377,0.190582548546,97,4,1,0,79.1,100,89,79.1,89,100,79.1,70.19,89,79.1,89,79.1
8378,0.190557546462,94,7,1,0,79.1,100,89,79.1,89,100,79.1,70.19,89,79.1,89,79.1
8379,0.190532544379,98,3,1,0,79.1,100,89,79.1,89,100,79.1,70.19,89,79.1,89,79.1
8380,0.190507542295,98,3,1,0,79.1,100,89,79.1,89,100,79.1,70.19,89,79.1,89,79.1
8381,0.190482540212,98,3,1,0,79.1,100,89,79.1,89,100,79.1,70.19,89,79.1,89,79.1
8382,0.190457538128,98,3,1,0,79.1,100,89,79.1,89,100,79.1,70.19,89,79.1,89,79.1
8383,0.190432536045,98,3,1,0,79.1,100,89,79.1,89,100,79.1,70.19,89,79.1,89,79.1
8384,0.190407533961,98,3,1,0,79.1,100,89,79.1,89,100,79.1,70.19,89,79.1,89,79.1
8385,0.190382531878,98,3,1,0,79.1,100,89,79.1,89,100,79.1,70.19,89,79.1,89,79.1
8386,0.190357529794,98,3,1,0,79.1,100,89,79.1,89,100,79.1,70.19,89,79.1,89,79.1
8387,0.190332527711,98,3,1,0,79.1,100,89,79.1,89,100,79.1,70.19,89,79.1,89,79.1
8388,0.190307525627,98,3,1,0,79.1,100,89,79.1,89,100,79.1,70.19,89,79.1,89,79.1
8389,0.190282523544,98,3,1,0,79.1,100,89,79.1,89,100,79.1,70.19,89,79.1,89,79.1
8390,0.19025752146,98,3,1,0,79.1,100,89,79.1,89,100,79.1,70.19,89,79.1,89,79.1
8391,0.190232519377,96,5,1,0,79.1,100,89,79.1,89,100,79.1,70.19,89,79.1,89,79.1
8392,0.190207517293,98,3,1,0,79.1,100,89,79.1,89,100,79.1,70.19,89,79.1,89,79.1
8393,0.19018251521,98,3,1,0,79.1,100,89,79.1,89,100,79.1,70.19,89,79.1,89,79.1
8394,0.190157513126,98,3,1,0,79.1,100,89,79.1,89,100,79.1,70.19,89,79.1,89,79.1
8395,0.190132511043,98,3,1,0,79.1,100,89,79.1,89,100,79.1,70.19,89,79.1,89,79.1
8396,0.190107508959,98,3,1,0,79.1,100,89,79.1,89,100,79.1,70.19,89,79.1,89,79.1
8397,0.190082506876,98,3,1,0,79.1,100,89,79.1,89,100,79.1,70.19,89,79.1,89,79.1
8398,0.190057504792,96,5,1,0,79.1,100,89,79.1,89,100,79.1,70.19,89,79.1,89,79.1
8399,0.190032502709,98,3,1,0,79.1,100,89,79.1,89,100,79.1,70.19,89,79.1,89,79.1
8400,0.190007500625,98,3,1,0,79.1,100,89,79.1,89,100,79.1,70.19,89,79.1,89,79.1
8401,0.189982498542,98,3,1,0,79.1,100,89,79.1,89,100,79.1,70.19,89,79.1,89,79.1
8402,0.189957496458,98,3,1,0,79.1,100,89,79.1,89,100,79.1,70.19,89,79.1,89,79.1
8403,0.189932494375,98,3,1,0,79.1,100,89,79.1,89,100,79.1,70.19,89,79.1,89,79.1
8404,0.189907492291,97,4,1,0,79.1,100,89,79.1,89,100,79.1,70.19,89,79.1,89,79.1
8405,0.189882490208,97,4,1,0,79.1,100,89,79.1,89,100,79.1,70.19,89,79.1,89,79.1
8406,0.189857488124,98,3,1,0,79.1,100,89,79.1,89,100,79.1,70.19,89,79.1,89,79.1
8407,0.189832486041,98,3,1,0,79.1,100,89,79.1,89,100,79.1,70.19,89,79.1,89,79.1
8408,0.189807483957,98,3,1,0,79.1,100,89,79.1,89,100,79.1,70.19,89,79.1,89,79.1
8409,0.189782481873,94,7,1,0,79.1,100,89,79.1,89,100,79.1,70.19,89,79.1,89,79.1
8410,0.18975747979,98,3,1,0,79.1,100,89,79.1,89,100,79.1,70.19,89,79.1,89,79.1
8411,0.189732477706,98,3,1,0,79.1,100,89,79.1,89,100,79.1,70.19,89,79.1,89,79.1
8412,0.189707475623,98,3,1,0,79.1,100,89,79.1,89,100,79.1,70.19,89,79.1,89,79.1
8413,0.189682473539,98,3,1,0,79.1,100,89,79.1,89,100,79.1,70.19,89,79.1,89,79.1
8414,0.189657471456,96,5,1,0,79.1,100,89,79.1,89,100,79.1,70.19,89,79.1,89,79.1
8415,0.189632469372,98,3,1,0,79.1,100,89,79.1,89,100,79.1,70.19,89,79.1,89,79.1
8416,0.189607467289,98,3,1,0,79.1,100,89,79.1,89,100,79.1,70.19,89,79.1,89,79.1
8417,0.189582465205,98,3,1,0,79.1,100,89,79.1,89,100,79.1,70.19,89,79.1,89,79.1
8418,0.189557463122,98,3,1,0,79.1,100,89,79.1,89,100,79.1,70.19,89,79.1,89,79.1
8419,0.189532461038,97,4,1,0,79.1,100,89,79.1,89,100,79.1,70.19,89,79.1,89,79.1
8420,0.189507458955,95,6,1,0,79.1,100,89,79.1,89,100,79.1,70.19,89,79.1,89,79.1
8421,0.189482456871,98,3,1,0,79.1,100,89,79.1,89,100,79.1,70.19,89,79.1,89,79.1
8422,0.189457454788,98,3,1,0,79.1,100,89,79.1,89,100,79.1,70.19,89,79.1,89,79.1
8423,0.189432452704,95,6,1,0,79.1,100,89,79.1,89,100,79.1,70.19,89,79.1,89,79.1
8424,0.189407450621,98,3,1,0,79.1,100,89,79.1,89,100,79.1,70.19,89,79.1,89,79.1
8425,0.189382448537,98,3,1,0,79.1,100,89,79.1,89,100,79.1,70.19,89,79.1,89,79.1
8426,0.189357446454,98,3,1,0,79.1,100,89,79.1,89,100,79.1,70.19,89,79.1,89,79.1
8427,0.18933244437,98,3,1,0,79.1,100,89,79.1,89,100,79.1,70.19,89,79.1,89,79.1
8428,0.189307442287,98,3,1,0,79.1,100,89,79.1,89,100,79.1,70.19,89,79.1,89,79.1
8429,0.189282440203,98,3,1,0,79.1,100,89,79.1,89,100,79.1,70.19,89,79.1,89,79.1
8430,0.18925743812,98,3,1,0,79.1,100,89,79.1,89,100,79.1,70.19,89,79.1,89,79.1
8431,0.189232436036,98,3,1,0,79.1,100,89,79.1,89,100,79.1,70.19,89,79.1,89,79.1
8432,0.189207433953,98,3,1,0,79.1,100,89,79.1,89,100,79.1,70.19,89,79.1,89,79.1
8433,0.189182431869,98,3,1,0,79.1,100,89,79.1,89,100,79.1,70.19,89,79.1,89,79.1
8434,0.189157429786,96,5,1,0,79.1,100,89,79.1,89,100,79.1,70.19,89,79.1,89,79.1
8435,0.189132427702,96,5,1,0,79.1,100,89,79.1,89,100,79.1,70.19,89,79.1,89,79.1
8436,0.189107425619,98,3,1,0,79.1,100,89,79.1,89,100,79.1,70.19,89,79.1,89,79.1
8437,0.189082423535,96,5,1,0,79.1,100,89,79.1,89,100,79.1,70.19,89,79.1,89,79.1
8438,0.189057421452,95,6,1,0,79.1,100,89,79.1,89,100,79.1,70.19,89,79.1,89,79.1
8439,0.189032419368,98,3,1,0,79.1,100,89,79.1,89,100,79.1,70.19,89,79.1,89,79.1
8440,0.189007417285,98,3,1,0,79.1,100,89,79.1,89,100,79.1,70.19,89,79.1,89,79.1
8441,0.188982415201,98,3,1,0,79.1,100,89,79.1,89,100,79.1,70.19,89,79.1,89,79.1
8442,0.188957413118,98,3,1,0,79.1,100,89,79.1,89,100,79.1,70.19,89,79.1,89,79.1
8443,0.188932411034,98,3,1,0,79.1,100,89,79.1,89,100,79.1,70.19,89,79.1,89,79.1
8444,0.188907408951,96,5,1,0,79.1,100,89,79.1,89,100,79.1,70.19,89,79.1,89,79.1
8445,0.188882406867,96,5,1,0,79.1,100,89,79.1,89,100,79.1,70.19,89,79.1,89,79.1
8446,0.188857404784,98,3,1,0,79.1,100,89,79.1,89,100,79.1,70.19,89,79.1,89,79.1
8447,0.1888324027,97,4,1,0,79.1,100,89,79.1,89,100,79.1,70.19,89,79.1,89,79.1
8448,0.188807400617,98,3,1,0,79.1,100,89,79.1,89,100,79.1,70.19,89,79.1,89,79.1
8449,0.188782398533,98,3,1,0,79.1,100,89,79.1,89,100,79.1,70.19,89,79.1,89,79.1
8450,0.18875739645,98,3,1,0,79.1,100,89,79.1,89,100,79.1,70.19,89,79.1,89,79.1
8451,0.188732394366,98,3,1,0,79.1,100,89,79.1,89,100,79.1,70.19,89,79.1,89,79.1
8452,0.188707392283,98,3,1,0,79.1,100,89,79.1,89,100,79.1,70.19,89,79.1,89,79.1
8453,0.188682390199,98,3,1,0,79.1,100,89,79.1,89,100,79.1,70.19,89,79.1,89,79.1
8454,0.188657388116,98,3,1,0,79.1,100,89,79.1,89,100,79.1,70.19,89,79.1,89,79.1
8455,0.188632386032,98,3,1,0,79.1,100,89,79.1,89,100,79.1,70.19,89,79.1,89,79.1
8456,0.188607383949,98,3,1,0,79.1,100,89,79.1,89,100,79.1,70.19,89,79.1,89,79.1
8457,0.188582381865,98,3,1,0,79.1,100,89,79.1,89,100,79.1,70.19,89,79.1,89,79.1
8458,0.188557379782,98,3,1,0,79.1,100,89,79.1,89,100,79.1,70.19,89,79.1,89,79.1
8459,0.188532377698,98,3,1,0,79.1,100,89,79.1,89,100,79.1,70.19,89,79.1,89,79.1
8460,0.188507375615,98,3,1,0,79.1,100,89,79.1,89,100,79.1,70.19,89,79.1,89,79.1
8461,0.188482373531,98,3,1,0,79.1,100,89,79.1,89,100,79.1,70.19,89,79.1,89,79.1
8462,0.188457371448,98,3,1,0,79.1,100,89,79.1,89,100,79.1,70.19,89,79.1,89,79.1
8463,0.188432369364,97,4,1,0,79.1,100,89,79.1,89,100,79.1,70.19,89,79.1,89,79.1
8464,0.188407367281,98,3,1,0,79.1,100,89,79.1,89,100,79.1,70.19,89,79.1,89,79.1
8465,0.188382365197,97,4,1,0,79.1,100,89,79.1,89,100,79.1,70.19,89,79.1,89,79.1
8466,0.188357363114,96,5,1,0,79.1,100,89,79.1,89,100,79.1,70.19,89,79.1,89,79.1
8467,0.18833236103,98,3,1,0,79.1,100,89,79.1,89,100,79.1,70.19,89,79.1,89,79.1
8468,0.188307358947,98,3,1,0,79.1,100,89,79.1,89,100,79.1,70.19,89,79.1,89,79.1
8469,0.188282356863,98,3,1,0,79.1,100,89,79.1,89,100,79.1,70.19,89,79.1,89,79.1
8470,0.18825735478,98,3,1,0,79.1,100,89,79.1,89,100,79.1,70.19,89,79.1,89,79.1
8471,0.188232352696,98,3,1,0,79.1,100,89,79.1,89,100,79.1,70.19,89,79.1,89,79.1
8472,0.188207350613,98,3,1,0,79.1,100,89,79.1,89,100,79.1,70.19,89,79.1,89,79.1
8473,0.188182348529,98,3,1,0,79.1,100,89,79.1,89,100,79.1,70.19,89,79.1,89,79.1
8474,0.188157346446,98,3,1,0,79.1,100,89,79.1,89,100,79.1,70.19,89,79.1,89,79.1
8475,0.188132344362,98,3,1,0,79.1,100,89,79.1,89,100,79.1,70.19,89,79.1,89,79.1
8476,0.188107342279,98,3,1,0,79.1,100,89,79.1,89,100,79.1,70.19,89,79.1,89,79.1
8477,0.188082340195,96,5,1,0,79.1,100,89,79.1,89,100,79.1,70.19,89,79.1,89,79.1
8478,0.188057338112,98,3,1,0,79.1,100,89,79.1,89,100,79.1,70.19,89,79.1,89,79.1
8479,0.188032336028,93,8,1,0,79.1,100,89,79.1,89,100,79.1,70.19,89,79.1,89,79.1
8480,0.188007333944,96,5,1,0,79.1,100,89,79.1,89,100,79.1,70.19,89,79.1,89,79.1
8481,0.187982331861,98,3,1,0,79.1,100,89,79.1,89,100,79.1,70.19,89,79.1,89,79.1
8482,0.187957329777,98,3,1,0,79.1,100,89,79.1,89,100,79.1,70.19,89,79.1,89,79.1
8483,0.187932327694,97,4,1,0,79.1,100,89,79.1,89,100,79.1,70.19,89,79.1,89,79.1
8484,0.18790732561,98,3,1,0,79.1,100,89,79.1,89,100,79.1,70.19,89,79.1,89,79.1
8485,0.187882323527,98,3,1,0,79.1,100,89,79.1,89,100,79.1,70.19,89,79.1,89,79.1
8486,0.187857321443,97,4,1,0,79.1,100,89,79.1,89,100,79.1,70.19,89,79.1,89,79.1
8487,0.18783231936,96,5,1,0,79.1,100,89,79.1,89,100,79.1,70.19,89,79.1,89,79.1
8488,0.187807317276,98,3,1,0,79.1,100,89,79.1,89,100,79.1,70.19,89,79.1,89,79.1
8489,0.187782315193,98,3,1,0,79.1,100,89,79.1,89,100,79.1,70.19,89,79.1,89,79.1
8490,0.187757313109,98,3,1,0,79.1,100,89,79.1,89,100,79.1,70.19,89,79.1,89,79.1
8491,0.187732311026,98,3,1,0,79.1,100,89,79.1,89,100,79.1,70.19,89,79.1,89,79.1
8492,0.187707308942,96,5,1,0,79.1,100,89,79.1,89,100,79.1,70.19,89,79.1,89,79.1
8493,0.187682306859,97,4,1,0,79.1,100,89,79.1,89,100,79.1,70.19,89,79.1,89,79.1
8494,0.187657304775,95,6,1,0,79.1,100,89,79.1,89,100,79.1,70.19,89,79.1,89,79.1
8495,0.187632302692,96,5,1,0,79.1,100,89,79.1,89,100,79.1,70.19,89,79.1,89,79.1
8496,0.187607300608,98,3,1,0,79.1,100,89,79.1,89,100,79.1,70.19,89,79.1,89,79.1
8497,0.187582298525,98,3,1,0,79.1,100,89,79.1,89,100,79.1,70.19,89,79.1,89,79.1
8498,0.187557296441,98,3,1,0,79.1,100,89,79.1,89,100,79.1,70.19,89,79.1,89,79.1
8499,0.187532294358,98,3,1,0,79.1,100,89,79.1,89,100,79.1,70.19,89,79.1,89,79.1
8500,0.187507292274,97,4,1,0,79.1,100,89,79.1,89,100,79.1,70.19,89,79.1,89,79.1
8501,0.187482290191,98,3,1,0,79.1,100,89,79.1,89,100,79.1,70.19,89,79.1,89,79.1
8502,0.187457288107,98,3,1,0,79.1,100,89,79.1,89,100,79.1,70.19,89,79.1,89,79.1
8503,0.187432286024,98,3,1,0,79.1,100,89,79.1,89,100,79.1,70.19,89,79.1,89,79.1
8504,0.18740728394,97,4,1,0,79.1,100,89,79.1,89,100,79.1,70.19,89,79.1,89,79.1
8505,0.187382281857,98,3,1,0,79.1,100,89,79.1,89,100,79.1,70.19,89,79.1,89,79.1
8506,0.187357279773,98,3,1,0,79.1,100,89,79.1,89,100,79.1,70.19,89,79.1,89,79.1
8507,0.18733227769,98,3,1,0,79.1,100,89,79.1,89,100,79.1,70.19,89,79.1,89,79.1
8508,0.187307275606,98,3,1,0,79.1,100,89,79.1,89,100,79.1,70.19,89,79.1,89,79.1
8509,0.187282273523,98,3,1,0,79.1,100,89,79.1,89,100,79.1,70.19,89,79.1,89,79.1
8510,0.187257271439,98,3,1,0,79.1,100,89,79.1,89,100,79.1,70.19,89,79.1,89,79.1
8511,0.187232269356,97,4,1,0,79.1,100,89,79.1,89,100,79.1,70.19,89,79.1,89,79.1
8512,0.187207267272,95,6,1,0,79.1,100,89,79.1,89,100,79.1,70.19,89,79.1,89,79.1
8513,0.187182265189,98,3,1,0,79.1,100,89,79.1,89,100,79.1,70.19,89,79.1,89,79.1
8514,0.187157263105,96,5,1,0,79.1,100,89,79.1,89,100,79.1,70.19,89,79.1,89,79.1
8515,0.187132261022,98,3,1,0,79.1,100,89,79.1,89,100,79.1,70.19,89,79.1,89,79.1
8516,0.187107258938,98,3,1,0,79.1,100,89,79.1,89,100,79.1,70.19,89,79.1,89,79.1
8517,0.187082256855,98,3,1,0,79.1,100,89,79.1,89,100,79.1,70.19,89,79.1,89,79.1
8518,0.187057254771,96,5,1,0,79.1,100,89,79.1,89,100,79.1,70.19,89,79.1,89,79.1
8519,0.187032252688,94,7,1,0,79.1,100,89,79.1,89,100,79.1,70.19,89,79.1,89,79.1
8520,0.187007250604,98,3,1,0,79.1,100,89,79.1,89,100,79.1,70.19,89,79.1,89,79.1
8521,0.186982248521,96,5,1,0,79.1,100,89,79.1,89,100,79.1,70.19,89,79.1,89,79.1
8522,0.186957246437,98,3,1,0,79.1,100,89,79.1,89,100,79.1,70.19,89,79.1,89,79.1
8523,0.186932244354,98,3,1,0,79.1,100,89,79.1,89,100,79.1,70.19,89,79.1,89,79.1
8524,0.18690724227,98,3,1,0,79.1,100,89,79.1,89,100,79.1,70.19,89,79.1,89,79.1
8525,0.186882240187,98,3,1,0,79.1,100,89,79.1,89,100,79.1,70.19,89,79.1,89,79.1
8526,0.186857238103,98,3,1,0,79.1,100,89,79.1,89,100,79.1,70.19,89,79.1,89,79.1
8527,0.18683223602,95,6,1,0,79.1,100,89,79.1,89,100,79.1,70.19,89,79.1,89,79.1
8528,0.186807233936,98,3,1,0,79.1,100,89,79.1,89,100,79.1,70.19,89,79.1,89,79.1
8529,0.186782231853,98,3,1,0,79.1,100,89,79.1,89,100,79.1,70.19,89,79.1,89,79.1
8530,0.186757229769,97,4,1,0,79.1,100,89,79.1,89,100,79.1,70.19,89,79.1,89,79.1
8531,0.186732227686,98,3,1,0,79.1,100,89,79.1,89,100,79.1,70.19,89,79.1,89,79.1
8532,0.186707225602,98,3,1,0,79.1,100,89,79.1,89,100,79.1,70.19,89,79.1,89,79.1
8533,0.186682223519,98,3,1,0,79.1,100,89,79.1,89,100,79.1,70.19,89,79.1,89,79.1
8534,0.186657221435,98,3,1,0,79.1,100,89,79.1,89,100,79.1,70.19,89,79.1,89,79.1
8535,0.186632219352,98,3,1,0,79.1,100,89,79.1,89,100,79.1,70.19,89,79.1,89,79.1
8536,0.186607217268,98,3,1,0,79.1,100,89,79.1,89,100,79.1,70.19,89,79.1,89,79.1
8537,0.186582215185,98,3,1,0,79.1,100,89,79.1,89,100,79.1,70.19,89,79.1,89,79.1
8538,0.186557213101,98,3,1,0,79.1,100,89,79.1,89,100,79.1,70.19,89,79.1,89,79.1
8539,0.186532211018,98,3,1,0,79.1,100,89,79.1,89,100,79.1,70.19,89,79.1,89,79.1
8540,0.186507208934,98,3,1,0,79.1,100,89,79.1,89,100,79.1,70.19,89,79.1,89,79.1
8541,0.186482206851,97,4,1,0,79.1,100,89,79.1,89,100,79.1,70.19,89,79.1,89,79.1
8542,0.186457204767,98,3,1,0,79.1,100,89,79.1,89,100,79.1,70.19,89,79.1,89,79.1
8543,0.186432202684,98,3,1,0,79.1,100,89,79.1,89,100,79.1,70.19,89,79.1,89,79.1
8544,0.1864072006,97,4,1,0,79.1,100,89,79.1,89,100,79.1,70.19,89,79.1,89,79.1
8545,0.186382198517,98,3,1,0,79.1,100,89,79.1,89,100,79.1,70.19,89,79.1,89,79.1
8546,0.186357196433,98,3,1,0,79.1,100,89,79.1,89,100,79.1,70.19,89,79.1,89,79.1
8547,0.18633219435,98,3,1,0,79.1,100,89,79.1,89,100,79.1,70.19,89,79.1,89,79.1
8548,0.186307192266,98,3,1,0,79.1,100,89,79.1,89,100,79.1,70.19,89,79.1,89,79.1
8549,0.186282190183,98,3,1,0,79.1,100,89,79.1,89,100,79.1,70.19,89,79.1,89,79.1
8550,0.186257188099,98,3,1,0,79.1,100,89,79.1,89,100,79.1,70.19,89,79.1,89,79.1
8551,0.186232186016,98,3,1,0,79.1,100,89,79.1,89,100,79.1,70.19,89,79.1,89,79.1
8552,0.186207183932,96,5,1,0,79.1,100,89,79.1,89,100,79.1,70.19,89,79.1,89,79.1
8553,0.186182181848,98,3,1,0,79.1,100,89,79.1,89,100,79.1,70.19,89,79.1,89,79.1
8554,0.186157179765,96,5,1,0,79.1,100,89,79.1,89,100,79.1,70.19,89,79.1,89,79.1
8555,0.186132177681,96,5,1,0,79.1,100,89,79.1,89,100,79.1,70.19,89,79.1,89,79.1
8556,0.186107175598,98,3,1,0,79.1,100,89,79.1,89,100,79.1,70.19,89,79.1,89,79.1
8557,0.186082173514,98,3,1,0,79.1,100,89,79.1,89,100,79.1,70.19,89,79.1,89,79.1
8558,0.186057171431,98,3,1,0,79.1,100,89,79.1,89,100,79.1,70.19,89,79.1,89,79.1
8559,0.186032169347,98,3,1,0,79.1,100,89,79.1,89,100,79.1,70.19,89,79.1,89,79.1
8560,0.186007167264,96,5,1,0,79.1,100,89,79.1,89,100,79.1,70.19,89,79.1,89,79.1
8561,0.18598216518,98,3,1,0,79.1,100,89,79.1,89,100,79.1,70.19,89,79.1,89,79.1
8562,0.185957163097,98,3,1,0,79.1,100,89,79.1,89,100,79.1,70.19,89,79.1,89,79.1
8563,0.185932161013,95,6,1,0,79.1,100,89,79.1,89,100,79.1,70.19,89,79.1,89,79.1
8564,0.18590715893,98,3,1,0,79.1,100,89,79.1,89,100,79.1,70.19,89,79.1,89,79.1
8565,0.185882156846,98,3,1,0,79.1,100,89,79.1,89,100,79.1,70.19,89,79.1,89,79.1
8566,0.185857154763,98,3,1,0,79.1,100,89,79.1,89,100,79.1,70.19,89,79.1,89,79.1
8567,0.185832152679,98,3,1,0,79.1,100,89,79.1,89,100,79.1,70.19,89,79.1,89,79.1
8568,0.185807150596,95,6,1,0,79.1,100,89,79.1,89,100,79.1,70.19,89,79.1,89,79.1
8569,0.185782148512,98,3,1,0,79.1,100,89,79.1,89,100,79.1,70.19,89,79.1,89,79.1
8570,0.185757146429,98,3,1,0,79.1,100,89,79.1,89,100,79.1,70.19,89,79.1,89,79.1
8571,0.185732144345,98,3,1,0,79.1,100,89,79.1,89,100,79.1,70.19,89,79.1,89,79.1
8572,0.185707142262,98,3,1,0,79.1,100,89,79.1,89,100,79.1,70.19,89,79.1,89,79.1
8573,0.185682140178,96,5,1,0,79.1,100,89,79.1,89,100,79.1,70.19,89,79.1,89,79.1
8574,0.185657138095,98,3,1,0,79.1,100,89,79.1,89,100,79.1,70.19,89,79.1,89,79.1
8575,0.185632136011,98,3,1,0,79.1,100,89,79.1,89,100,79.1,70.19,89,79.1,89,79.1
8576,0.185607133928,98,3,1,0,79.1,100,89,79.1,89,100,79.1,70.19,89,79.1,89,79.1
8577,0.185582131844,98,3,1,0,79.1,100,89,79.1,89,100,79.1,70.19,89,79.1,89,79.1
8578,0.185557129761,98,3,1,0,79.1,100,89,79.1,89,100,79.1,70.19,89,79.1,89,79.1
8579,0.185532127677,98,3,1,0,79.1,100,89,79.1,89,100,79.1,70.19,89,79.1,89,79.1
8580,0.185507125594,98,3,1,0,79.1,100,89,79.1,89,100,79.1,70.19,89,79.1,89,79.1
8581,0.18548212351,98,3,1,0,79.1,100,89,79.1,89,100,79.1,70.19,89,79.1,89,79.1
8582,0.185457121427,98,3,1,0,79.1,100,89,79.1,89,100,79.1,70.19,89,79.1,89,79.1
8583,0.185432119343,98,3,1,0,79.1,100,89,79.1,89,100,79.1,70.19,89,79.1,89,79.1
8584,0.18540711726,98,3,1,0,79.1,100,89,79.1,89,100,79.1,70.19,89,79.1,89,79.1
8585,0.185382115176,98,3,1,0,79.1,100,89,79.1,89,100,79.1,70.19,89,79.1,89,79.1
8586,0.185357113093,98,3,1,0,79.1,100,89,79.1,89,100,79.1,70.19,89,79.1,89,79.1
8587,0.185332111009,97,4,1,0,79.1,100,89,79.1,89,100,79.1,70.19,89,79.1,89,79.1
8588,0.185307108926,98,3,1,0,79.1,100,89,79.1,89,100,79.1,70.19,89,79.1,89,79.1
8589,0.185282106842,98,3,1,0,79.1,100,89,79.1,89,100,79.1,70.19,89,79.1,89,79.1
8590,0.185257104759,98,3,1,0,79.1,100,89,79.1,89,100,79.1,70.19,89,79.1,89,79.1
8591,0.185232102675,98,3,1,0,79.1,100,89,79.1,89,100,79.1,70.19,89,79.1,89,79.1
8592,0.185207100592,97,4,1,0,79.1,100,89,79.1,89,100,79.1,70.19,89,79.1,89,79.1
8593,0.185182098508,98,3,1,0,79.1,100,89,79.1,89,100,79.1,70.19,89,79.1,89,79.1
8594,0.185157096425,98,3,1,0,79.1,100,89,79.1,89,100,79.1,70.19,89,79.1,89,79.1
8595,0.185132094341,98,3,1,0,79.1,100,89,79.1,89,100,79.1,70.19,89,79.1,89,79.1
8596,0.185107092258,98,3,1,0,79.1,100,89,79.1,89,100,79.1,70.19,89,79.1,89,79.1
8597,0.185082090174,97,4,1,0,79.1,100,89,79.1,89,100,79.1,70.19,89,79.1,89,79.1
8598,0.185057088091,98,3,1,0,79.1,100,89,79.1,89,100,79.1,70.19,89,79.1,89,79.1
8599,0.185032086007,98,3,1,0,79.1,100,89,79.1,89,100,79.1,70.19,89,79.1,89,79.1
8600,0.185007083924,97,4,1,0,79.1,100,89,79.1,89,100,79.1,70.19,89,79.1,89,79.1
8601,0.18498208184,98,3,1,0,79.1,100,89,79.1,89,100,79.1,70.19,89,79.1,89,79.1
8602,0.184957079757,98,3,1,0,79.1,100,89,79.1,89,100,79.1,70.19,89,79.1,89,79.1
8603,0.184932077673,98,3,1,0,79.1,100,89,79.1,89,100,79.1,70.19,89,79.1,89,79.1
8604,0.18490707559,97,4,1,0,79.1,100,89,79.1,89,100,79.1,70.19,89,79.1,89,79.1
8605,0.184882073506,98,3,1,0,79.1,100,89,79.1,89,100,79.1,70.19,89,79.1,89,79.1
8606,0.184857071423,95,6,1,0,79.1,100,89,79.1,89,100,79.1,70.19,89,79.1,89,79.1
8607,0.184832069339,98,3,1,0,79.1,100,89,79.1,89,100,79.1,70.19,89,79.1,89,79.1
8608,0.184807067256,98,3,1,0,79.1,100,89,79.1,89,100,79.1,70.19,89,79.1,89,79.1
8609,0.184782065172,96,5,1,0,79.1,100,89,79.1,89,100,79.1,70.19,89,79.1,89,79.1
8610,0.184757063089,98,3,1,0,79.1,100,89,79.1,89,100,79.1,70.19,89,79.1,89,79.1
8611,0.184732061005,97,4,1,0,79.1,100,89,79.1,89,100,79.1,70.19,89,79.1,89,79.1
8612,0.184707058922,98,3,1,0,79.1,100,89,79.1,89,100,79.1,70.19,89,79.1,89,79.1
8613,0.184682056838,96,5,1,0,79.1,100,89,79.1,89,100,79.1,70.19,89,79.1,89,79.1
8614,0.184657054755,97,4,1,0,79.1,100,89,79.1,89,100,79.1,70.19,89,79.1,89,79.1
8615,0.184632052671,98,3,1,0,79.1,100,89,79.1,89,100,79.1,70.19,89,79.1,89,79.1
8616,0.184607050588,98,3,1,0,79.1,100,89,79.1,89,100,79.1,70.19,89,79.1,89,79.1
8617,0.184582048504,96,5,1,0,79.1,100,89,79.1,89,100,79.1,70.19,89,79.1,89,79.1
8618,0.184557046421,98,3,1,0,79.1,100,89,79.1,89,100,79.1,70.19,89,79.1,89,79.1
8619,0.184532044337,98,3,1,0,79.1,100,89,79.1,89,100,79.1,70.19,89,79.1,89,79.1
8620,0.184507042254,98,3,1,0,79.1,100,89,79.1,89,100,79.1,70.19,89,79.1,89,79.1
8621,0.18448204017,98,3,1,0,79.1,100,89,79.1,89,100,79.1,70.19,89,79.1,89,79.1
8622,0.184457038087,98,3,1,0,79.1,100,89,79.1,89,100,79.1,70.19,89,79.1,89,79.1
8623,0.184432036003,92,9,1,0,79.1,100,89,79.1,89,100,79.1,70.19,89,79.1,89,79.1
8624,0.184407033919,92,9,1,0,79.1,100,89,79.1,89,100,79.1,70.19,89,79.1,89,79.1
8625,0.184382031836,98,3,1,0,79.1,100,89,79.1,89,100,79.1,70.19,89,79.1,89,79.1
8626,0.184357029752,98,3,1,0,79.1,100,89,79.1,89,100,79.1,70.19,89,79.1,89,79.1
8627,0.184332027669,98,3,1,0,79.1,100,89,79.1,89,100,79.1,70.19,89,79.1,89,79.1
8628,0.184307025585,98,3,1,0,79.1,100,89,79.1,89,100,79.1,70.19,89,79.1,89,79.1
8629,0.184282023502,97,4,1,0,79.1,100,89,79.1,89,100,79.1,70.19,89,79.1,89,79.1
8630,0.184257021418,98,3,1,0,79.1,100,89,79.1,89,100,79.1,70.19,89,79.1,89,79.1
8631,0.184232019335,98,3,1,0,79.1,100,89,79.1,89,100,79.1,70.19,89,79.1,89,79.1
8632,0.184207017251,96,5,1,0,79.1,100,89,79.1,89,100,79.1,70.19,89,79.1,89,79.1
8633,0.184182015168,98,3,1,0,79.1,100,89,79.1,89,100,79.1,70.19,89,79.1,89,79.1
8634,0.184157013084,98,3,1,0,79.1,100,89,79.1,89,100,79.1,70.19,89,79.1,89,79.1
8635,0.184132011001,98,3,1,0,79.1,100,89,79.1,89,100,79.1,70.19,89,79.1,89,79.1
8636,0.184107008917,98,3,1,0,79.1,100,89,79.1,89,100,79.1,70.19,89,79.1,89,79.1
8637,0.184082006834,98,3,1,0,79.1,100,89,79.1,89,100,79.1,70.19,89,79.1,89,79.1
8638,0.18405700475,98,3,1,0,79.1,100,89,79.1,89,100,79.1,70.19,89,79.1,89,79.1
8639,0.184032002667,98,3,1,0,79.1,100,89,79.1,89,100,79.1,70.19,89,79.1,89,79.1
8640,0.184007000583,95,6,1,0,79.1,100,89,79.1,89,100,79.1,70.19,89,79.1,89,79.1
8641,0.1839819985,98,3,1,0,79.1,100,89,79.1,89,100,79.1,70.19,89,79.1,89,79.1
8642,0.183956996416,98,3,1,0,79.1,100,89,79.1,89,100,79.1,70.19,89,79.1,89,79.1
8643,0.183931994333,93,8,1,0,79.1,100,89,79.1,89,100,79.1,70.19,89,79.1,89,79.1
8644,0.183906992249,98,3,1,0,79.1,100,89,79.1,89,100,79.1,70.19,89,79.1,89,79.1
8645,0.183881990166,98,3,1,0,79.1,100,89,79.1,89,100,79.1,70.19,89,79.1,89,79.1
8646,0.183856988082,98,3,1,0,79.1,100,89,79.1,89,100,79.1,70.19,89,79.1,89,79.1
8647,0.183831985999,96,5,1,0,79.1,100,89,79.1,89,100,79.1,70.19,89,79.1,89,79.1
8648,0.183806983915,98,3,1,0,79.1,100,89,79.1,89,100,79.1,70.19,89,79.1,89,79.1
8649,0.183781981832,98,3,1,0,79.1,100,89,79.1,89,100,79.1,70.19,89,79.1,89,79.1
8650,0.183756979748,98,3,1,0,79.1,100,89,79.1,89,100,79.1,70.19,89,79.1,89,79.1
8651,0.183731977665,96,5,1,0,79.1,100,89,79.1,89,100,79.1,70.19,89,79.1,89,79.1
8652,0.183706975581,97,4,1,0,79.1,100,89,79.1,89,100,79.1,70.19,89,79.1,89,79.1
8653,0.183681973498,98,3,1,0,79.1,100,89,79.1,89,100,79.1,70.19,89,79.1,89,79.1
8654,0.183656971414,98,3,1,0,79.1,100,89,79.1,89,100,79.1,70.19,89,79.1,89,79.1
8655,0.183631969331,97,4,1,0,79.1,100,89,79.1,89,100,79.1,70.19,89,79.1,89,79.1
8656,0.183606967247,98,3,1,0,79.1,100,89,79.1,89,100,79.1,70.19,89,79.1,89,79.1
8657,0.183581965164,98,3,1,0,79.1,100,89,79.1,89,100,79.1,70.19,89,79.1,89,79.1
8658,0.18355696308,98,3,1,0,79.1,100,89,79.1,89,100,79.1,70.19,89,79.1,89,79.1
8659,0.183531960997,96,5,1,0,79.1,100,89,79.1,89,100,79.1,70.19,89,79.1,89,79.1
8660,0.183506958913,97,4,1,0,79.1,100,89,79.1,89,100,79.1,70.19,89,79.1,89,79.1
8661,0.18348195683,98,3,1,0,79.1,100,89,79.1,89,100,79.1,70.19,89,79.1,89,79.1
8662,0.183456954746,98,3,1,0,79.1,100,89,79.1,89,100,79.1,70.19,89,79.1,89,79.1
8663,0.183431952663,98,3,1,0,79.1,100,89,79.1,89,100,79.1,70.19,89,79.1,89,79.1
8664,0.183406950579,98,3,1,0,79.1,100,89,79.1,89,100,79.1,70.19,89,79.1,89,79.1
8665,0.183381948496,98,3,1,0,79.1,100,89,79.1,89,100,79.1,70.19,89,79.1,89,79.1
8666,0.183356946412,95,6,1,0,79.1,100,89,79.1,89,100,79.1,70.19,89,79.1,89,79.1
8667,0.183331944329,98,3,1,0,79.1,100,89,79.1,89,100,79.1,70.19,89,79.1,89,79.1
8668,0.183306942245,98,3,1,0,79.1,100,89,79.1,89,100,79.1,70.19,89,79.1,89,79.1
8669,0.183281940162,98,3,1,0,79.1,100,89,79.1,89,100,79.1,70.19,89,79.1,89,79.1
8670,0.183256938078,98,3,1,0,79.1,100,89,79.1,89,100,79.1,70.19,89,79.1,89,79.1
8671,0.183231935995,98,3,1,0,79.1,100,89,79.1,89,100,79.1,70.19,89,79.1,89,79.1
8672,0.183206933911,96,5,1,0,79.1,100,89,79.1,89,100,79.1,70.19,89,79.1,89,79.1
8673,0.183181931828,98,3,1,0,79.1,100,89,79.1,89,100,79.1,70.19,89,79.1,89,79.1
8674,0.183156929744,98,3,1,0,79.1,100,89,79.1,89,100,79.1,70.19,89,79.1,89,79.1
8675,0.183131927661,98,3,1,0,79.1,100,89,79.1,89,100,79.1,70.19,89,79.1,89,79.1
8676,0.183106925577,98,3,1,0,79.1,100,89,79.1,89,100,79.1,70.19,89,79.1,89,79.1
8677,0.183081923494,94,7,1,0,79.1,100,89,79.1,89,100,79.1,70.19,89,79.1,89,79.1
8678,0.18305692141,98,3,1,0,79.1,100,89,79.1,89,100,79.1,70.19,89,79.1,89,79.1
8679,0.183031919327,98,3,1,0,79.1,100,89,79.1,89,100,79.1,70.19,89,79.1,89,79.1
8680,0.183006917243,98,3,1,0,79.1,100,89,79.1,89,100,79.1,70.19,89,79.1,89,79.1
8681,0.18298191516,98,3,1,0,79.1,100,89,79.1,89,100,79.1,70.19,89,79.1,89,79.1
8682,0.182956913076,98,3,1,0,79.1,100,89,79.1,89,100,79.1,70.19,89,79.1,89,79.1
8683,0.182931910993,95,6,1,0,79.1,100,89,79.1,89,100,79.1,70.19,89,79.1,89,79.1
8684,0.182906908909,98,3,1,0,79.1,100,89,79.1,89,100,79.1,70.19,89,79.1,89,79.1
8685,0.182881906826,98,3,1,0,79.1,100,89,79.1,89,100,79.1,70.19,89,79.1,89,79.1
8686,0.182856904742,98,3,1,0,79.1,100,89,79.1,89,100,79.1,70.19,89,79.1,89,79.1
8687,0.182831902659,98,3,1,0,79.1,100,89,79.1,89,100,79.1,70.19,89,79.1,89,79.1
8688,0.182806900575,98,3,1,0,79.1,100,89,79.1,89,100,79.1,70.19,89,79.1,89,79.1
8689,0.182781898492,98,3,1,0,79.1,100,89,79.1,89,100,79.1,70.19,89,79.1,89,79.1
8690,0.182756896408,98,3,1,0,79.1,100,89,79.1,89,100,79.1,70.19,89,79.1,89,79.1
8691,0.182731894325,98,3,1,0,79.1,100,89,79.1,89,100,79.1,70.19,89,79.1,89,79.1
8692,0.182706892241,98,3,1,0,79.1,100,89,79.1,89,100,79.1,70.19,89,79.1,89,79.1
8693,0.182681890158,98,3,1,0,79.1,100,89,79.1,89,100,79.1,70.19,89,79.1,89,79.1
8694,0.182656888074,98,3,1,0,79.1,100,89,79.1,89,100,79.1,70.19,89,79.1,89,79.1
8695,0.18263188599,98,3,1,0,79.1,100,89,79.1,89,100,79.1,70.19,89,79.1,89,79.1
8696,0.182606883907,98,3,1,0,79.1,100,89,79.1,89,100,79.1,70.19,89,79.1,89,79.1
8697,0.182581881823,96,5,1,0,79.1,100,89,79.1,89,100,79.1,70.19,89,79.1,89,79.1
8698,0.18255687974,98,3,1,0,79.1,100,89,79.1,89,100,79.1,70.19,89,79.1,89,79.1
8699,0.182531877656,98,3,1,0,79.1,100,89,79.1,89,100,79.1,70.19,89,79.1,89,79.1
8700,0.182506875573,96,5,1,0,79.1,100,89,79.1,89,100,79.1,70.19,89,79.1,89,79.1
8701,0.182481873489,98,3,1,0,79.1,100,89,79.1,89,100,79.1,70.19,89,79.1,89,79.1
8702,0.182456871406,98,3,1,0,79.1,100,89,79.1,89,100,79.1,70.19,89,79.1,89,79.1
8703,0.182431869322,98,3,1,0,79.1,100,89,79.1,89,100,79.1,70.19,89,79.1,89,79.1
8704,0.182406867239,98,3,1,0,79.1,100,89,79.1,89,100,79.1,70.19,89,79.1,89,79.1
8705,0.182381865155,98,3,1,0,79.1,100,89,79.1,89,100,79.1,70.19,89,79.1,89,79.1
8706,0.182356863072,98,3,1,0,79.1,100,89,79.1,89,100,79.1,70.19,89,79.1,89,79.1
8707,0.182331860988,98,3,1,0,79.1,100,89,79.1,89,100,79.1,70.19,89,79.1,89,79.1
8708,0.182306858905,98,3,1,0,79.1,100,89,79.1,89,100,79.1,70.19,89,79.1,89,79.1
8709,0.182281856821,98,3,1,0,79.1,100,89,79.1,89,100,79.1,70.19,89,79.1,89,79.1
8710,0.182256854738,98,3,1,0,79.1,100,89,79.1,89,100,79.1,70.19,89,79.1,89,79.1
8711,0.182231852654,98,3,1,0,79.1,100,89,79.1,89,100,79.1,70.19,89,79.1,89,79.1
8712,0.182206850571,97,4,1,0,79.1,100,89,79.1,89,100,79.1,70.19,89,79.1,89,79.1
8713,0.182181848487,97,4,1,0,79.1,100,89,79.1,89,100,79.1,70.19,89,79.1,89,79.1
8714,0.182156846404,97,4,1,0,79.1,100,89,79.1,89,100,79.1,70.19,89,79.1,89,79.1
8715,0.18213184432,98,3,1,0,79.1,100,89,79.1,89,100,79.1,70.19,89,79.1,89,79.1
8716,0.182106842237,98,3,1,0,79.1,100,89,79.1,89,100,79.1,70.19,89,79.1,89,79.1
8717,0.182081840153,98,3,1,0,79.1,100,89,79.1,89,100,79.1,70.19,89,79.1,89,79.1
8718,0.18205683807,96,5,1,0,79.1,100,89,79.1,89,100,79.1,70.19,89,79.1,89,79.1
8719,0.182031835986,98,3,1,0,79.1,100,89,79.1,89,100,79.1,70.19,89,79.1,89,79.1
8720,0.182006833903,98,3,1,0,79.1,100,89,79.1,89,100,79.1,70.19,89,79.1,89,79.1
8721,0.181981831819,98,3,1,0,79.1,100,89,79.1,89,100,79.1,70.19,89,79.1,89,79.1
8722,0.181956829736,98,3,1,0,79.1,100,89,79.1,89,100,79.1,70.19,89,79.1,89,79.1
8723,0.181931827652,97,4,1,0,79.1,100,89,79.1,89,100,79.1,70.19,89,79.1,89,79.1
8724,0.181906825569,98,3,1,0,79.1,100,89,79.1,89,100,79.1,70.19,89,79.1,89,79.1
8725,0.181881823485,97,4,1,0,79.1,100,89,79.1,89,100,79.1,70.19,89,79.1,89,79.1
8726,0.181856821402,98,3,1,0,79.1,100,89,79.1,89,100,79.1,70.19,89,79.1,89,79.1
8727,0.181831819318,98,3,1,0,79.1,100,89,79.1,89,100,79.1,70.19,89,79.1,89,79.1
8728,0.181806817235,98,3,1,0,79.1,100,89,79.1,89,100,79.1,70.19,89,79.1,89,79.1
8729,0.181781815151,98,3,1,0,79.1,100,89,79.1,89,100,79.1,70.19,89,79.1,89,79.1
8730,0.181756813068,98,3,1,0,79.1,100,89,79.1,89,100,79.1,70.19,89,79.1,89,79.1
8731,0.181731810984,96,5,1,0,79.1,100,89,79.1,89,100,79.1,70.19,89,79.1,89,79.1
8732,0.181706808901,98,3,1,0,79.1,100,89,79.1,89,100,79.1,70.19,89,79.1,89,79.1
8733,0.181681806817,95,6,1,0,79.1,100,89,79.1,89,100,79.1,70.19,89,79.1,89,79.1
8734,0.181656804734,97,4,1,0,79.1,100,89,79.1,89,100,79.1,70.19,89,79.1,89,79.1
8735,0.18163180265,98,3,1,0,79.1,100,89,79.1,89,100,79.1,70.19,89,79.1,89,79.1
8736,0.181606800567,98,3,1,0,79.1,100,89,79.1,89,100,79.1,70.19,89,79.1,89,79.1
8737,0.181581798483,98,3,1,0,79.1,100,89,79.1,89,100,79.1,70.19,89,79.1,89,79.1
8738,0.1815567964,98,3,1,0,79.1,100,89,79.1,89,100,79.1,70.19,89,79.1,89,79.1
8739,0.181531794316,98,3,1,0,79.1,100,89,79.1,89,100,79.1,70.19,89,79.1,89,79.1
8740,0.181506792233,98,3,1,0,79.1,100,89,79.1,89,100,79.1,70.19,89,79.1,89,79.1
8741,0.181481790149,98,3,1,0,79.1,100,89,79.1,89,100,79.1,70.19,89,79.1,89,79.1
8742,0.181456788066,98,3,1,0,79.1,100,89,79.1,89,100,79.1,70.19,89,79.1,89,79.1
8743,0.181431785982,98,3,1,0,79.1,100,89,79.1,89,100,79.1,70.19,89,79.1,89,79.1
8744,0.181406783899,97,4,1,0,79.1,100,89,79.1,89,100,79.1,70.19,89,79.1,89,79.1
8745,0.181381781815,98,3,1,0,79.1,100,89,79.1,89,100,79.1,70.19,89,79.1,89,79.1
8746,0.181356779732,98,3,1,0,79.1,100,89,79.1,89,100,79.1,70.19,89,79.1,89,79.1
8747,0.181331777648,98,3,1,0,79.1,100,89,79.1,89,100,79.1,70.19,89,79.1,89,79.1
8748,0.181306775565,98,3,1,0,79.1,100,89,79.1,89,100,79.1,70.19,89,79.1,89,79.1
8749,0.181281773481,98,3,1,0,79.1,100,89,79.1,89,100,79.1,70.19,89,79.1,89,79.1
8750,0.181256771398,98,3,1,0,79.1,100,89,79.1,89,100,79.1,70.19,89,79.1,89,79.1
8751,0.181231769314,98,3,1,0,79.1,100,89,79.1,89,100,79.1,70.19,89,79.1,89,79.1
8752,0.181206767231,98,3,1,0,79.1,100,89,79.1,89,100,79.1,70.19,89,79.1,89,79.1
8753,0.181181765147,98,3,1,0,79.1,100,89,79.1,89,100,79.1,70.19,89,79.1,89,79.1
8754,0.181156763064,98,3,1,0,79.1,100,89,79.1,89,100,79.1,70.19,89,79.1,89,79.1
8755,0.18113176098,98,3,1,0,79.1,100,89,79.1,89,100,79.1,70.19,89,79.1,89,79.1
8756,0.181106758897,95,6,1,0,79.1,100,89,79.1,89,100,79.1,70.19,89,79.1,89,79.1
8757,0.181081756813,97,4,1,0,79.1,100,89,79.1,89,100,79.1,70.19,89,79.1,89,79.1
8758,0.18105675473,98,3,1,0,79.1,100,89,79.1,89,100,79.1,70.19,89,79.1,89,79.1
8759,0.181031752646,98,3,1,0,79.1,100,89,79.1,89,100,79.1,70.19,89,79.1,89,79.1
8760,0.181006750563,98,3,1,0,79.1,100,89,79.1,89,100,79.1,70.19,89,79.1,89,79.1
8761,0.180981748479,98,3,1,0,79.1,100,89,79.1,89,100,79.1,70.19,89,79.1,89,79.1
8762,0.180956746396,98,3,1,0,79.1,100,89,79.1,89,100,79.1,70.19,89,79.1,89,79.1
8763,0.180931744312,98,3,1,0,79.1,100,89,79.1,89,100,79.1,70.19,89,79.1,89,79.1
8764,0.180906742229,96,5,1,0,79.1,100,89,79.1,89,100,79.1,70.19,89,79.1,89,79.1
8765,0.180881740145,98,3,1,0,79.1,100,89,79.1,89,100,79.1,70.19,89,79.1,89,79.1
8766,0.180856738062,98,3,1,0,79.1,100,89,79.1,89,100,79.1,70.19,89,79.1,89,79.1
8767,0.180831735978,96,5,1,0,79.1,100,89,79.1,89,100,79.1,70.19,89,79.1,89,79.1
8768,0.180806733894,97,4,1,0,79.1,100,89,79.1,89,100,79.1,70.19,89,79.1,89,79.1
8769,0.180781731811,98,3,1,0,79.1,100,89,79.1,89,100,79.1,70.19,89,79.1,89,79.1
8770,0.180756729727,98,3,1,0,79.1,100,89,79.1,89,100,79.1,70.19,89,79.1,89,79.1
8771,0.180731727644,95,6,1,0,79.1,100,89,79.1,89,100,79.1,70.19,89,79.1,89,79.1
8772,0.18070672556,98,3,1,0,79.1,100,89,79.1,89,100,79.1,70.19,89,79.1,89,79.1
8773,0.180681723477,98,3,1,0,79.1,100,89,79.1,89,100,79.1,70.19,89,79.1,89,79.1
8774,0.180656721393,98,3,1,0,79.1,100,89,79.1,89,100,79.1,70.19,89,79.1,89,79.1
8775,0.18063171931,98,3,1,0,79.1,100,89,79.1,89,100,79.1,70.19,89,79.1,89,79.1
8776,0.180606717226,98,3,1,0,79.1,100,89,79.1,89,100,79.1,70.19,89,79.1,89,79.1
8777,0.180581715143,96,5,1,0,79.1,100,89,79.1,89,100,79.1,70.19,89,79.1,89,79.1
8778,0.180556713059,97,4,1,0,79.1,100,89,79.1,89,100,79.1,70.19,89,79.1,89,79.1
8779,0.180531710976,98,3,1,0,79.1,100,89,79.1,89,100,79.1,70.19,89,79.1,89,79.1
8780,0.180506708892,98,3,1,0,79.1,100,89,79.1,89,100,79.1,70.19,89,79.1,89,79.1
8781,0.180481706809,98,3,1,0,79.1,100,89,79.1,89,100,79.1,70.19,89,79.1,89,79.1
8782,0.180456704725,98,3,1,0,79.1,100,89,79.1,89,100,79.1,70.19,89,79.1,89,79.1
8783,0.180431702642,97,4,1,0,79.1,100,89,79.1,89,100,79.1,70.19,89,79.1,89,79.1
8784,0.180406700558,98,3,1,0,79.1,100,89,79.1,89,100,79.1,70.19,89,79.1,89,79.1
8785,0.180381698475,98,3,1,0,79.1,100,89,79.1,89,100,79.1,70.19,89,79.1,89,79.1
8786,0.180356696391,98,3,1,0,79.1,100,89,79.1,89,100,79.1,70.19,89,79.1,89,79.1
8787,0.180331694308,95,6,1,0,79.1,100,89,79.1,89,100,79.1,70.19,89,79.1,89,79.1
8788,0.180306692224,97,4,1,0,79.1,100,89,79.1,89,100,79.1,70.19,89,79.1,89,79.1
8789,0.180281690141,98,3,1,0,79.1,100,89,79.1,89,100,79.1,70.19,89,79.1,89,79.1
8790,0.180256688057,98,3,1,0,79.1,100,89,79.1,89,100,79.1,70.19,89,79.1,89,79.1
8791,0.180231685974,97,4,1,0,79.1,100,89,79.1,89,100,79.1,70.19,89,79.1,89,79.1
8792,0.18020668389,94,7,1,0,79.1,100,89,79.1,89,100,79.1,70.19,89,79.1,89,79.1
8793,0.180181681807,98,3,1,0,79.1,100,89,79.1,89,100,79.1,70.19,89,79.1,89,79.1
8794,0.180156679723,98,3,1,0,79.1,100,89,79.1,89,100,79.1,70.19,89,79.1,89,79.1
8795,0.18013167764,98,3,1,0,79.1,100,89,79.1,89,100,79.1,70.19,89,79.1,89,79.1
8796,0.180106675556,98,3,1,0,79.1,100,89,79.1,89,100,79.1,70.19,89,79.1,89,79.1
8797,0.180081673473,98,3,1,0,79.1,100,89,79.1,89,100,79.1,70.19,89,79.1,89,79.1
8798,0.180056671389,93,8,1,0,79.1,100,89,79.1,89,100,79.1,70.19,89,79.1,89,79.1
8799,0.180031669306,95,6,1,0,79.1,100,89,79.1,89,100,79.1,70.19,89,79.1,89,79.1
8800,0.180006667222,98,3,1,0,79.1,100,89,79.1,89,100,79.1,70.19,89,79.1,89,79.1
8801,0.179981665139,98,3,1,0,79.1,100,89,79.1,89,100,79.1,70.19,89,79.1,89,79.1
8802,0.179956663055,98,3,1,0,79.1,100,89,79.1,89,100,79.1,70.19,89,79.1,89,79.1
8803,0.179931660972,98,3,1,0,79.1,100,89,79.1,89,100,79.1,70.19,89,79.1,89,79.1
8804,0.179906658888,98,3,1,0,79.1,100,89,79.1,89,100,79.1,70.19,89,79.1,89,79.1
8805,0.179881656805,98,3,1,0,79.1,100,89,79.1,89,100,79.1,70.19,89,79.1,89,79.1
8806,0.179856654721,98,3,1,0,79.1,100,89,79.1,89,100,79.1,70.19,89,79.1,89,79.1
8807,0.179831652638,98,3,1,0,79.1,100,89,79.1,89,100,79.1,70.19,89,79.1,89,79.1
8808,0.179806650554,98,3,1,0,79.1,100,89,79.1,89,100,79.1,70.19,89,79.1,89,79.1
8809,0.179781648471,98,3,1,0,79.1,100,89,79.1,89,100,79.1,70.19,89,79.1,89,79.1
8810,0.179756646387,98,3,1,0,79.1,100,89,79.1,89,100,79.1,70.19,89,79.1,89,79.1
8811,0.179731644304,97,4,1,0,79.1,100,89,79.1,89,100,79.1,70.19,89,79.1,89,79.1
8812,0.17970664222,98,3,1,0,79.1,100,89,79.1,89,100,79.1,70.19,89,79.1,89,79.1
8813,0.179681640137,98,3,1,0,79.1,100,89,79.1,89,100,79.1,70.19,89,79.1,89,79.1
8814,0.179656638053,98,3,1,0,79.1,100,89,79.1,89,100,79.1,70.19,89,79.1,89,79.1
8815,0.17963163597,97,4,1,0,79.1,100,89,79.1,89,100,79.1,70.19,89,79.1,89,79.1
8816,0.179606633886,98,3,1,0,79.1,100,89,79.1,89,100,79.1,70.19,89,79.1,89,79.1
8817,0.179581631803,97,4,1,0,79.1,100,89,79.1,89,100,79.1,70.19,89,79.1,89,79.1
8818,0.179556629719,98,3,1,0,79.1,100,89,79.1,89,100,79.1,70.19,89,79.1,89,79.1
8819,0.179531627636,97,4,1,0,79.1,100,89,79.1,89,100,79.1,70.19,89,79.1,89,79.1
8820,0.179506625552,98,3,1,0,79.1,100,89,79.1,89,100,79.1,70.19,89,79.1,89,79.1
8821,0.179481623469,98,3,1,0,79.1,100,89,79.1,89,100,79.1,70.19,89,79.1,89,79.1
8822,0.179456621385,97,4,1,0,79.1,100,89,79.1,89,100,79.1,70.19,89,79.1,89,79.1
8823,0.179431619302,98,3,1,0,79.1,100,89,79.1,89,100,79.1,70.19,89,79.1,89,79.1
8824,0.179406617218,97,4,1,0,79.1,100,89,79.1,89,100,79.1,70.19,89,79.1,89,79.1
8825,0.179381615135,98,3,1,0,79.1,100,89,79.1,89,100,79.1,70.19,89,79.1,89,79.1
8826,0.179356613051,98,3,1,0,79.1,100,89,79.1,89,100,79.1,70.19,89,79.1,89,79.1
8827,0.179331610968,96,5,1,0,79.1,100,89,79.1,89,100,79.1,70.19,89,79.1,89,79.1
8828,0.179306608884,98,3,1,0,79.1,100,89,79.1,89,100,79.1,70.19,89,79.1,89,79.1
8829,0.179281606801,98,3,1,0,79.1,100,89,79.1,89,100,79.1,70.19,89,79.1,89,79.1
8830,0.179256604717,98,3,1,0,79.1,100,89,79.1,89,100,79.1,70.19,89,79.1,89,79.1
8831,0.179231602634,98,3,1,0,79.1,100,89,79.1,89,100,79.1,70.19,89,79.1,89,79.1
8832,0.17920660055,98,3,1,0,79.1,100,89,79.1,89,100,79.1,70.19,89,79.1,89,79.1
8833,0.179181598467,98,3,1,0,79.1,100,89,79.1,89,100,79.1,70.19,89,79.1,89,79.1
8834,0.179156596383,98,3,1,0,79.1,100,89,79.1,89,100,79.1,70.19,89,79.1,89,79.1
8835,0.1791315943,98,3,1,0,79.1,100,89,79.1,89,100,79.1,70.19,89,79.1,89,79.1
8836,0.179106592216,98,3,1,0,79.1,100,89,79.1,89,100,79.1,70.19,89,79.1,89,79.1
8837,0.179081590133,98,3,1,0,79.1,100,89,79.1,89,100,79.1,70.19,89,79.1,89,79.1
8838,0.179056588049,96,5,1,0,79.1,100,89,79.1,89,100,79.1,70.19,89,79.1,89,79.1
8839,0.179031585965,98,3,1,0,79.1,100,89,79.1,89,100,79.1,70.19,89,79.1,89,79.1
8840,0.179006583882,97,4,1,0,79.1,100,89,79.1,89,100,79.1,70.19,89,79.1,89,79.1
8841,0.178981581798,98,3,1,0,79.1,100,89,79.1,89,100,79.1,70.19,89,79.1,89,79.1
8842,0.178956579715,98,3,1,0,79.1,100,89,79.1,89,100,79.1,70.19,89,79.1,89,79.1
8843,0.178931577631,98,3,1,0,79.1,100,89,79.1,89,100,79.1,70.19,89,79.1,89,79.1
8844,0.178906575548,98,3,1,0,79.1,100,89,79.1,89,100,79.1,70.19,89,79.1,89,79.1
8845,0.178881573464,98,3,1,0,79.1,100,89,79.1,89,100,79.1,70.19,89,79.1,89,79.1
8846,0.178856571381,97,4,1,0,79.1,100,89,79.1,89,100,79.1,70.19,89,79.1,89,79.1
8847,0.178831569297,98,3,1,0,79.1,100,89,79.1,89,100,79.1,70.19,89,79.1,89,79.1
8848,0.178806567214,98,3,1,0,79.1,100,89,79.1,89,100,79.1,70.19,89,79.1,89,79.1
8849,0.17878156513,98,3,1,0,79.1,100,89,79.1,89,100,79.1,70.19,89,79.1,89,79.1
8850,0.178756563047,98,3,1,0,79.1,100,89,79.1,89,100,79.1,70.19,89,79.1,89,79.1
8851,0.178731560963,98,3,1,0,79.1,100,89,79.1,89,100,79.1,70.19,89,79.1,89,79.1
8852,0.17870655888,96,5,1,0,79.1,100,89,79.1,89,100,79.1,70.19,89,79.1,89,79.1
8853,0.178681556796,98,3,1,0,79.1,100,89,79.1,89,100,79.1,70.19,89,79.1,89,79.1
8854,0.178656554713,97,4,1,0,79.1,100,89,79.1,89,100,79.1,70.19,89,79.1,89,79.1
8855,0.178631552629,98,3,1,0,79.1,100,89,79.1,89,100,79.1,70.19,89,79.1,89,79.1
8856,0.178606550546,96,5,1,0,79.1,100,89,79.1,89,100,79.1,70.19,89,79.1,89,79.1
8857,0.178581548462,98,3,1,0,79.1,100,89,79.1,89,100,79.1,70.19,89,79.1,89,79.1
8858,0.178556546379,98,3,1,0,79.1,100,89,79.1,89,100,79.1,70.19,89,79.1,89,79.1
8859,0.178531544295,98,3,1,0,79.1,100,89,79.1,89,100,79.1,70.19,89,79.1,89,79.1
8860,0.178506542212,98,3,1,0,79.1,100,89,79.1,89,100,79.1,70.19,89,79.1,89,79.1
8861,0.178481540128,98,3,1,0,79.1,100,89,79.1,89,100,79.1,70.19,89,79.1,89,79.1
8862,0.178456538045,95,6,1,0,79.1,100,89,79.1,89,100,79.1,70.19,89,79.1,89,79.1
8863,0.178431535961,98,3,1,0,79.1,100,89,79.1,89,100,79.1,70.19,89,79.1,89,79.1
8864,0.178406533878,97,4,1,0,79.1,100,89,79.1,89,100,79.1,70.19,89,79.1,89,79.1
8865,0.178381531794,98,3,1,0,79.1,100,89,79.1,89,100,79.1,70.19,89,79.1,89,79.1
8866,0.178356529711,96,5,1,0,79.1,100,89,79.1,89,100,79.1,70.19,89,79.1,89,79.1
8867,0.178331527627,98,3,1,0,79.1,100,89,79.1,89,100,79.1,70.19,89,79.1,89,79.1
8868,0.178306525544,98,3,1,0,79.1,100,89,79.1,89,100,79.1,70.19,89,79.1,89,79.1
8869,0.17828152346,98,3,1,0,79.1,100,89,79.1,89,100,79.1,70.19,89,79.1,89,79.1
8870,0.178256521377,96,5,1,0,79.1,100,89,79.1,89,100,79.1,70.19,89,79.1,89,79.1
8871,0.178231519293,98,3,1,0,79.1,100,89,79.1,89,100,79.1,70.19,89,79.1,89,79.1
8872,0.17820651721,98,3,1,0,79.1,100,89,79.1,89,100,79.1,70.19,89,79.1,89,79.1
8873,0.178181515126,97,4,1,0,79.1,100,89,79.1,89,100,79.1,70.19,89,79.1,89,79.1
8874,0.178156513043,95,6,1,0,79.1,100,89,79.1,89,100,79.1,70.19,89,79.1,89,79.1
8875,0.178131510959,98,3,1,0,79.1,100,89,79.1,89,100,79.1,70.19,89,79.1,89,79.1
8876,0.178106508876,98,3,1,0,79.1,100,89,79.1,89,100,79.1,70.19,89,79.1,89,79.1
8877,0.178081506792,98,3,1,0,79.1,100,89,79.1,89,100,79.1,70.19,89,79.1,89,79.1
8878,0.178056504709,98,3,1,0,79.1,100,89,79.1,89,100,79.1,70.19,89,79.1,89,79.1
8879,0.178031502625,98,3,1,0,79.1,100,89,79.1,89,100,79.1,70.19,89,79.1,89,79.1
8880,0.178006500542,98,3,1,0,79.1,100,89,79.1,89,100,79.1,70.19,89,79.1,89,79.1
8881,0.177981498458,98,3,1,0,79.1,100,89,79.1,89,100,79.1,70.19,89,79.1,89,79.1
8882,0.177956496375,98,3,1,0,79.1,100,89,79.1,89,100,79.1,70.19,89,79.1,89,79.1
8883,0.177931494291,98,3,1,0,79.1,100,89,79.1,89,100,79.1,70.19,89,79.1,89,79.1
8884,0.177906492208,97,4,1,0,79.1,100,89,79.1,89,100,79.1,70.19,89,79.1,89,79.1
8885,0.177881490124,98,3,1,0,79.1,100,89,79.1,89,100,79.1,70.19,89,79.1,89,79.1
8886,0.177856488041,98,3,1,0,79.1,100,89,79.1,89,100,79.1,70.19,89,79.1,89,79.1
8887,0.177831485957,98,3,1,0,79.1,100,89,79.1,89,100,79.1,70.19,89,79.1,89,79.1
8888,0.177806483874,98,3,1,0,79.1,100,89,79.1,89,100,79.1,70.19,89,79.1,89,79.1
8889,0.17778148179,98,3,1,0,79.1,100,89,79.1,89,100,79.1,70.19,89,79.1,89,79.1
8890,0.177756479707,94,7,1,0,79.1,100,89,79.1,89,100,79.1,70.19,89,79.1,89,79.1
8891,0.177731477623,96,5,1,0,79.1,100,89,79.1,89,100,79.1,70.19,89,79.1,89,79.1
8892,0.17770647554,98,3,1,0,79.1,100,89,79.1,89,100,79.1,70.19,89,79.1,89,79.1
8893,0.177681473456,98,3,1,0,79.1,100,89,79.1,89,100,79.1,70.19,89,79.1,89,79.1
8894,0.177656471373,98,3,1,0,79.1,100,89,79.1,89,100,79.1,70.19,89,79.1,89,79.1
8895,0.177631469289,98,3,1,0,79.1,100,89,79.1,89,100,79.1,70.19,89,79.1,89,79.1
8896,0.177606467206,98,3,1,0,79.1,100,89,79.1,89,100,79.1,70.19,89,79.1,89,79.1
8897,0.177581465122,98,3,1,0,79.1,100,89,79.1,89,100,79.1,70.19,89,79.1,89,79.1
8898,0.177556463039,98,3,1,0,79.1,100,89,79.1,89,100,79.1,70.19,89,79.1,89,79.1
8899,0.177531460955,98,3,1,0,79.1,100,89,79.1,89,100,79.1,70.19,89,79.1,89,79.1
8900,0.177506458872,96,5,1,0,79.1,100,89,79.1,89,100,79.1,70.19,89,79.1,89,79.1
8901,0.177481456788,98,3,1,0,79.1,100,89,79.1,89,100,79.1,70.19,89,79.1,89,79.1
8902,0.177456454705,98,3,1,0,79.1,100,89,79.1,89,100,79.1,70.19,89,79.1,89,79.1
8903,0.177431452621,98,3,1,0,79.1,100,89,79.1,89,100,79.1,70.19,89,79.1,89,79.1
8904,0.177406450538,98,3,1,0,79.1,100,89,79.1,89,100,79.1,70.19,89,79.1,89,79.1
8905,0.177381448454,98,3,1,0,79.1,100,89,79.1,89,100,79.1,70.19,89,79.1,89,79.1
8906,0.177356446371,98,3,1,0,79.1,100,89,79.1,89,100,79.1,70.19,89,79.1,89,79.1
8907,0.177331444287,98,3,1,0,79.1,100,89,79.1,89,100,79.1,70.19,89,79.1,89,79.1
8908,0.177306442204,98,3,1,0,79.1,100,89,79.1,89,100,79.1,70.19,89,79.1,89,79.1
8909,0.17728144012,98,3,1,0,79.1,100,89,79.1,89,100,79.1,70.19,89,79.1,89,79.1
8910,0.177256438037,97,4,1,0,79.1,100,89,79.1,89,100,79.1,70.19,89,79.1,89,79.1
8911,0.177231435953,96,5,1,0,79.1,100,89,79.1,89,100,79.1,70.19,89,79.1,89,79.1
8912,0.177206433869,98,3,1,0,79.1,100,89,79.1,89,100,79.1,70.19,89,79.1,89,79.1
8913,0.177181431786,98,3,1,0,79.1,100,89,79.1,89,100,79.1,70.19,89,79.1,89,79.1
8914,0.177156429702,98,3,1,0,79.1,100,89,79.1,89,100,79.1,70.19,89,79.1,89,79.1
8915,0.177131427619,98,3,1,0,79.1,100,89,79.1,89,100,79.1,70.19,89,79.1,89,79.1
8916,0.177106425535,98,3,1,0,79.1,100,89,79.1,89,100,79.1,70.19,89,79.1,89,79.1
8917,0.177081423452,98,3,1,0,79.1,100,89,79.1,89,100,79.1,70.19,89,79.1,89,79.1
8918,0.177056421368,98,3,1,0,79.1,100,89,79.1,89,100,79.1,70.19,89,79.1,89,79.1
8919,0.177031419285,97,4,1,0,79.1,100,89,79.1,89,100,79.1,70.19,89,79.1,89,79.1
8920,0.177006417201,98,3,1,0,79.1,100,89,79.1,89,100,79.1,70.19,89,79.1,89,79.1
8921,0.176981415118,96,5,1,0,79.1,100,89,79.1,89,100,79.1,70.19,89,79.1,89,79.1
8922,0.176956413034,98,3,1,0,79.1,100,89,79.1,89,100,79.1,70.19,89,79.1,89,79.1
8923,0.176931410951,97,4,1,0,79.1,100,89,79.1,89,100,79.1,70.19,89,79.1,89,79.1
8924,0.176906408867,97,4,1,0,79.1,100,89,79.1,89,100,79.1,70.19,89,79.1,89,79.1
8925,0.176881406784,98,3,1,0,79.1,100,89,79.1,89,100,79.1,70.19,89,79.1,89,79.1
8926,0.1768564047,98,3,1,0,79.1,100,89,79.1,89,100,79.1,70.19,89,79.1,89,79.1
8927,0.176831402617,98,3,1,0,79.1,100,89,79.1,89,100,79.1,70.19,89,79.1,89,79.1
8928,0.176806400533,98,3,1,0,79.1,100,89,79.1,89,100,79.1,70.19,89,79.1,89,79.1
8929,0.17678139845,98,3,1,0,79.1,100,89,79.1,89,100,79.1,70.19,89,79.1,89,79.1
8930,0.176756396366,98,3,1,0,79.1,100,89,79.1,89,100,79.1,70.19,89,79.1,89,79.1
8931,0.176731394283,98,3,1,0,79.1,100,89,79.1,89,100,79.1,70.19,89,79.1,89,79.1
8932,0.176706392199,96,5,1,0,79.1,100,89,79.1,89,100,79.1,70.19,89,79.1,89,79.1
8933,0.176681390116,97,4,1,0,79.1,100,89,79.1,89,100,79.1,70.19,89,79.1,89,79.1
8934,0.176656388032,98,3,1,0,79.1,100,89,79.1,89,100,79.1,70.19,89,79.1,89,79.1
8935,0.176631385949,98,3,1,0,79.1,100,89,79.1,89,100,79.1,70.19,89,79.1,89,79.1
8936,0.176606383865,98,3,1,0,79.1,100,89,79.1,89,100,79.1,70.19,89,79.1,89,79.1
8937,0.176581381782,98,3,1,0,79.1,100,89,79.1,89,100,79.1,70.19,89,79.1,89,79.1
8938,0.176556379698,95,6,1,0,79.1,100,89,79.1,89,100,79.1,70.19,89,79.1,89,79.1
8939,0.176531377615,96,5,1,0,79.1,100,89,79.1,89,100,79.1,70.19,89,79.1,89,79.1
8940,0.176506375531,97,4,1,0,79.1,100,89,79.1,89,100,79.1,70.19,89,79.1,89,79.1
8941,0.176481373448,97,4,1,0,79.1,100,89,79.1,89,100,79.1,70.19,89,79.1,89,79.1
8942,0.176456371364,98,3,1,0,79.1,100,89,79.1,89,100,79.1,70.19,89,79.1,89,79.1
8943,0.176431369281,98,3,1,0,79.1,100,89,79.1,89,100,79.1,70.19,89,79.1,89,79.1
8944,0.176406367197,98,3,1,0,79.1,100,89,79.1,89,100,79.1,70.19,89,79.1,89,79.1
8945,0.176381365114,98,3,1,0,79.1,100,89,79.1,89,100,79.1,70.19,89,79.1,89,79.1
8946,0.17635636303,96,5,1,0,79.1,100,89,79.1,89,100,79.1,70.19,89,79.1,89,79.1
8947,0.176331360947,98,3,1,0,79.1,100,89,79.1,89,100,79.1,70.19,89,79.1,89,79.1
8948,0.176306358863,98,3,1,0,79.1,100,89,79.1,89,100,79.1,70.19,89,79.1,89,79.1
8949,0.17628135678,98,3,1,0,79.1,100,89,79.1,89,100,79.1,70.19,89,79.1,89,79.1
8950,0.176256354696,98,3,1,0,79.1,100,89,79.1,89,100,79.1,70.19,89,79.1,89,79.1
8951,0.176231352613,98,3,1,0,79.1,100,89,79.1,89,100,79.1,70.19,89,79.1,89,79.1
8952,0.176206350529,98,3,1,0,79.1,100,89,79.1,89,100,79.1,70.19,89,79.1,89,79.1
8953,0.176181348446,98,3,1,0,79.1,100,89,79.1,89,100,79.1,70.19,89,79.1,89,79.1
8954,0.176156346362,98,3,1,0,79.1,100,89,79.1,89,100,79.1,70.19,89,79.1,89,79.1
8955,0.176131344279,96,5,1,0,79.1,100,89,79.1,89,100,79.1,70.19,89,79.1,89,79.1
8956,0.176106342195,94,7,1,0,79.1,100,89,79.1,89,100,79.1,70.19,89,79.1,89,79.1
8957,0.176081340112,98,3,1,0,79.1,100,89,79.1,89,100,79.1,70.19,89,79.1,89,79.1
8958,0.176056338028,98,3,1,0,79.1,100,89,79.1,89,100,79.1,70.19,89,79.1,89,79.1
8959,0.176031335945,98,3,1,0,79.1,100,89,79.1,89,100,79.1,70.19,89,79.1,89,79.1
8960,0.176006333861,98,3,1,0,79.1,100,89,79.1,89,100,79.1,70.19,89,79.1,89,79.1
8961,0.175981331778,96,5,1,0,79.1,100,89,79.1,89,100,79.1,70.19,89,79.1,89,79.1
8962,0.175956329694,98,3,1,0,79.1,100,89,79.1,89,100,79.1,70.19,89,79.1,89,79.1
8963,0.175931327611,98,3,1,0,79.1,100,89,79.1,89,100,79.1,70.19,89,79.1,89,79.1
8964,0.175906325527,98,3,1,0,79.1,100,89,79.1,89,100,79.1,70.19,89,79.1,89,79.1
8965,0.175881323444,98,3,1,0,79.1,100,89,79.1,89,100,79.1,70.19,89,79.1,89,79.1
8966,0.17585632136,97,4,1,0,79.1,100,89,79.1,89,100,79.1,70.19,89,79.1,89,79.1
8967,0.175831319277,96,5,1,0,79.1,100,89,79.1,89,100,79.1,70.19,89,79.1,89,79.1
8968,0.175806317193,98,3,1,0,79.1,100,89,79.1,89,100,79.1,70.19,89,79.1,89,79.1
8969,0.17578131511,95,6,1,0,79.1,100,89,79.1,89,100,79.1,70.19,89,79.1,89,79.1
8970,0.175756313026,98,3,1,0,79.1,100,89,79.1,89,100,79.1,70.19,89,79.1,89,79.1
8971,0.175731310943,98,3,1,0,79.1,100,89,79.1,89,100,79.1,70.19,89,79.1,89,79.1
8972,0.175706308859,98,3,1,0,79.1,100,89,79.1,89,100,79.1,70.19,89,79.1,89,79.1
8973,0.175681306776,98,3,1,0,79.1,100,89,79.1,89,100,79.1,70.19,89,79.1,89,79.1
8974,0.175656304692,98,3,1,0,79.1,100,89,79.1,89,100,79.1,70.19,89,79.1,89,79.1
8975,0.175631302609,98,3,1,0,79.1,100,89,79.1,89,100,79.1,70.19,89,79.1,89,79.1
8976,0.175606300525,98,3,1,0,79.1,100,89,79.1,89,100,79.1,70.19,89,79.1,89,79.1
8977,0.175581298442,98,3,1,0,79.1,100,89,79.1,89,100,79.1,70.19,89,79.1,89,79.1
8978,0.175556296358,98,3,1,0,79.1,100,89,79.1,89,100,79.1,70.19,89,79.1,89,79.1
8979,0.175531294275,93,8,1,0,79.1,100,89,79.1,89,100,79.1,70.19,89,79.1,89,79.1
8980,0.175506292191,98,3,1,0,79.1,100,89,79.1,89,100,79.1,70.19,89,79.1,89,79.1
8981,0.175481290108,98,3,1,0,79.1,100,89,79.1,89,100,79.1,70.19,89,79.1,89,79.1
8982,0.175456288024,98,3,1,0,79.1,100,89,79.1,89,100,79.1,70.19,89,79.1,89,79.1
8983,0.17543128594,98,3,1,0,79.1,100,89,79.1,89,100,79.1,70.19,89,79.1,89,79.1
8984,0.175406283857,98,3,1,0,79.1,100,89,79.1,89,100,79.1,70.19,89,79.1,89,79.1
8985,0.175381281773,98,3,1,0,79.1,100,89,79.1,89,100,79.1,70.19,89,79.1,89,79.1
8986,0.17535627969,95,6,1,0,79.1,100,89,79.1,89,100,79.1,70.19,89,79.1,89,79.1
8987,0.175331277606,98,3,1,0,79.1,100,89,79.1,89,100,79.1,70.19,89,79.1,89,79.1
8988,0.175306275523,98,3,1,0,79.1,100,89,79.1,89,100,79.1,70.19,89,79.1,89,79.1
8989,0.175281273439,98,3,1,0,79.1,100,89,79.1,89,100,79.1,70.19,89,79.1,89,79.1
8990,0.175256271356,96,5,1,0,79.1,100,89,79.1,89,100,79.1,70.19,89,79.1,89,79.1
8991,0.175231269272,98,3,1,0,79.1,100,89,79.1,89,100,79.1,70.19,89,79.1,89,79.1
8992,0.175206267189,98,3,1,0,79.1,100,89,79.1,89,100,79.1,70.19,89,79.1,89,79.1
8993,0.175181265105,98,3,1,0,79.1,100,89,79.1,89,100,79.1,70.19,89,79.1,89,79.1
8994,0.175156263022,98,3,1,0,79.1,100,89,79.1,89,100,79.1,70.19,89,79.1,89,79.1
8995,0.175131260938,96,5,1,0,79.1,100,89,79.1,89,100,79.1,70.19,89,79.1,89,79.1
8996,0.175106258855,98,3,1,0,79.1,100,89,79.1,89,100,79.1,70.19,89,79.1,89,79.1
8997,0.175081256771,98,3,1,0,79.1,100,89,79.1,89,100,79.1,70.19,89,79.1,89,79.1
8998,0.175056254688,98,3,1,0,79.1,100,89,79.1,89,100,79.1,70.19,89,79.1,89,79.1
8999,0.175031252604,98,3,1,0,79.1,100,89,79.1,89,100,79.1,70.19,89,79.1,89,79.1
9000,0.175006250521,97,4,1,0,79.1,100,89,79.1,89,100,79.1,70.19,89,79.1,89,79.1
9001,0.174981248437,98,3,1,0,79.1,100,89,79.1,89,100,79.1,70.19,89,79.1,89,79.1
9002,0.174956246354,98,3,1,0,79.1,100,89,79.1,89,100,79.1,70.19,89,79.1,89,79.1
9003,0.17493124427,96,5,1,0,79.1,100,89,79.1,89,100,79.1,70.19,89,79.1,89,79.1
9004,0.174906242187,98,3,1,0,79.1,100,89,79.1,89,100,79.1,70.19,89,79.1,89,79.1
9005,0.174881240103,98,3,1,0,79.1,100,89,79.1,89,100,79.1,70.19,89,79.1,89,79.1
9006,0.17485623802,98,3,1,0,79.1,100,89,79.1,89,100,79.1,70.19,89,79.1,89,79.1
9007,0.174831235936,98,3,1,0,79.1,100,89,79.1,89,100,79.1,70.19,89,79.1,89,79.1
9008,0.174806233853,98,3,1,0,79.1,100,89,79.1,89,100,79.1,70.19,89,79.1,89,79.1
9009,0.174781231769,97,4,1,0,79.1,100,89,79.1,89,100,79.1,70.19,89,79.1,89,79.1
9010,0.174756229686,98,3,1,0,79.1,100,89,79.1,89,100,79.1,70.19,89,79.1,89,79.1
9011,0.174731227602,98,3,1,0,79.1,100,89,79.1,89,100,79.1,70.19,89,79.1,89,79.1
9012,0.174706225519,98,3,1,0,79.1,100,89,79.1,89,100,79.1,70.19,89,79.1,89,79.1
9013,0.174681223435,94,7,1,0,79.1,100,89,79.1,89,100,79.1,70.19,89,79.1,89,79.1
9014,0.174656221352,98,3,1,0,79.1,100,89,79.1,89,100,79.1,70.19,89,79.1,89,79.1
9015,0.174631219268,98,3,1,0,79.1,100,89,79.1,89,100,79.1,70.19,89,79.1,89,79.1
9016,0.174606217185,98,3,1,0,79.1,100,89,79.1,89,100,79.1,70.19,89,79.1,89,79.1
9017,0.174581215101,98,3,1,0,79.1,100,89,79.1,89,100,79.1,70.19,89,79.1,89,79.1
9018,0.174556213018,98,3,1,0,79.1,100,89,79.1,89,100,79.1,70.19,89,79.1,89,79.1
9019,0.174531210934,98,3,1,0,79.1,100,89,79.1,89,100,79.1,70.19,89,79.1,89,79.1
9020,0.174506208851,96,5,1,0,79.1,100,89,79.1,89,100,79.1,70.19,89,79.1,89,79.1
9021,0.174481206767,98,3,1,0,79.1,100,89,79.1,89,100,79.1,70.19,89,79.1,89,79.1
9022,0.174456204684,98,3,1,0,79.1,100,89,79.1,89,100,79.1,70.19,89,79.1,89,79.1
9023,0.1744312026,96,5,1,0,79.1,100,89,79.1,89,100,79.1,70.19,89,79.1,89,79.1
9024,0.174406200517,97,4,1,0,79.1,100,89,79.1,89,100,79.1,70.19,89,79.1,89,79.1
9025,0.174381198433,98,3,1,0,79.1,100,89,79.1,89,100,79.1,70.19,89,79.1,89,79.1
9026,0.17435619635,97,4,1,0,79.1,100,89,79.1,89,100,79.1,70.19,89,79.1,89,79.1
9027,0.174331194266,96,5,1,0,79.1,100,89,79.1,89,100,79.1,70.19,89,79.1,89,79.1
9028,0.174306192183,98,3,1,0,79.1,100,89,79.1,89,100,79.1,70.19,89,79.1,89,79.1
9029,0.174281190099,97,4,1,0,79.1,100,89,79.1,89,100,79.1,70.19,89,79.1,89,79.1
9030,0.174256188016,98,3,1,0,79.1,100,89,79.1,89,100,79.1,70.19,89,79.1,89,79.1
9031,0.174231185932,96,5,1,0,79.1,100,89,79.1,89,100,79.1,70.19,89,79.1,89,79.1
9032,0.174206183849,98,3,1,0,79.1,100,89,79.1,89,100,79.1,70.19,89,79.1,89,79.1
9033,0.174181181765,98,3,1,0,79.1,100,89,79.1,89,100,79.1,70.19,89,79.1,89,79.1
9034,0.174156179682,98,3,1,0,79.1,100,89,79.1,89,100,79.1,70.19,89,79.1,89,79.1
9035,0.174131177598,98,3,1,0,79.1,100,89,79.1,89,100,79.1,70.19,89,79.1,89,79.1
9036,0.174106175515,98,3,1,0,79.1,100,89,79.1,89,100,79.1,70.19,89,79.1,89,79.1
9037,0.174081173431,98,3,1,0,79.1,100,89,79.1,89,100,79.1,70.19,89,79.1,89,79.1
9038,0.174056171348,98,3,1,0,79.1,100,89,79.1,89,100,79.1,70.19,89,79.1,89,79.1
9039,0.174031169264,96,5,1,0,79.1,100,89,79.1,89,100,79.1,70.19,89,79.1,89,79.1
9040,0.174006167181,98,3,1,0,79.1,100,89,79.1,89,100,79.1,70.19,89,79.1,89,79.1
9041,0.173981165097,98,3,1,0,79.1,100,89,79.1,89,100,79.1,70.19,89,79.1,89,79.1
9042,0.173956163014,98,3,1,0,79.1,100,89,79.1,89,100,79.1,70.19,89,79.1,89,79.1
9043,0.17393116093,98,3,1,0,79.1,100,89,79.1,89,100,79.1,70.19,89,79.1,89,79.1
9044,0.173906158847,98,3,1,0,79.1,100,89,79.1,89,100,79.1,70.19,89,79.1,89,79.1
9045,0.173881156763,97,4,1,0,79.1,100,89,79.1,89,100,79.1,70.19,89,79.1,89,79.1
9046,0.17385615468,96,5,1,0,79.1,100,89,79.1,89,100,79.1,70.19,89,79.1,89,79.1
9047,0.173831152596,94,7,1,0,79.1,100,89,79.1,89,100,79.1,70.19,89,79.1,89,79.1
9048,0.173806150513,98,3,1,0,79.1,100,89,79.1,89,100,79.1,70.19,89,79.1,89,79.1
9049,0.173781148429,98,3,1,0,79.1,100,89,79.1,89,100,79.1,70.19,89,79.1,89,79.1
9050,0.173756146346,98,3,1,0,79.1,100,89,79.1,89,100,79.1,70.19,89,79.1,89,79.1
9051,0.173731144262,96,5,1,0,79.1,100,89,79.1,89,100,79.1,70.19,89,79.1,89,79.1
9052,0.173706142179,98,3,1,0,79.1,100,89,79.1,89,100,79.1,70.19,89,79.1,89,79.1
9053,0.173681140095,97,4,1,0,79.1,100,89,79.1,89,100,79.1,70.19,89,79.1,89,79.1
9054,0.173656138012,95,6,1,0,79.1,100,89,79.1,89,100,79.1,70.19,89,79.1,89,79.1
9055,0.173631135928,98,3,1,0,79.1,100,89,79.1,89,100,79.1,70.19,89,79.1,89,79.1
9056,0.173606133844,98,3,1,0,79.1,100,89,79.1,89,100,79.1,70.19,89,79.1,89,79.1
9057,0.173581131761,97,4,1,0,79.1,100,89,79.1,89,100,79.1,70.19,89,79.1,89,79.1
9058,0.173556129677,98,3,1,0,79.1,100,89,79.1,89,100,79.1,70.19,89,79.1,89,79.1
9059,0.173531127594,98,3,1,0,79.1,100,89,79.1,89,100,79.1,70.19,89,79.1,89,79.1
9060,0.17350612551,98,3,1,0,79.1,100,89,79.1,89,100,79.1,70.19,89,79.1,89,79.1
9061,0.173481123427,98,3,1,0,79.1,100,89,79.1,89,100,79.1,70.19,89,79.1,89,79.1
9062,0.173456121343,98,3,1,0,79.1,100,89,79.1,89,100,79.1,70.19,89,79.1,89,79.1
9063,0.17343111926,98,3,1,0,79.1,100,89,79.1,89,100,79.1,70.19,89,79.1,89,79.1
9064,0.173406117176,98,3,1,0,79.1,100,89,79.1,89,100,79.1,70.19,89,79.1,89,79.1
9065,0.173381115093,98,3,1,0,79.1,100,89,79.1,89,100,79.1,70.19,89,79.1,89,79.1
9066,0.173356113009,97,4,1,0,79.1,100,89,79.1,89,100,79.1,70.19,89,79.1,89,79.1
9067,0.173331110926,98,3,1,0,79.1,100,89,79.1,89,100,79.1,70.19,89,79.1,89,79.1
9068,0.173306108842,98,3,1,0,79.1,100,89,79.1,89,100,79.1,70.19,89,79.1,89,79.1
9069,0.173281106759,98,3,1,0,79.1,100,89,79.1,89,100,79.1,70.19,89,79.1,89,79.1
9070,0.173256104675,98,3,1,0,79.1,100,89,79.1,89,100,79.1,70.19,89,79.1,89,79.1
9071,0.173231102592,95,6,1,0,79.1,100,89,79.1,89,100,79.1,70.19,89,79.1,89,79.1
9072,0.173206100508,97,4,1,0,79.1,100,89,79.1,89,100,79.1,70.19,89,79.1,89,79.1
9073,0.173181098425,98,3,1,0,79.1,100,89,79.1,89,100,79.1,70.19,89,79.1,89,79.1
9074,0.173156096341,98,3,1,0,79.1,100,89,79.1,89,100,79.1,70.19,89,79.1,89,79.1
9075,0.173131094258,96,5,1,0,79.1,100,89,79.1,89,100,79.1,70.19,89,79.1,89,79.1
9076,0.173106092174,94,7,1,0,79.1,100,89,79.1,89,100,79.1,70.19,89,79.1,89,79.1
9077,0.173081090091,98,3,1,0,79.1,100,89,79.1,89,100,79.1,70.19,89,79.1,89,79.1
9078,0.173056088007,98,3,1,0,79.1,100,89,79.1,89,100,79.1,70.19,89,79.1,89,79.1
9079,0.173031085924,98,3,1,0,79.1,100,89,79.1,89,100,79.1,70.19,89,79.1,89,79.1
9080,0.17300608384,98,3,1,0,79.1,100,89,79.1,89,100,79.1,70.19,89,79.1,89,79.1
9081,0.172981081757,98,3,1,0,79.1,100,89,79.1,89,100,79.1,70.19,89,79.1,89,79.1
9082,0.172956079673,98,3,1,0,79.1,100,89,79.1,89,100,79.1,70.19,89,79.1,89,79.1
9083,0.17293107759,98,3,1,0,79.1,100,89,79.1,89,100,79.1,70.19,89,79.1,89,79.1
9084,0.172906075506,98,3,1,0,79.1,100,89,79.1,89,100,79.1,70.19,89,79.1,89,79.1
9085,0.172881073423,95,6,1,0,79.1,100,89,79.1,89,100,79.1,70.19,89,79.1,89,79.1
9086,0.172856071339,98,3,1,0,79.1,100,89,79.1,89,100,79.1,70.19,89,79.1,89,79.1
9087,0.172831069256,96,5,1,0,79.1,100,89,79.1,89,100,79.1,70.19,89,79.1,89,79.1
9088,0.172806067172,98,3,1,0,79.1,100,89,79.1,89,100,79.1,70.19,89,79.1,89,79.1
9089,0.172781065089,98,3,1,0,79.1,100,89,79.1,89,100,79.1,70.19,89,79.1,89,79.1
9090,0.172756063005,98,3,1,0,79.1,100,89,79.1,89,100,79.1,70.19,89,79.1,89,79.1
9091,0.172731060922,98,3,1,0,79.1,100,89,79.1,89,100,79.1,70.19,89,79.1,89,79.1
9092,0.172706058838,97,4,1,0,79.1,100,89,79.1,89,100,79.1,70.19,89,79.1,89,79.1
9093,0.172681056755,98,3,1,0,79.1,100,89,79.1,89,100,79.1,70.19,89,79.1,89,79.1
9094,0.172656054671,98,3,1,0,79.1,100,89,79.1,89,100,79.1,70.19,89,79.1,89,79.1
9095,0.172631052588,98,3,1,0,79.1,100,89,79.1,89,100,79.1,70.19,89,79.1,89,79.1
9096,0.172606050504,98,3,1,0,79.1,100,89,79.1,89,100,79.1,70.19,89,79.1,89,79.1
9097,0.172581048421,98,3,1,0,79.1,100,89,79.1,89,100,79.1,70.19,89,79.1,89,79.1
9098,0.172556046337,97,4,1,0,79.1,100,89,79.1,89,100,79.1,70.19,89,79.1,89,79.1
9099,0.172531044254,98,3,1,0,79.1,100,89,79.1,89,100,79.1,70.19,89,79.1,89,79.1
9100,0.17250604217,96,5,1,0,79.1,100,89,79.1,89,100,79.1,70.19,89,79.1,89,79.1
9101,0.172481040087,98,3,1,0,79.1,100,89,79.1,89,100,79.1,70.19,89,79.1,89,79.1
9102,0.172456038003,97,4,1,0,79.1,100,89,79.1,89,100,79.1,70.19,89,79.1,89,79.1
9103,0.17243103592,98,3,1,0,79.1,100,89,79.1,89,100,79.1,70.19,89,79.1,89,79.1
9104,0.172406033836,98,3,1,0,79.1,100,89,79.1,89,100,79.1,70.19,89,79.1,89,79.1
9105,0.172381031753,98,3,1,0,79.1,100,89,79.1,89,100,79.1,70.19,89,79.1,89,79.1
9106,0.172356029669,98,3,1,0,79.1,100,89,79.1,89,100,79.1,70.19,89,79.1,89,79.1
9107,0.172331027586,98,3,1,0,79.1,100,89,79.1,89,100,79.1,70.19,89,79.1,89,79.1
9108,0.172306025502,98,3,1,0,79.1,100,89,79.1,89,100,79.1,70.19,89,79.1,89,79.1
9109,0.172281023419,98,3,1,0,79.1,100,89,79.1,89,100,79.1,70.19,89,79.1,89,79.1
9110,0.172256021335,98,3,1,0,79.1,100,89,79.1,89,100,79.1,70.19,89,79.1,89,79.1
9111,0.172231019252,98,3,1,0,79.1,100,89,79.1,89,100,79.1,70.19,89,79.1,89,79.1
9112,0.172206017168,98,3,1,0,79.1,100,89,79.1,89,100,79.1,70.19,89,79.1,89,79.1
9113,0.172181015085,98,3,1,0,79.1,100,89,79.1,89,100,79.1,70.19,89,79.1,89,79.1
9114,0.172156013001,97,4,1,0,79.1,100,89,79.1,89,100,79.1,70.19,89,79.1,89,79.1
9115,0.172131010918,98,3,1,0,79.1,100,89,79.1,89,100,79.1,70.19,89,79.1,89,79.1
9116,0.172106008834,98,3,1,0,79.1,100,89,79.1,89,100,79.1,70.19,89,79.1,89,79.1
9117,0.172081006751,98,3,1,0,79.1,100,89,79.1,89,100,79.1,70.19,89,79.1,89,79.1
9118,0.172056004667,98,3,1,0,79.1,100,89,79.1,89,100,79.1,70.19,89,79.1,89,79.1
9119,0.172031002584,98,3,1,0,79.1,100,89,79.1,89,100,79.1,70.19,89,79.1,89,79.1
9120,0.1720060005,98,3,1,0,79.1,100,89,79.1,89,100,79.1,70.19,89,79.1,89,79.1
9121,0.171980998417,97,4,1,0,79.1,100,89,79.1,89,100,79.1,70.19,89,79.1,89,79.1
9122,0.171955996333,97,4,1,0,79.1,100,89,79.1,89,100,79.1,70.19,89,79.1,89,79.1
9123,0.17193099425,98,3,1,0,79.1,100,89,79.1,89,100,79.1,70.19,89,79.1,89,79.1
9124,0.171905992166,98,3,1,0,79.1,100,89,79.1,89,100,79.1,70.19,89,79.1,89,79.1
9125,0.171880990083,98,3,1,0,79.1,100,89,79.1,89,100,79.1,70.19,89,79.1,89,79.1
9126,0.171855987999,98,3,1,0,79.1,100,89,79.1,89,100,79.1,70.19,89,79.1,89,79.1
9127,0.171830985915,98,3,1,0,79.1,100,89,79.1,89,100,79.1,70.19,89,79.1,89,79.1
9128,0.171805983832,98,3,1,0,79.1,100,89,79.1,89,100,79.1,70.19,89,79.1,89,79.1
9129,0.171780981748,98,3,1,0,79.1,100,89,79.1,89,100,79.1,70.19,89,79.1,89,79.1
9130,0.171755979665,98,3,1,0,79.1,100,89,79.1,89,100,79.1,70.19,89,79.1,89,79.1
9131,0.171730977581,98,3,1,0,79.1,100,89,79.1,89,100,79.1,70.19,89,79.1,89,79.1
9132,0.171705975498,98,3,1,0,79.1,100,89,79.1,89,100,79.1,70.19,89,79.1,89,79.1
9133,0.171680973414,98,3,1,0,79.1,100,89,79.1,89,100,79.1,70.19,89,79.1,89,79.1
9134,0.171655971331,98,3,1,0,79.1,100,89,79.1,89,100,79.1,70.19,89,79.1,89,79.1
9135,0.171630969247,98,3,1,0,79.1,100,89,79.1,89,100,79.1,70.19,89,79.1,89,79.1
9136,0.171605967164,98,3,1,0,79.1,100,89,79.1,89,100,79.1,70.19,89,79.1,89,79.1
9137,0.17158096508,98,3,1,0,79.1,100,89,79.1,89,100,79.1,70.19,89,79.1,89,79.1
9138,0.171555962997,98,3,1,0,79.1,100,89,79.1,89,100,79.1,70.19,89,79.1,89,79.1
9139,0.171530960913,98,3,1,0,79.1,100,89,79.1,89,100,79.1,70.19,89,79.1,89,79.1
9140,0.17150595883,97,4,1,0,79.1,100,89,79.1,89,100,79.1,70.19,89,79.1,89,79.1
9141,0.171480956746,98,3,1,0,79.1,100,89,79.1,89,100,79.1,70.19,89,79.1,89,79.1
9142,0.171455954663,98,3,1,0,79.1,100,89,79.1,89,100,79.1,70.19,89,79.1,89,79.1
9143,0.171430952579,98,3,1,0,79.1,100,89,79.1,89,100,79.1,70.19,89,79.1,89,79.1
9144,0.171405950496,98,3,1,0,79.1,100,89,79.1,89,100,79.1,70.19,89,79.1,89,79.1
9145,0.171380948412,97,4,1,0,79.1,100,89,79.1,89,100,79.1,70.19,89,79.1,89,79.1
9146,0.171355946329,98,3,1,0,79.1,100,89,79.1,89,100,79.1,70.19,89,79.1,89,79.1
9147,0.171330944245,98,3,1,0,79.1,100,89,79.1,89,100,79.1,70.19,89,79.1,89,79.1
9148,0.171305942162,98,3,1,0,79.1,100,89,79.1,89,100,79.1,70.19,89,79.1,89,79.1
9149,0.171280940078,98,3,1,0,79.1,100,89,79.1,89,100,79.1,70.19,89,79.1,89,79.1
9150,0.171255937995,98,3,1,0,79.1,100,89,79.1,89,100,79.1,70.19,89,79.1,89,79.1
9151,0.171230935911,98,3,1,0,79.1,100,89,79.1,89,100,79.1,70.19,89,79.1,89,79.1
9152,0.171205933828,98,3,1,0,79.1,100,89,79.1,89,100,79.1,70.19,89,79.1,89,79.1
9153,0.171180931744,98,3,1,0,79.1,100,89,79.1,89,100,79.1,70.19,89,79.1,89,79.1
9154,0.171155929661,98,3,1,0,79.1,100,89,79.1,89,100,79.1,70.19,89,79.1,89,79.1
9155,0.171130927577,98,3,1,0,79.1,100,89,79.1,89,100,79.1,70.19,89,79.1,89,79.1
9156,0.171105925494,98,3,1,0,79.1,100,89,79.1,89,100,79.1,70.19,89,79.1,89,79.1
9157,0.17108092341,95,6,1,0,79.1,100,89,79.1,89,100,79.1,70.19,89,79.1,89,79.1
9158,0.171055921327,98,3,1,0,79.1,100,89,79.1,89,100,79.1,70.19,89,79.1,89,79.1
9159,0.171030919243,98,3,1,0,79.1,100,89,79.1,89,100,79.1,70.19,89,79.1,89,79.1
9160,0.17100591716,98,3,1,0,79.1,100,89,79.1,89,100,79.1,70.19,89,79.1,89,79.1
9161,0.170980915076,94,7,1,0,79.1,100,89,79.1,89,100,79.1,70.19,89,79.1,89,79.1
9162,0.170955912993,97,4,1,0,79.1,100,89,79.1,89,100,79.1,70.19,89,79.1,89,79.1
9163,0.170930910909,98,3,1,0,79.1,100,89,79.1,89,100,79.1,70.19,89,79.1,89,79.1
9164,0.170905908826,97,4,1,0,79.1,100,89,79.1,89,100,79.1,70.19,89,79.1,89,79.1
9165,0.170880906742,98,3,1,0,79.1,100,89,79.1,89,100,79.1,70.19,89,79.1,89,79.1
9166,0.170855904659,98,3,1,0,79.1,100,89,79.1,89,100,79.1,70.19,89,79.1,89,79.1
9167,0.170830902575,98,3,1,0,79.1,100,89,79.1,89,100,79.1,70.19,89,79.1,89,79.1
9168,0.170805900492,98,3,1,0,79.1,100,89,79.1,89,100,79.1,70.19,89,79.1,89,79.1
9169,0.170780898408,96,5,1,0,79.1,100,89,79.1,89,100,79.1,70.19,89,79.1,89,79.1
9170,0.170755896325,98,3,1,0,79.1,100,89,79.1,89,100,79.1,70.19,89,79.1,89,79.1
9171,0.170730894241,98,3,1,0,79.1,100,89,79.1,89,100,79.1,70.19,89,79.1,89,79.1
9172,0.170705892158,96,5,1,0,79.1,100,89,79.1,89,100,79.1,70.19,89,79.1,89,79.1
9173,0.170680890074,97,4,1,0,79.1,100,89,79.1,89,100,79.1,70.19,89,79.1,89,79.1
9174,0.170655887991,98,3,1,0,79.1,100,89,79.1,89,100,79.1,70.19,89,79.1,89,79.1
9175,0.170630885907,98,3,1,0,79.1,100,89,79.1,89,100,79.1,70.19,89,79.1,89,79.1
9176,0.170605883824,98,3,1,0,79.1,100,89,79.1,89,100,79.1,70.19,89,79.1,89,79.1
9177,0.17058088174,98,3,1,0,79.1,100,89,79.1,89,100,79.1,70.19,89,79.1,89,79.1
9178,0.170555879657,98,3,1,0,79.1,100,89,79.1,89,100,79.1,70.19,89,79.1,89,79.1
9179,0.170530877573,97,4,1,0,79.1,100,89,79.1,89,100,79.1,70.19,89,79.1,89,79.1
9180,0.17050587549,98,3,1,0,79.1,100,89,79.1,89,100,79.1,70.19,89,79.1,89,79.1
9181,0.170480873406,98,3,1,0,79.1,100,89,79.1,89,100,79.1,70.19,89,79.1,89,79.1
9182,0.170455871323,98,3,1,0,79.1,100,89,79.1,89,100,79.1,70.19,89,79.1,89,79.1
9183,0.170430869239,98,3,1,0,79.1,100,89,79.1,89,100,79.1,70.19,89,79.1,89,79.1
9184,0.170405867156,98,3,1,0,79.1,100,89,79.1,89,100,79.1,70.19,89,79.1,89,79.1
9185,0.170380865072,98,3,1,0,79.1,100,89,79.1,89,100,79.1,70.19,89,79.1,89,79.1
9186,0.170355862989,98,3,1,0,79.1,100,89,79.1,89,100,79.1,70.19,89,79.1,89,79.1
9187,0.170330860905,98,3,1,0,79.1,100,89,79.1,89,100,79.1,70.19,89,79.1,89,79.1
9188,0.170305858822,98,3,1,0,79.1,100,89,79.1,89,100,79.1,70.19,89,79.1,89,79.1
9189,0.170280856738,97,4,1,0,79.1,100,89,79.1,89,100,79.1,70.19,89,79.1,89,79.1
9190,0.170255854655,97,4,1,0,79.1,100,89,79.1,89,100,79.1,70.19,89,79.1,89,79.1
9191,0.170230852571,98,3,1,0,79.1,100,89,79.1,89,100,79.1,70.19,89,79.1,89,79.1
9192,0.170205850488,98,3,1,0,79.1,100,89,79.1,89,100,79.1,70.19,89,79.1,89,79.1
9193,0.170180848404,98,3,1,0,79.1,100,89,79.1,89,100,79.1,70.19,89,79.1,89,79.1
9194,0.170155846321,98,3,1,0,79.1,100,89,79.1,89,100,79.1,70.19,89,79.1,89,79.1
9195,0.170130844237,98,3,1,0,79.1,100,89,79.1,89,100,79.1,70.19,89,79.1,89,79.1
9196,0.170105842154,98,3,1,0,79.1,100,89,79.1,89,100,79.1,70.19,89,79.1,89,79.1
9197,0.17008084007,96,5,1,0,79.1,100,89,79.1,89,100,79.1,70.19,89,79.1,89,79.1
9198,0.170055837986,98,3,1,0,79.1,100,89,79.1,89,100,79.1,70.19,89,79.1,89,79.1
9199,0.170030835903,98,3,1,0,79.1,100,89,79.1,89,100,79.1,70.19,89,79.1,89,79.1
9200,0.170005833819,98,3,1,0,79.1,100,89,79.1,89,100,79.1,70.19,89,79.1,89,79.1
9201,0.169980831736,98,3,1,0,79.1,100,89,79.1,89,100,79.1,70.19,89,79.1,89,79.1
9202,0.169955829652,96,5,1,0,79.1,100,89,79.1,89,100,79.1,70.19,89,79.1,89,79.1
9203,0.169930827569,98,3,1,0,79.1,100,89,79.1,89,100,79.1,70.19,89,79.1,89,79.1
9204,0.169905825485,96,5,1,0,79.1,100,89,79.1,89,100,79.1,70.19,89,79.1,89,79.1
9205,0.169880823402,97,4,1,0,79.1,100,89,79.1,89,100,79.1,70.19,89,79.1,89,79.1
9206,0.169855821318,98,3,1,0,79.1,100,89,79.1,89,100,79.1,70.19,89,79.1,89,79.1
9207,0.169830819235,98,3,1,0,79.1,100,89,79.1,89,100,79.1,70.19,89,79.1,89,79.1
9208,0.169805817151,96,5,1,0,79.1,100,89,79.1,89,100,79.1,70.19,89,79.1,89,79.1
9209,0.169780815068,98,3,1,0,79.1,100,89,79.1,89,100,79.1,70.19,89,79.1,89,79.1
9210,0.169755812984,98,3,1,0,79.1,100,89,79.1,89,100,79.1,70.19,89,79.1,89,79.1
9211,0.169730810901,98,3,1,0,79.1,100,89,79.1,89,100,79.1,70.19,89,79.1,89,79.1
9212,0.169705808817,98,3,1,0,79.1,100,89,79.1,89,100,79.1,70.19,89,79.1,89,79.1
9213,0.169680806734,97,4,1,0,79.1,100,89,79.1,89,100,79.1,70.19,89,79.1,89,79.1
9214,0.16965580465,98,3,1,0,79.1,100,89,79.1,89,100,79.1,70.19,89,79.1,89,79.1
9215,0.169630802567,98,3,1,0,79.1,100,89,79.1,89,100,79.1,70.19,89,79.1,89,79.1
9216,0.169605800483,98,3,1,0,79.1,100,89,79.1,89,100,79.1,70.19,89,79.1,89,79.1
9217,0.1695807984,98,3,1,0,79.1,100,89,79.1,89,100,79.1,70.19,89,79.1,89,79.1
9218,0.169555796316,98,3,1,0,79.1,100,89,79.1,89,100,79.1,70.19,89,79.1,89,79.1
9219,0.169530794233,98,3,1,0,79.1,100,89,79.1,89,100,79.1,70.19,89,79.1,89,79.1
9220,0.169505792149,96,5,1,0,79.1,100,89,79.1,89,100,79.1,70.19,89,79.1,89,79.1
9221,0.169480790066,98,3,1,0,79.1,100,89,79.1,89,100,79.1,70.19,89,79.1,89,79.1
9222,0.169455787982,98,3,1,0,79.1,100,89,79.1,89,100,79.1,70.19,89,79.1,89,79.1
9223,0.169430785899,98,3,1,0,79.1,100,89,79.1,89,100,79.1,70.19,89,79.1,89,79.1
9224,0.169405783815,96,5,1,0,79.1,100,89,79.1,89,100,79.1,70.19,89,79.1,89,79.1
9225,0.169380781732,97,4,1,0,79.1,100,89,79.1,89,100,79.1,70.19,89,79.1,89,79.1
9226,0.169355779648,98,3,1,0,79.1,100,89,79.1,89,100,79.1,70.19,89,79.1,89,79.1
9227,0.169330777565,96,5,1,0,79.1,100,89,79.1,89,100,79.1,70.19,89,79.1,89,79.1
9228,0.169305775481,98,3,1,0,79.1,100,89,79.1,89,100,79.1,70.19,89,79.1,89,79.1
9229,0.169280773398,97,4,1,0,79.1,100,89,79.1,89,100,79.1,70.19,89,79.1,89,79.1
9230,0.169255771314,98,3,1,0,79.1,100,89,79.1,89,100,79.1,70.19,89,79.1,89,79.1
9231,0.169230769231,98,3,1,0,79.1,100,89,79.1,89,100,79.1,70.19,89,79.1,89,79.1
9232,0.169205767147,97,4,1,0,79.1,100,89,79.1,89,100,79.1,70.19,89,79.1,89,79.1
9233,0.169180765064,98,3,1,0,79.1,100,89,79.1,89,100,79.1,70.19,89,79.1,89,79.1
9234,0.16915576298,98,3,1,0,79.1,100,89,79.1,89,100,79.1,70.19,89,79.1,89,79.1
9235,0.169130760897,98,3,1,0,79.1,100,89,79.1,89,100,79.1,70.19,89,79.1,89,79.1
9236,0.169105758813,98,3,1,0,79.1,100,89,79.1,89,100,79.1,70.19,89,79.1,89,79.1
9237,0.16908075673,98,3,1,0,79.1,100,89,79.1,89,100,79.1,70.19,89,79.1,89,79.1
9238,0.169055754646,95,6,1,0,79.1,100,89,79.1,89,100,79.1,70.19,89,79.1,89,79.1
9239,0.169030752563,98,3,1,0,79.1,100,89,79.1,89,100,79.1,70.19,89,79.1,89,79.1
9240,0.169005750479,98,3,1,0,79.1,100,89,79.1,89,100,79.1,70.19,89,79.1,89,79.1
9241,0.168980748396,98,3,1,0,79.1,100,89,79.1,89,100,79.1,70.19,89,79.1,89,79.1
9242,0.168955746312,98,3,1,0,79.1,100,89,79.1,89,100,79.1,70.19,89,79.1,89,79.1
9243,0.168930744229,97,4,1,0,79.1,100,89,79.1,89,100,79.1,70.19,89,79.1,89,79.1
9244,0.168905742145,98,3,1,0,79.1,100,89,79.1,89,100,79.1,70.19,89,79.1,89,79.1
9245,0.168880740062,98,3,1,0,79.1,100,89,79.1,89,100,79.1,70.19,89,79.1,89,79.1
9246,0.168855737978,98,3,1,0,79.1,100,89,79.1,89,100,79.1,70.19,89,79.1,89,79.1
9247,0.168830735895,98,3,1,0,79.1,100,89,79.1,89,100,79.1,70.19,89,79.1,89,79.1
9248,0.168805733811,98,3,1,0,79.1,100,89,79.1,89,100,79.1,70.19,89,79.1,89,79.1
9249,0.168780731728,97,4,1,0,79.1,100,89,79.1,89,100,79.1,70.19,89,79.1,89,79.1
9250,0.168755729644,98,3,1,0,79.1,100,89,79.1,89,100,79.1,70.19,89,79.1,89,79.1
9251,0.168730727561,97,4,1,0,79.1,100,89,79.1,89,100,79.1,70.19,89,79.1,89,79.1
9252,0.168705725477,98,3,1,0,79.1,100,89,79.1,89,100,79.1,70.19,89,79.1,89,79.1
9253,0.168680723394,96,5,1,0,79.1,100,89,79.1,89,100,79.1,70.19,89,79.1,89,79.1
9254,0.16865572131,97,4,1,0,79.1,100,89,79.1,89,100,79.1,70.19,89,79.1,89,79.1
9255,0.168630719227,97,4,1,0,79.1,100,89,79.1,89,100,79.1,70.19,89,79.1,89,79.1
9256,0.168605717143,96,5,1,0,79.1,100,89,79.1,89,100,79.1,70.19,89,79.1,89,79.1
9257,0.16858071506,98,3,1,0,79.1,100,89,79.1,89,100,79.1,70.19,89,79.1,89,79.1
9258,0.168555712976,98,3,1,0,79.1,100,89,79.1,89,100,79.1,70.19,89,79.1,89,79.1
9259,0.168530710893,98,3,1,0,79.1,100,89,79.1,89,100,79.1,70.19,89,79.1,89,79.1
9260,0.168505708809,98,3,1,0,79.1,100,89,79.1,89,100,79.1,70.19,89,79.1,89,79.1
9261,0.168480706726,94,7,1,0,79.1,100,89,79.1,89,100,79.1,70.19,89,79.1,89,79.1
9262,0.168455704642,98,3,1,0,79.1,100,89,79.1,89,100,79.1,70.19,89,79.1,89,79.1
9263,0.168430702559,98,3,1,0,79.1,100,89,79.1,89,100,79.1,70.19,89,79.1,89,79.1
9264,0.168405700475,96,5,1,0,79.1,100,89,79.1,89,100,79.1,70.19,89,79.1,89,79.1
9265,0.168380698392,98,3,1,0,79.1,100,89,79.1,89,100,79.1,70.19,89,79.1,89,79.1
9266,0.168355696308,98,3,1,0,79.1,100,89,79.1,89,100,79.1,70.19,89,79.1,89,79.1
9267,0.168330694225,97,4,1,0,79.1,100,89,79.1,89,100,79.1,70.19,89,79.1,89,79.1
9268,0.168305692141,96,5,1,0,79.1,100,89,79.1,89,100,79.1,70.19,89,79.1,89,79.1
9269,0.168280690058,98,3,1,0,79.1,100,89,79.1,89,100,79.1,70.19,89,79.1,89,79.1
9270,0.168255687974,98,3,1,0,79.1,100,89,79.1,89,100,79.1,70.19,89,79.1,89,79.1
9271,0.16823068589,98,3,1,0,79.1,100,89,79.1,89,100,79.1,70.19,89,79.1,89,79.1
9272,0.168205683807,98,3,1,0,79.1,100,89,79.1,89,100,79.1,70.19,89,79.1,89,79.1
9273,0.168180681723,98,3,1,0,79.1,100,89,79.1,89,100,79.1,70.19,89,79.1,89,79.1
9274,0.16815567964,98,3,1,0,79.1,100,89,79.1,89,100,79.1,70.19,89,79.1,89,79.1
9275,0.168130677556,98,3,1,0,79.1,100,89,79.1,89,100,79.1,70.19,89,79.1,89,79.1
9276,0.168105675473,98,3,1,0,79.1,100,89,79.1,89,100,79.1,70.19,89,79.1,89,79.1
9277,0.168080673389,96,5,1,0,79.1,100,89,79.1,89,100,79.1,70.19,89,79.1,89,79.1
9278,0.168055671306,98,3,1,0,79.1,100,89,79.1,89,100,79.1,70.19,89,79.1,89,79.1
9279,0.168030669222,98,3,1,0,79.1,100,89,79.1,89,100,79.1,70.19,89,79.1,89,79.1
9280,0.168005667139,98,3,1,0,79.1,100,89,79.1,89,100,79.1,70.19,89,79.1,89,79.1
9281,0.167980665055,98,3,1,0,79.1,100,89,79.1,89,100,79.1,70.19,89,79.1,89,79.1
9282,0.167955662972,98,3,1,0,79.1,100,89,79.1,89,100,79.1,70.19,89,79.1,89,79.1
9283,0.167930660888,98,3,1,0,79.1,100,89,79.1,89,100,79.1,70.19,89,79.1,89,79.1
9284,0.167905658805,98,3,1,0,79.1,100,89,79.1,89,100,79.1,70.19,89,79.1,89,79.1
9285,0.167880656721,98,3,1,0,79.1,100,89,79.1,89,100,79.1,70.19,89,79.1,89,79.1
9286,0.167855654638,98,3,1,0,79.1,100,89,79.1,89,100,79.1,70.19,89,79.1,89,79.1
9287,0.167830652554,98,3,1,0,79.1,100,89,79.1,89,100,79.1,70.19,89,79.1,89,79.1
9288,0.167805650471,98,3,1,0,79.1,100,89,79.1,89,100,79.1,70.19,89,79.1,89,79.1
9289,0.167780648387,98,3,1,0,79.1,100,89,79.1,89,100,79.1,70.19,89,79.1,89,79.1
9290,0.167755646304,98,3,1,0,79.1,100,89,79.1,89,100,79.1,70.19,89,79.1,89,79.1
9291,0.16773064422,98,3,1,0,79.1,100,89,79.1,89,100,79.1,70.19,89,79.1,89,79.1
9292,0.167705642137,98,3,1,0,79.1,100,89,79.1,89,100,79.1,70.19,89,79.1,89,79.1
9293,0.167680640053,96,5,1,0,79.1,100,89,79.1,89,100,79.1,70.19,89,79.1,89,79.1
9294,0.16765563797,98,3,1,0,79.1,100,89,79.1,89,100,79.1,70.19,89,79.1,89,79.1
9295,0.167630635886,96,5,1,0,79.1,100,89,79.1,89,100,79.1,70.19,89,79.1,89,79.1
9296,0.167605633803,98,3,1,0,79.1,100,89,79.1,89,100,79.1,70.19,89,79.1,89,79.1
9297,0.167580631719,98,3,1,0,79.1,100,89,79.1,89,100,79.1,70.19,89,79.1,89,79.1
9298,0.167555629636,98,3,1,0,79.1,100,89,79.1,89,100,79.1,70.19,89,79.1,89,79.1
9299,0.167530627552,98,3,1,0,79.1,100,89,79.1,89,100,79.1,70.19,89,79.1,89,79.1
9300,0.167505625469,96,5,1,0,79.1,100,89,79.1,89,100,79.1,70.19,89,79.1,89,79.1
9301,0.167480623385,97,4,1,0,79.1,100,89,79.1,89,100,79.1,70.19,89,79.1,89,79.1
9302,0.167455621302,98,3,1,0,79.1,100,89,79.1,89,100,79.1,70.19,89,79.1,89,79.1
9303,0.167430619218,98,3,1,0,79.1,100,89,79.1,89,100,79.1,70.19,89,79.1,89,79.1
9304,0.167405617135,98,3,1,0,79.1,100,89,79.1,89,100,79.1,70.19,89,79.1,89,79.1
9305,0.167380615051,98,3,1,0,79.1,100,89,79.1,89,100,79.1,70.19,89,79.1,89,79.1
9306,0.167355612968,98,3,1,0,79.1,100,89,79.1,89,100,79.1,70.19,89,79.1,89,79.1
9307,0.167330610884,96,5,1,0,79.1,100,89,79.1,89,100,79.1,70.19,89,79.1,89,79.1
9308,0.167305608801,98,3,1,0,79.1,100,89,79.1,89,100,79.1,70.19,89,79.1,89,79.1
9309,0.167280606717,98,3,1,0,79.1,100,89,79.1,89,100,79.1,70.19,89,79.1,89,79.1
9310,0.167255604634,95,6,1,0,79.1,100,89,79.1,89,100,79.1,70.19,89,79.1,89,79.1
9311,0.16723060255,98,3,1,0,79.1,100,89,79.1,89,100,79.1,70.19,89,79.1,89,79.1
9312,0.167205600467,98,3,1,0,79.1,100,89,79.1,89,100,79.1,70.19,89,79.1,89,79.1
9313,0.167180598383,98,3,1,0,79.1,100,89,79.1,89,100,79.1,70.19,89,79.1,89,79.1
9314,0.1671555963,98,3,1,0,79.1,100,89,79.1,89,100,79.1,70.19,89,79.1,89,79.1
9315,0.167130594216,98,3,1,0,79.1,100,89,79.1,89,100,79.1,70.19,89,79.1,89,79.1
9316,0.167105592133,98,3,1,0,79.1,100,89,79.1,89,100,79.1,70.19,89,79.1,89,79.1
9317,0.167080590049,98,3,1,0,79.1,100,89,79.1,89,100,79.1,70.19,89,79.1,89,79.1
9318,0.167055587966,98,3,1,0,79.1,100,89,79.1,89,100,79.1,70.19,89,79.1,89,79.1
9319,0.167030585882,98,3,1,0,79.1,100,89,79.1,89,100,79.1,70.19,89,79.1,89,79.1
9320,0.167005583799,98,3,1,0,79.1,100,89,79.1,89,100,79.1,70.19,89,79.1,89,79.1
9321,0.166980581715,98,3,1,0,79.1,100,89,79.1,89,100,79.1,70.19,89,79.1,89,79.1
9322,0.166955579632,98,3,1,0,79.1,100,89,79.1,89,100,79.1,70.19,89,79.1,89,79.1
9323,0.166930577548,98,3,1,0,79.1,100,89,79.1,89,100,79.1,70.19,89,79.1,89,79.1
9324,0.166905575465,98,3,1,0,79.1,100,89,79.1,89,100,79.1,70.19,89,79.1,89,79.1
9325,0.166880573381,98,3,1,0,79.1,100,89,79.1,89,100,79.1,70.19,89,79.1,89,79.1
9326,0.166855571298,98,3,1,0,79.1,100,89,79.1,89,100,79.1,70.19,89,79.1,89,79.1
9327,0.166830569214,98,3,1,0,79.1,100,89,79.1,89,100,79.1,70.19,89,79.1,89,79.1
9328,0.166805567131,98,3,1,0,79.1,100,89,79.1,89,100,79.1,70.19,89,79.1,89,79.1
9329,0.166780565047,98,3,1,0,79.1,100,89,79.1,89,100,79.1,70.19,89,79.1,89,79.1
9330,0.166755562964,98,3,1,0,79.1,100,89,79.1,89,100,79.1,70.19,89,79.1,89,79.1
9331,0.16673056088,98,3,1,0,79.1,100,89,79.1,89,100,79.1,70.19,89,79.1,89,79.1
9332,0.166705558797,96,5,1,0,79.1,100,89,79.1,89,100,79.1,70.19,89,79.1,89,79.1
9333,0.166680556713,98,3,1,0,79.1,100,89,79.1,89,100,79.1,70.19,89,79.1,89,79.1
9334,0.16665555463,98,3,1,0,79.1,100,89,79.1,89,100,79.1,70.19,89,79.1,89,79.1
9335,0.166630552546,94,7,1,0,79.1,100,89,79.1,89,100,79.1,70.19,89,79.1,89,79.1
9336,0.166605550463,98,3,1,0,79.1,100,89,79.1,89,100,79.1,70.19,89,79.1,89,79.1
9337,0.166580548379,98,3,1,0,79.1,100,89,79.1,89,100,79.1,70.19,89,79.1,89,79.1
9338,0.166555546296,98,3,1,0,79.1,100,89,79.1,89,100,79.1,70.19,89,79.1,89,79.1
9339,0.166530544212,98,3,1,0,79.1,100,89,79.1,89,100,79.1,70.19,89,79.1,89,79.1
9340,0.166505542129,98,3,1,0,79.1,100,89,79.1,89,100,79.1,70.19,89,79.1,89,79.1
9341,0.166480540045,98,3,1,0,79.1,100,89,79.1,89,100,79.1,70.19,89,79.1,89,79.1
9342,0.166455537961,97,4,1,0,79.1,100,89,79.1,89,100,79.1,70.19,89,79.1,89,79.1
9343,0.166430535878,98,3,1,0,79.1,100,89,79.1,89,100,79.1,70.19,89,79.1,89,79.1
9344,0.166405533794,98,3,1,0,79.1,100,89,79.1,89,100,79.1,70.19,89,79.1,89,79.1
9345,0.166380531711,98,3,1,0,79.1,100,89,79.1,89,100,79.1,70.19,89,79.1,89,79.1
9346,0.166355529627,96,5,1,0,79.1,100,89,79.1,89,100,79.1,70.19,89,79.1,89,79.1
9347,0.166330527544,98,3,1,0,79.1,100,89,79.1,89,100,79.1,70.19,89,79.1,89,79.1
9348,0.16630552546,98,3,1,0,79.1,100,89,79.1,89,100,79.1,70.19,89,79.1,89,79.1
9349,0.166280523377,98,3,1,0,79.1,100,89,79.1,89,100,79.1,70.19,89,79.1,89,79.1
9350,0.166255521293,96,5,1,0,79.1,100,89,79.1,89,100,79.1,70.19,89,79.1,89,79.1
9351,0.16623051921,98,3,1,0,79.1,100,89,79.1,89,100,79.1,70.19,89,79.1,89,79.1
9352,0.166205517126,98,3,1,0,79.1,100,89,79.1,89,100,79.1,70.19,89,79.1,89,79.1
9353,0.166180515043,98,3,1,0,79.1,100,89,79.1,89,100,79.1,70.19,89,79.1,89,79.1
9354,0.166155512959,98,3,1,0,79.1,100,89,79.1,89,100,79.1,70.19,89,79.1,89,79.1
9355,0.166130510876,98,3,1,0,79.1,100,89,79.1,89,100,79.1,70.19,89,79.1,89,79.1
9356,0.166105508792,97,4,1,0,79.1,100,89,79.1,89,100,79.1,70.19,89,79.1,89,79.1
9357,0.166080506709,98,3,1,0,79.1,100,89,79.1,89,100,79.1,70.19,89,79.1,89,79.1
9358,0.166055504625,98,3,1,0,79.1,100,89,79.1,89,100,79.1,70.19,89,79.1,89,79.1
9359,0.166030502542,98,3,1,0,79.1,100,89,79.1,89,100,79.1,70.19,89,79.1,89,79.1
9360,0.166005500458,98,3,1,0,79.1,100,89,79.1,89,100,79.1,70.19,89,79.1,89,79.1
9361,0.165980498375,97,4,1,0,79.1,100,89,79.1,89,100,79.1,70.19,89,79.1,89,79.1
9362,0.165955496291,97,4,1,0,79.1,100,89,79.1,89,100,79.1,70.19,89,79.1,89,79.1
9363,0.165930494208,95,6,1,0,79.1,100,89,79.1,89,100,79.1,70.19,89,79.1,89,79.1
9364,0.165905492124,98,3,1,0,79.1,100,89,79.1,89,100,79.1,70.19,89,79.1,89,79.1
9365,0.165880490041,96,5,1,0,79.1,100,89,79.1,89,100,79.1,70.19,89,79.1,89,79.1
9366,0.165855487957,98,3,1,0,79.1,100,89,79.1,89,100,79.1,70.19,89,79.1,89,79.1
9367,0.165830485874,98,3,1,0,79.1,100,89,79.1,89,100,79.1,70.19,89,79.1,89,79.1
9368,0.16580548379,98,3,1,0,79.1,100,89,79.1,89,100,79.1,70.19,89,79.1,89,79.1
9369,0.165780481707,98,3,1,0,79.1,100,89,79.1,89,100,79.1,70.19,89,79.1,89,79.1
9370,0.165755479623,98,3,1,0,79.1,100,89,79.1,89,100,79.1,70.19,89,79.1,89,79.1
9371,0.16573047754,98,3,1,0,79.1,100,89,79.1,89,100,79.1,70.19,89,79.1,89,79.1
9372,0.165705475456,98,3,1,0,79.1,100,89,79.1,89,100,79.1,70.19,89,79.1,89,79.1
9373,0.165680473373,98,3,1,0,79.1,100,89,79.1,89,100,79.1,70.19,89,79.1,89,79.1
9374,0.165655471289,98,3,1,0,79.1,100,89,79.1,89,100,79.1,70.19,89,79.1,89,79.1
9375,0.165630469206,98,3,1,0,79.1,100,89,79.1,89,100,79.1,70.19,89,79.1,89,79.1
9376,0.165605467122,96,5,1,0,79.1,100,89,79.1,89,100,79.1,70.19,89,79.1,89,79.1
9377,0.165580465039,97,4,1,0,79.1,100,89,79.1,89,100,79.1,70.19,89,79.1,89,79.1
9378,0.165555462955,98,3,1,0,79.1,100,89,79.1,89,100,79.1,70.19,89,79.1,89,79.1
9379,0.165530460872,98,3,1,0,79.1,100,89,79.1,89,100,79.1,70.19,89,79.1,89,79.1
9380,0.165505458788,98,3,1,0,79.1,100,89,79.1,89,100,79.1,70.19,89,79.1,89,79.1
9381,0.165480456705,98,3,1,0,79.1,100,89,79.1,89,100,79.1,70.19,89,79.1,89,79.1
9382,0.165455454621,98,3,1,0,79.1,100,89,79.1,89,100,79.1,70.19,89,79.1,89,79.1
9383,0.165430452538,98,3,1,0,79.1,100,89,79.1,89,100,79.1,70.19,89,79.1,89,79.1
9384,0.165405450454,98,3,1,0,79.1,100,89,79.1,89,100,79.1,70.19,89,79.1,89,79.1
9385,0.165380448371,98,3,1,0,79.1,100,89,79.1,89,100,79.1,70.19,89,79.1,89,79.1
9386,0.165355446287,98,3,1,0,79.1,100,89,79.1,89,100,79.1,70.19,89,79.1,89,79.1
9387,0.165330444204,98,3,1,0,79.1,100,89,79.1,89,100,79.1,70.19,89,79.1,89,79.1
9388,0.16530544212,98,3,1,0,79.1,100,89,79.1,89,100,79.1,70.19,89,79.1,89,79.1
9389,0.165280440037,98,3,1,0,79.1,100,89,79.1,89,100,79.1,70.19,89,79.1,89,79.1
9390,0.165255437953,98,3,1,0,79.1,100,89,79.1,89,100,79.1,70.19,89,79.1,89,79.1
9391,0.16523043587,98,3,1,0,79.1,100,89,79.1,89,100,79.1,70.19,89,79.1,89,79.1
9392,0.165205433786,98,3,1,0,79.1,100,89,79.1,89,100,79.1,70.19,89,79.1,89,79.1
9393,0.165180431703,98,3,1,0,79.1,100,89,79.1,89,100,79.1,70.19,89,79.1,89,79.1
9394,0.165155429619,98,3,1,0,79.1,100,89,79.1,89,100,79.1,70.19,89,79.1,89,79.1
9395,0.165130427536,97,4,1,0,79.1,100,89,79.1,89,100,79.1,70.19,89,79.1,89,79.1
9396,0.165105425452,98,3,1,0,79.1,100,89,79.1,89,100,79.1,70.19,89,79.1,89,79.1
9397,0.165080423369,98,3,1,0,79.1,100,89,79.1,89,100,79.1,70.19,89,79.1,89,79.1
9398,0.165055421285,97,4,1,0,79.1,100,89,79.1,89,100,79.1,70.19,89,79.1,89,79.1
9399,0.165030419202,98,3,1,0,79.1,100,89,79.1,89,100,79.1,70.19,89,79.1,89,79.1
9400,0.165005417118,98,3,1,0,79.1,100,89,79.1,89,100,79.1,70.19,89,79.1,89,79.1
9401,0.164980415035,98,3,1,0,79.1,100,89,79.1,89,100,79.1,70.19,89,79.1,89,79.1
9402,0.164955412951,98,3,1,0,79.1,100,89,79.1,89,100,79.1,70.19,89,79.1,89,79.1
9403,0.164930410868,96,5,1,0,79.1,100,89,79.1,89,100,79.1,70.19,89,79.1,89,79.1
9404,0.164905408784,98,3,1,0,79.1,100,89,79.1,89,100,79.1,70.19,89,79.1,89,79.1
9405,0.164880406701,98,3,1,0,79.1,100,89,79.1,89,100,79.1,70.19,89,79.1,89,79.1
9406,0.164855404617,98,3,1,0,79.1,100,89,79.1,89,100,79.1,70.19,89,79.1,89,79.1
9407,0.164830402534,97,4,1,0,79.1,100,89,79.1,89,100,79.1,70.19,89,79.1,89,79.1
9408,0.16480540045,98,3,1,0,79.1,100,89,79.1,89,100,79.1,70.19,89,79.1,89,79.1
9409,0.164780398367,97,4,1,0,79.1,100,89,79.1,89,100,79.1,70.19,89,79.1,89,79.1
9410,0.164755396283,98,3,1,0,79.1,100,89,79.1,89,100,79.1,70.19,89,79.1,89,79.1
9411,0.1647303942,98,3,1,0,79.1,100,89,79.1,89,100,79.1,70.19,89,79.1,89,79.1
9412,0.164705392116,98,3,1,0,79.1,100,89,79.1,89,100,79.1,70.19,89,79.1,89,79.1
9413,0.164680390033,98,3,1,0,79.1,100,89,79.1,89,100,79.1,70.19,89,79.1,89,79.1
9414,0.164655387949,96,5,1,0,79.1,100,89,79.1,89,100,79.1,70.19,89,79.1,89,79.1
9415,0.164630385865,98,3,1,0,79.1,100,89,79.1,89,100,79.1,70.19,89,79.1,89,79.1
9416,0.164605383782,97,4,1,0,79.1,100,89,79.1,89,100,79.1,70.19,89,79.1,89,79.1
9417,0.164580381698,98,3,1,0,79.1,100,89,79.1,89,100,79.1,70.19,89,79.1,89,79.1
9418,0.164555379615,96,5,1,0,79.1,100,89,79.1,89,100,79.1,70.19,89,79.1,89,79.1
9419,0.164530377531,98,3,1,0,79.1,100,89,79.1,89,100,79.1,70.19,89,79.1,89,79.1
9420,0.164505375448,98,3,1,0,79.1,100,89,79.1,89,100,79.1,70.19,89,79.1,89,79.1
9421,0.164480373364,98,3,1,0,79.1,100,89,79.1,89,100,79.1,70.19,89,79.1,89,79.1
9422,0.164455371281,98,3,1,0,79.1,100,89,79.1,89,100,79.1,70.19,89,79.1,89,79.1
9423,0.164430369197,98,3,1,0,79.1,100,89,79.1,89,100,79.1,70.19,89,79.1,89,79.1
9424,0.164405367114,96,5,1,0,79.1,100,89,79.1,89,100,79.1,70.19,89,79.1,89,79.1
9425,0.16438036503,98,3,1,0,79.1,100,89,79.1,89,100,79.1,70.19,89,79.1,89,79.1
9426,0.164355362947,98,3,1,0,79.1,100,89,79.1,89,100,79.1,70.19,89,79.1,89,79.1
9427,0.164330360863,98,3,1,0,79.1,100,89,79.1,89,100,79.1,70.19,89,79.1,89,79.1
9428,0.16430535878,95,6,1,0,79.1,100,89,79.1,89,100,79.1,70.19,89,79.1,89,79.1
9429,0.164280356696,98,3,1,0,79.1,100,89,79.1,89,100,79.1,70.19,89,79.1,89,79.1
9430,0.164255354613,98,3,1,0,79.1,100,89,79.1,89,100,79.1,70.19,89,79.1,89,79.1
9431,0.164230352529,98,3,1,0,79.1,100,89,79.1,89,100,79.1,70.19,89,79.1,89,79.1
9432,0.164205350446,98,3,1,0,79.1,100,89,79.1,89,100,79.1,70.19,89,79.1,89,79.1
9433,0.164180348362,98,3,1,0,79.1,100,89,79.1,89,100,79.1,70.19,89,79.1,89,79.1
9434,0.164155346279,98,3,1,0,79.1,100,89,79.1,89,100,79.1,70.19,89,79.1,89,79.1
9435,0.164130344195,97,4,1,0,79.1,100,89,79.1,89,100,79.1,70.19,89,79.1,89,79.1
9436,0.164105342112,98,3,1,0,79.1,100,89,79.1,89,100,79.1,70.19,89,79.1,89,79.1
9437,0.164080340028,98,3,1,0,79.1,100,89,79.1,89,100,79.1,70.19,89,79.1,89,79.1
9438,0.164055337945,92,9,1,0,79.1,100,89,79.1,89,100,79.1,70.19,89,79.1,89,79.1
9439,0.164030335861,98,3,1,0,79.1,100,89,79.1,89,100,79.1,70.19,89,79.1,89,79.1
9440,0.164005333778,96,5,1,0,79.1,100,89,79.1,89,100,79.1,70.19,89,79.1,89,79.1
9441,0.163980331694,98,3,1,0,79.1,100,89,79.1,89,100,79.1,70.19,89,79.1,89,79.1
9442,0.163955329611,98,3,1,0,79.1,100,89,79.1,89,100,79.1,70.19,89,79.1,89,79.1
9443,0.163930327527,98,3,1,0,79.1,100,89,79.1,89,100,79.1,70.19,89,79.1,89,79.1
9444,0.163905325444,98,3,1,0,79.1,100,89,79.1,89,100,79.1,70.19,89,79.1,89,79.1
9445,0.16388032336,98,3,1,0,79.1,100,89,79.1,89,100,79.1,70.19,89,79.1,89,79.1
9446,0.163855321277,97,4,1,0,79.1,100,89,79.1,89,100,79.1,70.19,89,79.1,89,79.1
9447,0.163830319193,96,5,1,0,79.1,100,89,79.1,89,100,79.1,70.19,89,79.1,89,79.1
9448,0.16380531711,98,3,1,0,79.1,100,89,79.1,89,100,79.1,70.19,89,79.1,89,79.1
9449,0.163780315026,97,4,1,0,79.1,100,89,79.1,89,100,79.1,70.19,89,79.1,89,79.1
9450,0.163755312943,98,3,1,0,79.1,100,89,79.1,89,100,79.1,70.19,89,79.1,89,79.1
9451,0.163730310859,97,4,1,0,79.1,100,89,79.1,89,100,79.1,70.19,89,79.1,89,79.1
9452,0.163705308776,96,5,1,0,79.1,100,89,79.1,89,100,79.1,70.19,89,79.1,89,79.1
9453,0.163680306692,97,4,1,0,79.1,100,89,79.1,89,100,79.1,70.19,89,79.1,89,79.1
9454,0.163655304609,98,3,1,0,79.1,100,89,79.1,89,100,79.1,70.19,89,79.1,89,79.1
9455,0.163630302525,98,3,1,0,79.1,100,89,79.1,89,100,79.1,70.19,89,79.1,89,79.1
9456,0.163605300442,98,3,1,0,79.1,100,89,79.1,89,100,79.1,70.19,89,79.1,89,79.1
9457,0.163580298358,98,3,1,0,79.1,100,89,79.1,89,100,79.1,70.19,89,79.1,89,79.1
9458,0.163555296275,98,3,1,0,79.1,100,89,79.1,89,100,79.1,70.19,89,79.1,89,79.1
9459,0.163530294191,98,3,1,0,79.1,100,89,79.1,89,100,79.1,70.19,89,79.1,89,79.1
9460,0.163505292108,97,4,1,0,79.1,100,89,79.1,89,100,79.1,70.19,89,79.1,89,79.1
9461,0.163480290024,95,6,1,0,79.1,100,89,79.1,89,100,79.1,70.19,89,79.1,89,79.1
9462,0.163455287941,94,7,1,0,79.1,100,89,79.1,89,100,79.1,70.19,89,79.1,89,79.1
9463,0.163430285857,96,5,1,0,79.1,100,89,79.1,89,100,79.1,70.19,89,79.1,89,79.1
9464,0.163405283774,98,3,1,0,79.1,100,89,79.1,89,100,79.1,70.19,89,79.1,89,79.1
9465,0.16338028169,98,3,1,0,79.1,100,89,79.1,89,100,79.1,70.19,89,79.1,89,79.1
9466,0.163355279607,98,3,1,0,79.1,100,89,79.1,89,100,79.1,70.19,89,79.1,89,79.1
9467,0.163330277523,98,3,1,0,79.1,100,89,79.1,89,100,79.1,70.19,89,79.1,89,79.1
9468,0.16330527544,98,3,1,0,79.1,100,89,79.1,89,100,79.1,70.19,89,79.1,89,79.1
9469,0.163280273356,98,3,1,0,79.1,100,89,79.1,89,100,79.1,70.19,89,79.1,89,79.1
9470,0.163255271273,98,3,1,0,79.1,100,89,79.1,89,100,79.1,70.19,89,79.1,89,79.1
9471,0.163230269189,98,3,1,0,79.1,100,89,79.1,89,100,79.1,70.19,89,79.1,89,79.1
9472,0.163205267106,98,3,1,0,79.1,100,89,79.1,89,100,79.1,70.19,89,79.1,89,79.1
9473,0.163180265022,98,3,1,0,79.1,100,89,79.1,89,100,79.1,70.19,89,79.1,89,79.1
9474,0.163155262939,98,3,1,0,79.1,100,89,79.1,89,100,79.1,70.19,89,79.1,89,79.1
9475,0.163130260855,98,3,1,0,79.1,100,89,79.1,89,100,79.1,70.19,89,79.1,89,79.1
9476,0.163105258772,98,3,1,0,79.1,100,89,79.1,89,100,79.1,70.19,89,79.1,89,79.1
9477,0.163080256688,98,3,1,0,79.1,100,89,79.1,89,100,79.1,70.19,89,79.1,89,79.1
9478,0.163055254605,98,3,1,0,79.1,100,89,79.1,89,100,79.1,70.19,89,79.1,89,79.1
9479,0.163030252521,97,4,1,0,79.1,100,89,79.1,89,100,79.1,70.19,89,79.1,89,79.1
9480,0.163005250438,95,6,1,0,79.1,100,89,79.1,89,100,79.1,70.19,89,79.1,89,79.1
9481,0.162980248354,97,4,1,0,79.1,100,89,79.1,89,100,79.1,70.19,89,79.1,89,79.1
9482,0.162955246271,98,3,1,0,79.1,100,89,79.1,89,100,79.1,70.19,89,79.1,89,79.1
9483,0.162930244187,98,3,1,0,79.1,100,89,79.1,89,100,79.1,70.19,89,79.1,89,79.1
9484,0.162905242104,98,3,1,0,79.1,100,89,79.1,89,100,79.1,70.19,89,79.1,89,79.1
9485,0.16288024002,98,3,1,0,79.1,100,89,79.1,89,100,79.1,70.19,89,79.1,89,79.1
9486,0.162855237936,98,3,1,0,79.1,100,89,79.1,89,100,79.1,70.19,89,79.1,89,79.1
9487,0.162830235853,98,3,1,0,79.1,100,89,79.1,89,100,79.1,70.19,89,79.1,89,79.1
9488,0.162805233769,98,3,1,0,79.1,100,89,79.1,89,100,79.1,70.19,89,79.1,89,79.1
9489,0.162780231686,98,3,1,0,79.1,100,89,79.1,89,100,79.1,70.19,89,79.1,89,79.1
9490,0.162755229602,98,3,1,0,79.1,100,89,79.1,89,100,79.1,70.19,89,79.1,89,79.1
9491,0.162730227519,98,3,1,0,79.1,100,89,79.1,89,100,79.1,70.19,89,79.1,89,79.1
9492,0.162705225435,98,3,1,0,79.1,100,89,79.1,89,100,79.1,70.19,89,79.1,89,79.1
9493,0.162680223352,98,3,1,0,79.1,100,89,79.1,89,100,79.1,70.19,89,79.1,89,79.1
9494,0.162655221268,97,4,1,0,79.1,100,89,79.1,89,100,79.1,70.19,89,79.1,89,79.1
9495,0.162630219185,96,5,1,0,79.1,100,89,79.1,89,100,79.1,70.19,89,79.1,89,79.1
9496,0.162605217101,98,3,1,0,79.1,100,89,79.1,89,100,79.1,70.19,89,79.1,89,79.1
9497,0.162580215018,98,3,1,0,79.1,100,89,79.1,89,100,79.1,70.19,89,79.1,89,79.1
9498,0.162555212934,98,3,1,0,79.1,100,89,79.1,89,100,79.1,70.19,89,79.1,89,79.1
9499,0.162530210851,98,3,1,0,79.1,100,89,79.1,89,100,79.1,70.19,89,79.1,89,79.1
9500,0.162505208767,98,3,1,0,79.1,100,89,79.1,89,100,79.1,70.19,89,79.1,89,79.1
9501,0.162480206684,98,3,1,0,79.1,100,89,79.1,89,100,79.1,70.19,89,79.1,89,79.1
9502,0.1624552046,98,3,1,0,79.1,100,89,79.1,89,100,79.1,70.19,89,79.1,89,79.1
9503,0.162430202517,98,3,1,0,79.1,100,89,79.1,89,100,79.1,70.19,89,79.1,89,79.1
9504,0.162405200433,98,3,1,0,79.1,100,89,79.1,89,100,79.1,70.19,89,79.1,89,79.1
9505,0.16238019835,98,3,1,0,79.1,100,89,79.1,89,100,79.1,70.19,89,79.1,89,79.1
9506,0.162355196266,98,3,1,0,79.1,100,89,79.1,89,100,79.1,70.19,89,79.1,89,79.1
9507,0.162330194183,98,3,1,0,79.1,100,89,79.1,89,100,79.1,70.19,89,79.1,89,79.1
9508,0.162305192099,98,3,1,0,79.1,100,89,79.1,89,100,79.1,70.19,89,79.1,89,79.1
9509,0.162280190016,98,3,1,0,79.1,100,89,79.1,89,100,79.1,70.19,89,79.1,89,79.1
9510,0.162255187932,98,3,1,0,79.1,100,89,79.1,89,100,79.1,70.19,89,79.1,89,79.1
9511,0.162230185849,98,3,1,0,79.1,100,89,79.1,89,100,79.1,70.19,89,79.1,89,79.1
9512,0.162205183765,96,5,1,0,79.1,100,89,79.1,89,100,79.1,70.19,89,79.1,89,79.1
9513,0.162180181682,98,3,1,0,79.1,100,89,79.1,89,100,79.1,70.19,89,79.1,89,79.1
9514,0.162155179598,98,3,1,0,79.1,100,89,79.1,89,100,79.1,70.19,89,79.1,89,79.1
9515,0.162130177515,98,3,1,0,79.1,100,89,79.1,89,100,79.1,70.19,89,79.1,89,79.1
9516,0.162105175431,98,3,1,0,79.1,100,89,79.1,89,100,79.1,70.19,89,79.1,89,79.1
9517,0.162080173348,98,3,1,0,79.1,100,89,79.1,89,100,79.1,70.19,89,79.1,89,79.1
9518,0.162055171264,98,3,1,0,79.1,100,89,79.1,89,100,79.1,70.19,89,79.1,89,79.1
9519,0.162030169181,98,3,1,0,79.1,100,89,79.1,89,100,79.1,70.19,89,79.1,89,79.1
9520,0.162005167097,98,3,1,0,79.1,100,89,79.1,89,100,79.1,70.19,89,79.1,89,79.1
9521,0.161980165014,98,3,1,0,79.1,100,89,79.1,89,100,79.1,70.19,89,79.1,89,79.1
9522,0.16195516293,98,3,1,0,79.1,100,89,79.1,89,100,79.1,70.19,89,79.1,89,79.1
9523,0.161930160847,98,3,1,0,79.1,100,89,79.1,89,100,79.1,70.19,89,79.1,89,79.1
9524,0.161905158763,98,3,1,0,79.1,100,89,79.1,89,100,79.1,70.19,89,79.1,89,79.1
9525,0.16188015668,98,3,1,0,79.1,100,89,79.1,89,100,79.1,70.19,89,79.1,89,79.1
9526,0.161855154596,98,3,1,0,79.1,100,89,79.1,89,100,79.1,70.19,89,79.1,89,79.1
9527,0.161830152513,98,3,1,0,79.1,100,89,79.1,89,100,79.1,70.19,89,79.1,89,79.1
9528,0.161805150429,98,3,1,0,79.1,100,89,79.1,89,100,79.1,70.19,89,79.1,89,79.1
9529,0.161780148346,98,3,1,0,79.1,100,89,79.1,89,100,79.1,70.19,89,79.1,89,79.1
9530,0.161755146262,98,3,1,0,79.1,100,89,79.1,89,100,79.1,70.19,89,79.1,89,79.1
9531,0.161730144179,98,3,1,0,79.1,100,89,79.1,89,100,79.1,70.19,89,79.1,89,79.1
9532,0.161705142095,97,4,1,0,79.1,100,89,79.1,89,100,79.1,70.19,89,79.1,89,79.1
9533,0.161680140012,97,4,1,0,79.1,100,89,79.1,89,100,79.1,70.19,89,79.1,89,79.1
9534,0.161655137928,98,3,1,0,79.1,100,89,79.1,89,100,79.1,70.19,89,79.1,89,79.1
9535,0.161630135845,98,3,1,0,79.1,100,89,79.1,89,100,79.1,70.19,89,79.1,89,79.1
9536,0.161605133761,98,3,1,0,79.1,100,89,79.1,89,100,79.1,70.19,89,79.1,89,79.1
9537,0.161580131678,98,3,1,0,79.1,100,89,79.1,89,100,79.1,70.19,89,79.1,89,79.1
9538,0.161555129594,98,3,1,0,79.1,100,89,79.1,89,100,79.1,70.19,89,79.1,89,79.1
9539,0.161530127511,98,3,1,0,79.1,100,89,79.1,89,100,79.1,70.19,89,79.1,89,79.1
9540,0.161505125427,98,3,1,0,79.1,100,89,79.1,89,100,79.1,70.19,89,79.1,89,79.1
9541,0.161480123344,98,3,1,0,79.1,100,89,79.1,89,100,79.1,70.19,89,79.1,89,79.1
9542,0.16145512126,98,3,1,0,79.1,100,89,79.1,89,100,79.1,70.19,89,79.1,89,79.1
9543,0.161430119177,98,3,1,0,79.1,100,89,79.1,89,100,79.1,70.19,89,79.1,89,79.1
9544,0.161405117093,98,3,1,0,79.1,100,89,79.1,89,100,79.1,70.19,89,79.1,89,79.1
9545,0.16138011501,98,3,1,0,79.1,100,89,79.1,89,100,79.1,70.19,89,79.1,89,79.1
9546,0.161355112926,98,3,1,0,79.1,100,89,79.1,89,100,79.1,70.19,89,79.1,89,79.1
9547,0.161330110843,98,3,1,0,79.1,100,89,79.1,89,100,79.1,70.19,89,79.1,89,79.1
9548,0.161305108759,98,3,1,0,79.1,100,89,79.1,89,100,79.1,70.19,89,79.1,89,79.1
9549,0.161280106676,98,3,1,0,79.1,100,89,79.1,89,100,79.1,70.19,89,79.1,89,79.1
9550,0.161255104592,96,5,1,0,79.1,100,89,79.1,89,100,79.1,70.19,89,79.1,89,79.1
9551,0.161230102509,98,3,1,0,79.1,100,89,79.1,89,100,79.1,70.19,89,79.1,89,79.1
9552,0.161205100425,96,5,1,0,79.1,100,89,79.1,89,100,79.1,70.19,89,79.1,89,79.1
9553,0.161180098342,98,3,1,0,79.1,100,89,79.1,89,100,79.1,70.19,89,79.1,89,79.1
9554,0.161155096258,98,3,1,0,79.1,100,89,79.1,89,100,79.1,70.19,89,79.1,89,79.1
9555,0.161130094175,98,3,1,0,79.1,100,89,79.1,89,100,79.1,70.19,89,79.1,89,79.1
9556,0.161105092091,98,3,1,0,79.1,100,89,79.1,89,100,79.1,70.19,89,79.1,89,79.1
9557,0.161080090008,98,3,1,0,79.1,100,89,79.1,89,100,79.1,70.19,89,79.1,89,79.1
9558,0.161055087924,98,3,1,0,79.1,100,89,79.1,89,100,79.1,70.19,89,79.1,89,79.1
9559,0.16103008584,97,4,1,0,79.1,100,89,79.1,89,100,79.1,70.19,89,79.1,89,79.1
9560,0.161005083757,96,5,1,0,79.1,100,89,79.1,89,100,79.1,70.19,89,79.1,89,79.1
9561,0.160980081673,98,3,1,0,79.1,100,89,79.1,89,100,79.1,70.19,89,79.1,89,79.1
9562,0.16095507959,98,3,1,0,79.1,100,89,79.1,89,100,79.1,70.19,89,79.1,89,79.1
9563,0.160930077506,98,3,1,0,79.1,100,89,79.1,89,100,79.1,70.19,89,79.1,89,79.1
9564,0.160905075423,97,4,1,0,79.1,100,89,79.1,89,100,79.1,70.19,89,79.1,89,79.1
9565,0.160880073339,98,3,1,0,79.1,100,89,79.1,89,100,79.1,70.19,89,79.1,89,79.1
9566,0.160855071256,98,3,1,0,79.1,100,89,79.1,89,100,79.1,70.19,89,79.1,89,79.1
9567,0.160830069172,98,3,1,0,79.1,100,89,79.1,89,100,79.1,70.19,89,79.1,89,79.1
9568,0.160805067089,98,3,1,0,79.1,100,89,79.1,89,100,79.1,70.19,89,79.1,89,79.1
9569,0.160780065005,98,3,1,0,79.1,100,89,79.1,89,100,79.1,70.19,89,79.1,89,79.1
9570,0.160755062922,98,3,1,0,79.1,100,89,79.1,89,100,79.1,70.19,89,79.1,89,79.1
9571,0.160730060838,96,5,1,0,79.1,100,89,79.1,89,100,79.1,70.19,89,79.1,89,79.1
9572,0.160705058755,98,3,1,0,79.1,100,89,79.1,89,100,79.1,70.19,89,79.1,89,79.1
9573,0.160680056671,98,3,1,0,79.1,100,89,79.1,89,100,79.1,70.19,89,79.1,89,79.1
9574,0.160655054588,98,3,1,0,79.1,100,89,79.1,89,100,79.1,70.19,89,79.1,89,79.1
9575,0.160630052504,96,5,1,0,79.1,100,89,79.1,89,100,79.1,70.19,89,79.1,89,79.1
9576,0.160605050421,98,3,1,0,79.1,100,89,79.1,89,100,79.1,70.19,89,79.1,89,79.1
9577,0.160580048337,97,4,1,0,79.1,100,89,79.1,89,100,79.1,70.19,89,79.1,89,79.1
9578,0.160555046254,96,5,1,0,79.1,100,89,79.1,89,100,79.1,70.19,89,79.1,89,79.1
9579,0.16053004417,98,3,1,0,79.1,100,89,79.1,89,100,79.1,70.19,89,79.1,89,79.1
9580,0.160505042087,98,3,1,0,79.1,100,89,79.1,89,100,79.1,70.19,89,79.1,89,79.1
9581,0.160480040003,97,4,1,0,79.1,100,89,79.1,89,100,79.1,70.19,89,79.1,89,79.1
9582,0.16045503792,98,3,1,0,79.1,100,89,79.1,89,100,79.1,70.19,89,79.1,89,79.1
9583,0.160430035836,98,3,1,0,79.1,100,89,79.1,89,100,79.1,70.19,89,79.1,89,79.1
9584,0.160405033753,98,3,1,0,79.1,100,89,79.1,89,100,79.1,70.19,89,79.1,89,79.1
9585,0.160380031669,97,4,1,0,79.1,100,89,79.1,89,100,79.1,70.19,89,79.1,89,79.1
9586,0.160355029586,98,3,1,0,79.1,100,89,79.1,89,100,79.1,70.19,89,79.1,89,79.1
9587,0.160330027502,98,3,1,0,79.1,100,89,79.1,89,100,79.1,70.19,89,79.1,89,79.1
9588,0.160305025419,98,3,1,0,79.1,100,89,79.1,89,100,79.1,70.19,89,79.1,89,79.1
9589,0.160280023335,98,3,1,0,79.1,100,89,79.1,89,100,79.1,70.19,89,79.1,89,79.1
9590,0.160255021252,98,3,1,0,79.1,100,89,79.1,89,100,79.1,70.19,89,79.1,89,79.1
9591,0.160230019168,96,5,1,0,79.1,100,89,79.1,89,100,79.1,70.19,89,79.1,89,79.1
9592,0.160205017085,98,3,1,0,79.1,100,89,79.1,89,100,79.1,70.19,89,79.1,89,79.1
9593,0.160180015001,98,3,1,0,79.1,100,89,79.1,89,100,79.1,70.19,89,79.1,89,79.1
9594,0.160155012918,98,3,1,0,79.1,100,89,79.1,89,100,79.1,70.19,89,79.1,89,79.1
9595,0.160130010834,98,3,1,0,79.1,100,89,79.1,89,100,79.1,70.19,89,79.1,89,79.1
9596,0.160105008751,98,3,1,0,79.1,100,89,79.1,89,100,79.1,70.19,89,79.1,89,79.1
9597,0.160080006667,98,3,1,0,79.1,100,89,79.1,89,100,79.1,70.19,89,79.1,89,79.1
9598,0.160055004584,98,3,1,0,79.1,100,89,79.1,89,100,79.1,70.19,89,79.1,89,79.1
9599,0.1600300025,98,3,1,0,79.1,100,89,79.1,89,100,79.1,70.19,89,79.1,89,79.1
9600,0.160005000417,98,3,1,0,79.1,100,89,79.1,89,100,79.1,70.19,89,79.1,89,79.1
9601,0.159979998333,97,4,1,0,79.1,100,89,79.1,89,100,79.1,70.19,89,79.1,89,79.1
9602,0.15995499625,98,3,1,0,79.1,100,89,79.1,89,100,79.1,70.19,89,79.1,89,79.1
9603,0.159929994166,94,7,1,0,79.1,100,89,79.1,89,100,79.1,70.19,89,79.1,89,79.1
9604,0.159904992083,98,3,1,0,79.1,100,89,79.1,89,100,79.1,70.19,89,79.1,89,79.1
9605,0.159879989999,98,3,1,0,79.1,100,89,79.1,89,100,79.1,70.19,89,79.1,89,79.1
9606,0.159854987916,98,3,1,0,79.1,100,89,79.1,89,100,79.1,70.19,89,79.1,89,79.1
9607,0.159829985832,98,3,1,0,79.1,100,89,79.1,89,100,79.1,70.19,89,79.1,89,79.1
9608,0.159804983749,98,3,1,0,79.1,100,89,79.1,89,100,79.1,70.19,89,79.1,89,79.1
9609,0.159779981665,98,3,1,0,79.1,100,89,79.1,89,100,79.1,70.19,89,79.1,89,79.1
9610,0.159754979582,98,3,1,0,79.1,100,89,79.1,89,100,79.1,70.19,89,79.1,89,79.1
9611,0.159729977498,96,5,1,0,79.1,100,89,79.1,89,100,79.1,70.19,89,79.1,89,79.1
9612,0.159704975415,98,3,1,0,79.1,100,89,79.1,89,100,79.1,70.19,89,79.1,89,79.1
9613,0.159679973331,98,3,1,0,79.1,100,89,79.1,89,100,79.1,70.19,89,79.1,89,79.1
9614,0.159654971248,98,3,1,0,79.1,100,89,79.1,89,100,79.1,70.19,89,79.1,89,79.1
9615,0.159629969164,98,3,1,0,79.1,100,89,79.1,89,100,79.1,70.19,89,79.1,89,79.1
9616,0.159604967081,98,3,1,0,79.1,100,89,79.1,89,100,79.1,70.19,89,79.1,89,79.1
9617,0.159579964997,96,5,1,0,79.1,100,89,79.1,89,100,79.1,70.19,89,79.1,89,79.1
9618,0.159554962914,98,3,1,0,79.1,100,89,79.1,89,100,79.1,70.19,89,79.1,89,79.1
9619,0.15952996083,98,3,1,0,79.1,100,89,79.1,89,100,79.1,70.19,89,79.1,89,79.1
9620,0.159504958747,98,3,1,0,79.1,100,89,79.1,89,100,79.1,70.19,89,79.1,89,79.1
9621,0.159479956663,98,3,1,0,79.1,100,89,79.1,89,100,79.1,70.19,89,79.1,89,79.1
9622,0.15945495458,98,3,1,0,79.1,100,89,79.1,89,100,79.1,70.19,89,79.1,89,79.1
9623,0.159429952496,96,5,1,0,79.1,100,89,79.1,89,100,79.1,70.19,89,79.1,89,79.1
9624,0.159404950413,98,3,1,0,79.1,100,89,79.1,89,100,79.1,70.19,89,79.1,89,79.1
9625,0.159379948329,96,5,1,0,79.1,100,89,79.1,89,100,79.1,70.19,89,79.1,89,79.1
9626,0.159354946246,98,3,1,0,79.1,100,89,79.1,89,100,79.1,70.19,89,79.1,89,79.1
9627,0.159329944162,98,3,1,0,79.1,100,89,79.1,89,100,79.1,70.19,89,79.1,89,79.1
9628,0.159304942079,97,4,1,0,79.1,100,89,79.1,89,100,79.1,70.19,89,79.1,89,79.1
9629,0.159279939995,97,4,1,0,79.1,100,89,79.1,89,100,79.1,70.19,89,79.1,89,79.1
9630,0.159254937911,98,3,1,0,79.1,100,89,79.1,89,100,79.1,70.19,89,79.1,89,79.1
9631,0.159229935828,98,3,1,0,79.1,100,89,79.1,89,100,79.1,70.19,89,79.1,89,79.1
9632,0.159204933744,98,3,1,0,79.1,100,89,79.1,89,100,79.1,70.19,89,79.1,89,79.1
9633,0.159179931661,98,3,1,0,79.1,100,89,79.1,89,100,79.1,70.19,89,79.1,89,79.1
9634,0.159154929577,98,3,1,0,79.1,100,89,79.1,89,100,79.1,70.19,89,79.1,89,79.1
9635,0.159129927494,98,3,1,0,79.1,100,89,79.1,89,100,79.1,70.19,89,79.1,89,79.1
9636,0.15910492541,98,3,1,0,79.1,100,89,79.1,89,100,79.1,70.19,89,79.1,89,79.1
9637,0.159079923327,96,5,1,0,79.1,100,89,79.1,89,100,79.1,70.19,89,79.1,89,79.1
9638,0.159054921243,98,3,1,0,79.1,100,89,79.1,89,100,79.1,70.19,89,79.1,89,79.1
9639,0.15902991916,96,5,1,0,79.1,100,89,79.1,89,100,79.1,70.19,89,79.1,89,79.1
9640,0.159004917076,98,3,1,0,79.1,100,89,79.1,89,100,79.1,70.19,89,79.1,89,79.1
9641,0.158979914993,98,3,1,0,79.1,100,89,79.1,89,100,79.1,70.19,89,79.1,89,79.1
9642,0.158954912909,98,3,1,0,79.1,100,89,79.1,89,100,79.1,70.19,89,79.1,89,79.1
9643,0.158929910826,98,3,1,0,79.1,100,89,79.1,89,100,79.1,70.19,89,79.1,89,79.1
9644,0.158904908742,97,4,1,0,79.1,100,89,79.1,89,100,79.1,70.19,89,79.1,89,79.1
9645,0.158879906659,98,3,1,0,79.1,100,89,79.1,89,100,79.1,70.19,89,79.1,89,79.1
9646,0.158854904575,97,4,1,0,79.1,100,89,79.1,89,100,79.1,70.19,89,79.1,89,79.1
9647,0.158829902492,98,3,1,0,79.1,100,89,79.1,89,100,79.1,70.19,89,79.1,89,79.1
9648,0.158804900408,98,3,1,0,79.1,100,89,79.1,89,100,79.1,70.19,89,79.1,89,79.1
9649,0.158779898325,98,3,1,0,79.1,100,89,79.1,89,100,79.1,70.19,89,79.1,89,79.1
9650,0.158754896241,98,3,1,0,79.1,100,89,79.1,89,100,79.1,70.19,89,79.1,89,79.1
9651,0.158729894158,96,5,1,0,79.1,100,89,79.1,89,100,79.1,70.19,89,79.1,89,79.1
9652,0.158704892074,96,5,1,0,79.1,100,89,79.1,89,100,79.1,70.19,89,79.1,89,79.1
9653,0.158679889991,98,3,1,0,79.1,100,89,79.1,89,100,79.1,70.19,89,79.1,89,79.1
9654,0.158654887907,98,3,1,0,79.1,100,89,79.1,89,100,79.1,70.19,89,79.1,89,79.1
9655,0.158629885824,97,4,1,0,79.1,100,89,79.1,89,100,79.1,70.19,89,79.1,89,79.1
9656,0.15860488374,98,3,1,0,79.1,100,89,79.1,89,100,79.1,70.19,89,79.1,89,79.1
9657,0.158579881657,98,3,1,0,79.1,100,89,79.1,89,100,79.1,70.19,89,79.1,89,79.1
9658,0.158554879573,98,3,1,0,79.1,100,89,79.1,89,100,79.1,70.19,89,79.1,89,79.1
9659,0.15852987749,98,3,1,0,79.1,100,89,79.1,89,100,79.1,70.19,89,79.1,89,79.1
9660,0.158504875406,98,3,1,0,79.1,100,89,79.1,89,100,79.1,70.19,89,79.1,89,79.1
9661,0.158479873323,98,3,1,0,79.1,100,89,79.1,89,100,79.1,70.19,89,79.1,89,79.1
9662,0.158454871239,98,3,1,0,79.1,100,89,79.1,89,100,79.1,70.19,89,79.1,89,79.1
9663,0.158429869156,98,3,1,0,79.1,100,89,79.1,89,100,79.1,70.19,89,79.1,89,79.1
9664,0.158404867072,98,3,1,0,79.1,100,89,79.1,89,100,79.1,70.19,89,79.1,89,79.1
9665,0.158379864989,98,3,1,0,79.1,100,89,79.1,89,100,79.1,70.19,89,79.1,89,79.1
9666,0.158354862905,98,3,1,0,79.1,100,89,79.1,89,100,79.1,70.19,89,79.1,89,79.1
9667,0.158329860822,98,3,1,0,79.1,100,89,79.1,89,100,79.1,70.19,89,79.1,89,79.1
9668,0.158304858738,98,3,1,0,79.1,100,89,79.1,89,100,79.1,70.19,89,79.1,89,79.1
9669,0.158279856655,98,3,1,0,79.1,100,89,79.1,89,100,79.1,70.19,89,79.1,89,79.1
9670,0.158254854571,98,3,1,0,79.1,100,89,79.1,89,100,79.1,70.19,89,79.1,89,79.1
9671,0.158229852488,98,3,1,0,79.1,100,89,79.1,89,100,79.1,70.19,89,79.1,89,79.1
9672,0.158204850404,98,3,1,0,79.1,100,89,79.1,89,100,79.1,70.19,89,79.1,89,79.1
9673,0.158179848321,98,3,1,0,79.1,100,89,79.1,89,100,79.1,70.19,89,79.1,89,79.1
9674,0.158154846237,96,5,1,0,79.1,100,89,79.1,89,100,79.1,70.19,89,79.1,89,79.1
9675,0.158129844154,98,3,1,0,79.1,100,89,79.1,89,100,79.1,70.19,89,79.1,89,79.1
9676,0.15810484207,96,5,1,0,79.1,100,89,79.1,89,100,79.1,70.19,89,79.1,89,79.1
9677,0.158079839987,98,3,1,0,79.1,100,89,79.1,89,100,79.1,70.19,89,79.1,89,79.1
9678,0.158054837903,98,3,1,0,79.1,100,89,79.1,89,100,79.1,70.19,89,79.1,89,79.1
9679,0.15802983582,98,3,1,0,79.1,100,89,79.1,89,100,79.1,70.19,89,79.1,89,79.1
9680,0.158004833736,98,3,1,0,79.1,100,89,79.1,89,100,79.1,70.19,89,79.1,89,79.1
9681,0.157979831653,98,3,1,0,79.1,100,89,79.1,89,100,79.1,70.19,89,79.1,89,79.1
9682,0.157954829569,98,3,1,0,79.1,100,89,79.1,89,100,79.1,70.19,89,79.1,89,79.1
9683,0.157929827486,98,3,1,0,79.1,100,89,79.1,89,100,79.1,70.19,89,79.1,89,79.1
9684,0.157904825402,98,3,1,0,79.1,100,89,79.1,89,100,79.1,70.19,89,79.1,89,79.1
9685,0.157879823319,98,3,1,0,79.1,100,89,79.1,89,100,79.1,70.19,89,79.1,89,79.1
9686,0.157854821235,98,3,1,0,79.1,100,89,79.1,89,100,79.1,70.19,89,79.1,89,79.1
9687,0.157829819152,98,3,1,0,79.1,100,89,79.1,89,100,79.1,70.19,89,79.1,89,79.1
9688,0.157804817068,98,3,1,0,79.1,100,89,79.1,89,100,79.1,70.19,89,79.1,89,79.1
9689,0.157779814985,98,3,1,0,79.1,100,89,79.1,89,100,79.1,70.19,89,79.1,89,79.1
9690,0.157754812901,97,4,1,0,79.1,100,89,79.1,89,100,79.1,70.19,89,79.1,89,79.1
9691,0.157729810818,98,3,1,0,79.1,100,89,79.1,89,100,79.1,70.19,89,79.1,89,79.1
9692,0.157704808734,98,3,1,0,79.1,100,89,79.1,89,100,79.1,70.19,89,79.1,89,79.1
9693,0.157679806651,96,5,1,0,79.1,100,89,79.1,89,100,79.1,70.19,89,79.1,89,79.1
9694,0.157654804567,98,3,1,0,79.1,100,89,79.1,89,100,79.1,70.19,89,79.1,89,79.1
9695,0.157629802484,98,3,1,0,79.1,100,89,79.1,89,100,79.1,70.19,89,79.1,89,79.1
9696,0.1576048004,96,5,1,0,79.1,100,89,79.1,89,100,79.1,70.19,89,79.1,89,79.1
9697,0.157579798317,98,3,1,0,79.1,100,89,79.1,89,100,79.1,70.19,89,79.1,89,79.1
9698,0.157554796233,98,3,1,0,79.1,100,89,79.1,89,100,79.1,70.19,89,79.1,89,79.1
9699,0.15752979415,98,3,1,0,79.1,100,89,79.1,89,100,79.1,70.19,89,79.1,89,79.1
9700,0.157504792066,98,3,1,0,79.1,100,89,79.1,89,100,79.1,70.19,89,79.1,89,79.1
9701,0.157479789982,98,3,1,0,79.1,100,89,79.1,89,100,79.1,70.19,89,79.1,89,79.1
9702,0.157454787899,98,3,1,0,79.1,100,89,79.1,89,100,79.1,70.19,89,79.1,89,79.1
9703,0.157429785815,96,5,1,0,79.1,100,89,79.1,89,100,79.1,70.19,89,79.1,89,79.1
9704,0.157404783732,98,3,1,0,79.1,100,89,79.1,89,100,79.1,70.19,89,79.1,89,79.1
9705,0.157379781648,98,3,1,0,79.1,100,89,79.1,89,100,79.1,70.19,89,79.1,89,79.1
9706,0.157354779565,98,3,1,0,79.1,100,89,79.1,89,100,79.1,70.19,89,79.1,89,79.1
9707,0.157329777481,96,5,1,0,79.1,100,89,79.1,89,100,79.1,70.19,89,79.1,89,79.1
9708,0.157304775398,98,3,1,0,79.1,100,89,79.1,89,100,79.1,70.19,89,79.1,89,79.1
9709,0.157279773314,98,3,1,0,79.1,100,89,79.1,89,100,79.1,70.19,89,79.1,89,79.1
9710,0.157254771231,98,3,1,0,79.1,100,89,79.1,89,100,79.1,70.19,89,79.1,89,79.1
9711,0.157229769147,96,5,1,0,79.1,100,89,79.1,89,100,79.1,70.19,89,79.1,89,79.1
9712,0.157204767064,96,5,1,0,79.1,100,89,79.1,89,100,79.1,70.19,89,79.1,89,79.1
9713,0.15717976498,98,3,1,0,79.1,100,89,79.1,89,100,79.1,70.19,89,79.1,89,79.1
9714,0.157154762897,96,5,1,0,79.1,100,89,79.1,89,100,79.1,70.19,89,79.1,89,79.1
9715,0.157129760813,98,3,1,0,79.1,100,89,79.1,89,100,79.1,70.19,89,79.1,89,79.1
9716,0.15710475873,98,3,1,0,79.1,100,89,79.1,89,100,79.1,70.19,89,79.1,89,79.1
9717,0.157079756646,98,3,1,0,79.1,100,89,79.1,89,100,79.1,70.19,89,79.1,89,79.1
9718,0.157054754563,98,3,1,0,79.1,100,89,79.1,89,100,79.1,70.19,89,79.1,89,79.1
9719,0.157029752479,98,3,1,0,79.1,100,89,79.1,89,100,79.1,70.19,89,79.1,89,79.1
9720,0.157004750396,98,3,1,0,79.1,100,89,79.1,89,100,79.1,70.19,89,79.1,89,79.1
9721,0.156979748312,98,3,1,0,79.1,100,89,79.1,89,100,79.1,70.19,89,79.1,89,79.1
9722,0.156954746229,98,3,1,0,79.1,100,89,79.1,89,100,79.1,70.19,89,79.1,89,79.1
9723,0.156929744145,98,3,1,0,79.1,100,89,79.1,89,100,79.1,70.19,89,79.1,89,79.1
9724,0.156904742062,98,3,1,0,79.1,100,89,79.1,89,100,79.1,70.19,89,79.1,89,79.1
9725,0.156879739978,96,5,1,0,79.1,100,89,79.1,89,100,79.1,70.19,89,79.1,89,79.1
9726,0.156854737895,98,3,1,0,79.1,100,89,79.1,89,100,79.1,70.19,89,79.1,89,79.1
9727,0.156829735811,98,3,1,0,79.1,100,89,79.1,89,100,79.1,70.19,89,79.1,89,79.1
9728,0.156804733728,98,3,1,0,79.1,100,89,79.1,89,100,79.1,70.19,89,79.1,89,79.1
9729,0.156779731644,98,3,1,0,79.1,100,89,79.1,89,100,79.1,70.19,89,79.1,89,79.1
9730,0.156754729561,98,3,1,0,79.1,100,89,79.1,89,100,79.1,70.19,89,79.1,89,79.1
9731,0.156729727477,98,3,1,0,79.1,100,89,79.1,89,100,79.1,70.19,89,79.1,89,79.1
9732,0.156704725394,98,3,1,0,79.1,100,89,79.1,89,100,79.1,70.19,89,79.1,89,79.1
9733,0.15667972331,98,3,1,0,79.1,100,89,79.1,89,100,79.1,70.19,89,79.1,89,79.1
9734,0.156654721227,96,5,1,0,79.1,100,89,79.1,89,100,79.1,70.19,89,79.1,89,79.1
9735,0.156629719143,96,5,1,0,79.1,100,89,79.1,89,100,79.1,70.19,89,79.1,89,79.1
9736,0.15660471706,98,3,1,0,79.1,100,89,79.1,89,100,79.1,70.19,89,79.1,89,79.1
9737,0.156579714976,98,3,1,0,79.1,100,89,79.1,89,100,79.1,70.19,89,79.1,89,79.1
9738,0.156554712893,98,3,1,0,79.1,100,89,79.1,89,100,79.1,70.19,89,79.1,89,79.1
9739,0.156529710809,98,3,1,0,79.1,100,89,79.1,89,100,79.1,70.19,89,79.1,89,79.1
9740,0.156504708726,98,3,1,0,79.1,100,89,79.1,89,100,79.1,70.19,89,79.1,89,79.1
9741,0.156479706642,98,3,1,0,79.1,100,89,79.1,89,100,79.1,70.19,89,79.1,89,79.1
9742,0.156454704559,98,3,1,0,79.1,100,89,79.1,89,100,79.1,70.19,89,79.1,89,79.1
9743,0.156429702475,98,3,1,0,79.1,100,89,79.1,89,100,79.1,70.19,89,79.1,89,79.1
9744,0.156404700392,96,5,1,0,79.1,100,89,79.1,89,100,79.1,70.19,89,79.1,89,79.1
9745,0.156379698308,98,3,1,0,79.1,100,89,79.1,89,100,79.1,70.19,89,79.1,89,79.1
9746,0.156354696225,98,3,1,0,79.1,100,89,79.1,89,100,79.1,70.19,89,79.1,89,79.1
9747,0.156329694141,98,3,1,0,79.1,100,89,79.1,89,100,79.1,70.19,89,79.1,89,79.1
9748,0.156304692058,97,4,1,0,79.1,100,89,79.1,89,100,79.1,70.19,89,79.1,89,79.1
9749,0.156279689974,98,3,1,0,79.1,100,89,79.1,89,100,79.1,70.19,89,79.1,89,79.1
9750,0.156254687891,98,3,1,0,79.1,100,89,79.1,89,100,79.1,70.19,89,79.1,89,79.1
9751,0.156229685807,98,3,1,0,79.1,100,89,79.1,89,100,79.1,70.19,89,79.1,89,79.1
9752,0.156204683724,98,3,1,0,79.1,100,89,79.1,89,100,79.1,70.19,89,79.1,89,79.1
9753,0.15617968164,97,4,1,0,79.1,100,89,79.1,89,100,79.1,70.19,89,79.1,89,79.1
9754,0.156154679557,98,3,1,0,79.1,100,89,79.1,89,100,79.1,70.19,89,79.1,89,79.1
9755,0.156129677473,98,3,1,0,79.1,100,89,79.1,89,100,79.1,70.19,89,79.1,89,79.1
9756,0.15610467539,94,7,1,0,79.1,100,89,79.1,89,100,79.1,70.19,89,79.1,89,79.1
9757,0.156079673306,98,3,1,0,79.1,100,89,79.1,89,100,79.1,70.19,89,79.1,89,79.1
9758,0.156054671223,98,3,1,0,79.1,100,89,79.1,89,100,79.1,70.19,89,79.1,89,79.1
9759,0.156029669139,97,4,1,0,79.1,100,89,79.1,89,100,79.1,70.19,89,79.1,89,79.1
9760,0.156004667056,98,3,1,0,79.1,100,89,79.1,89,100,79.1,70.19,89,79.1,89,79.1
9761,0.155979664972,98,3,1,0,79.1,100,89,79.1,89,100,79.1,70.19,89,79.1,89,79.1
9762,0.155954662889,98,3,1,0,79.1,100,89,79.1,89,100,79.1,70.19,89,79.1,89,79.1
9763,0.155929660805,98,3,1,0,79.1,100,89,79.1,89,100,79.1,70.19,89,79.1,89,79.1
9764,0.155904658722,98,3,1,0,79.1,100,89,79.1,89,100,79.1,70.19,89,79.1,89,79.1
9765,0.155879656638,96,5,1,0,79.1,100,89,79.1,89,100,79.1,70.19,89,79.1,89,79.1
9766,0.155854654555,98,3,1,0,79.1,100,89,79.1,89,100,79.1,70.19,89,79.1,89,79.1
9767,0.155829652471,98,3,1,0,79.1,100,89,79.1,89,100,79.1,70.19,89,79.1,89,79.1
9768,0.155804650388,97,4,1,0,79.1,100,89,79.1,89,100,79.1,70.19,89,79.1,89,79.1
9769,0.155779648304,98,3,1,0,79.1,100,89,79.1,89,100,79.1,70.19,89,79.1,89,79.1
9770,0.155754646221,98,3,1,0,79.1,100,89,79.1,89,100,79.1,70.19,89,79.1,89,79.1
9771,0.155729644137,98,3,1,0,79.1,100,89,79.1,89,100,79.1,70.19,89,79.1,89,79.1
9772,0.155704642054,98,3,1,0,79.1,100,89,79.1,89,100,79.1,70.19,89,79.1,89,79.1
9773,0.15567963997,98,3,1,0,79.1,100,89,79.1,89,100,79.1,70.19,89,79.1,89,79.1
9774,0.155654637886,98,3,1,0,79.1,100,89,79.1,89,100,79.1,70.19,89,79.1,89,79.1
9775,0.155629635803,98,3,1,0,79.1,100,89,79.1,89,100,79.1,70.19,89,79.1,89,79.1
9776,0.155604633719,97,4,1,0,79.1,100,89,79.1,89,100,79.1,70.19,89,79.1,89,79.1
9777,0.155579631636,98,3,1,0,79.1,100,89,79.1,89,100,79.1,70.19,89,79.1,89,79.1
9778,0.155554629552,98,3,1,0,79.1,100,89,79.1,89,100,79.1,70.19,89,79.1,89,79.1
9779,0.155529627469,98,3,1,0,79.1,100,89,79.1,89,100,79.1,70.19,89,79.1,89,79.1
9780,0.155504625385,98,3,1,0,79.1,100,89,79.1,89,100,79.1,70.19,89,79.1,89,79.1
9781,0.155479623302,98,3,1,0,79.1,100,89,79.1,89,100,79.1,70.19,89,79.1,89,79.1
9782,0.155454621218,98,3,1,0,79.1,100,89,79.1,89,100,79.1,70.19,89,79.1,89,79.1
9783,0.155429619135,98,3,1,0,79.1,100,89,79.1,89,100,79.1,70.19,89,79.1,89,79.1
9784,0.155404617051,98,3,1,0,79.1,100,89,79.1,89,100,79.1,70.19,89,79.1,89,79.1
9785,0.155379614968,98,3,1,0,79.1,100,89,79.1,89,100,79.1,70.19,89,79.1,89,79.1
9786,0.155354612884,98,3,1,0,79.1,100,89,79.1,89,100,79.1,70.19,89,79.1,89,79.1
9787,0.155329610801,96,5,1,0,79.1,100,89,79.1,89,100,79.1,70.19,89,79.1,89,79.1
9788,0.155304608717,98,3,1,0,79.1,100,89,79.1,89,100,79.1,70.19,89,79.1,89,79.1
9789,0.155279606634,96,5,1,0,79.1,100,89,79.1,89,100,79.1,70.19,89,79.1,89,79.1
9790,0.15525460455,97,4,1,0,79.1,100,89,79.1,89,100,79.1,70.19,89,79.1,89,79.1
9791,0.155229602467,98,3,1,0,79.1,100,89,79.1,89,100,79.1,70.19,89,79.1,89,79.1
9792,0.155204600383,96,5,1,0,79.1,100,89,79.1,89,100,79.1,70.19,89,79.1,89,79.1
9793,0.1551795983,98,3,1,0,79.1,100,89,79.1,89,100,79.1,70.19,89,79.1,89,79.1
9794,0.155154596216,97,4,1,0,79.1,100,89,79.1,89,100,79.1,70.19,89,79.1,89,79.1
9795,0.155129594133,98,3,1,0,79.1,100,89,79.1,89,100,79.1,70.19,89,79.1,89,79.1
9796,0.155104592049,98,3,1,0,79.1,100,89,79.1,89,100,79.1,70.19,89,79.1,89,79.1
9797,0.155079589966,94,7,1,0,79.1,100,89,79.1,89,100,79.1,70.19,89,79.1,89,79.1
9798,0.155054587882,98,3,1,0,79.1,100,89,79.1,89,100,79.1,70.19,89,79.1,89,79.1
9799,0.155029585799,98,3,1,0,79.1,100,89,79.1,89,100,79.1,70.19,89,79.1,89,79.1
9800,0.155004583715,98,3,1,0,79.1,100,89,79.1,89,100,79.1,70.19,89,79.1,89,79.1
9801,0.154979581632,98,3,1,0,79.1,100,89,79.1,89,100,79.1,70.19,89,79.1,89,79.1
9802,0.154954579548,98,3,1,0,79.1,100,89,79.1,89,100,79.1,70.19,89,79.1,89,79.1
9803,0.154929577465,98,3,1,0,79.1,100,89,79.1,89,100,79.1,70.19,89,79.1,89,79.1
9804,0.154904575381,98,3,1,0,79.1,100,89,79.1,89,100,79.1,70.19,89,79.1,89,79.1
9805,0.154879573298,98,3,1,0,79.1,100,89,79.1,89,100,79.1,70.19,89,79.1,89,79.1
9806,0.154854571214,94,7,1,0,79.1,100,89,79.1,89,100,79.1,70.19,89,79.1,89,79.1
9807,0.154829569131,98,3,1,0,79.1,100,89,79.1,89,100,79.1,70.19,89,79.1,89,79.1
9808,0.154804567047,94,7,1,0,79.1,100,89,79.1,89,100,79.1,70.19,89,79.1,89,79.1
9809,0.154779564964,98,3,1,0,79.1,100,89,79.1,89,100,79.1,70.19,89,79.1,89,79.1
9810,0.15475456288,98,3,1,0,79.1,100,89,79.1,89,100,79.1,70.19,89,79.1,89,79.1
9811,0.154729560797,96,5,1,0,79.1,100,89,79.1,89,100,79.1,70.19,89,79.1,89,79.1
9812,0.154704558713,98,3,1,0,79.1,100,89,79.1,89,100,79.1,70.19,89,79.1,89,79.1
9813,0.15467955663,96,5,1,0,79.1,100,89,79.1,89,100,79.1,70.19,89,79.1,89,79.1
9814,0.154654554546,97,4,1,0,79.1,100,89,79.1,89,100,79.1,70.19,89,79.1,89,79.1
9815,0.154629552463,98,3,1,0,79.1,100,89,79.1,89,100,79.1,70.19,89,79.1,89,79.1
9816,0.154604550379,97,4,1,0,79.1,100,89,79.1,89,100,79.1,70.19,89,79.1,89,79.1
9817,0.154579548296,98,3,1,0,79.1,100,89,79.1,89,100,79.1,70.19,89,79.1,89,79.1
9818,0.154554546212,98,3,1,0,79.1,100,89,79.1,89,100,79.1,70.19,89,79.1,89,79.1
9819,0.154529544129,98,3,1,0,79.1,100,89,79.1,89,100,79.1,70.19,89,79.1,89,79.1
9820,0.154504542045,98,3,1,0,79.1,100,89,79.1,89,100,79.1,70.19,89,79.1,89,79.1
9821,0.154479539962,98,3,1,0,79.1,100,89,79.1,89,100,79.1,70.19,89,79.1,89,79.1
9822,0.154454537878,98,3,1,0,79.1,100,89,79.1,89,100,79.1,70.19,89,79.1,89,79.1
9823,0.154429535795,98,3,1,0,79.1,100,89,79.1,89,100,79.1,70.19,89,79.1,89,79.1
9824,0.154404533711,98,3,1,0,79.1,100,89,79.1,89,100,79.1,70.19,89,79.1,89,79.1
9825,0.154379531628,98,3,1,0,79.1,100,89,79.1,89,100,79.1,70.19,89,79.1,89,79.1
9826,0.154354529544,98,3,1,0,79.1,100,89,79.1,89,100,79.1,70.19,89,79.1,89,79.1
9827,0.154329527461,98,3,1,0,79.1,100,89,79.1,89,100,79.1,70.19,89,79.1,89,79.1
9828,0.154304525377,98,3,1,0,79.1,100,89,79.1,89,100,79.1,70.19,89,79.1,89,79.1
9829,0.154279523294,98,3,1,0,79.1,100,89,79.1,89,100,79.1,70.19,89,79.1,89,79.1
9830,0.15425452121,98,3,1,0,79.1,100,89,79.1,89,100,79.1,70.19,89,79.1,89,79.1
9831,0.154229519127,95,6,1,0,79.1,100,89,79.1,89,100,79.1,70.19,89,79.1,89,79.1
9832,0.154204517043,98,3,1,0,79.1,100,89,79.1,89,100,79.1,70.19,89,79.1,89,79.1
9833,0.15417951496,98,3,1,0,79.1,100,89,79.1,89,100,79.1,70.19,89,79.1,89,79.1
9834,0.154154512876,98,3,1,0,79.1,100,89,79.1,89,100,79.1,70.19,89,79.1,89,79.1
9835,0.154129510793,98,3,1,0,79.1,100,89,79.1,89,100,79.1,70.19,89,79.1,89,79.1
9836,0.154104508709,98,3,1,0,79.1,100,89,79.1,89,100,79.1,70.19,89,79.1,89,79.1
9837,0.154079506626,98,3,1,0,79.1,100,89,79.1,89,100,79.1,70.19,89,79.1,89,79.1
9838,0.154054504542,98,3,1,0,79.1,100,89,79.1,89,100,79.1,70.19,89,79.1,89,79.1
9839,0.154029502459,98,3,1,0,79.1,100,89,79.1,89,100,79.1,70.19,89,79.1,89,79.1
9840,0.154004500375,98,3,1,0,79.1,100,89,79.1,89,100,79.1,70.19,89,79.1,89,79.1
9841,0.153979498292,98,3,1,0,79.1,100,89,79.1,89,100,79.1,70.19,89,79.1,89,79.1
9842,0.153954496208,98,3,1,0,79.1,100,89,79.1,89,100,79.1,70.19,89,79.1,89,79.1
9843,0.153929494125,98,3,1,0,79.1,100,89,79.1,89,100,79.1,70.19,89,79.1,89,79.1
9844,0.153904492041,97,4,1,0,79.1,100,89,79.1,89,100,79.1,70.19,89,79.1,89,79.1
9845,0.153879489957,98,3,1,0,79.1,100,89,79.1,89,100,79.1,70.19,89,79.1,89,79.1
9846,0.153854487874,98,3,1,0,79.1,100,89,79.1,89,100,79.1,70.19,89,79.1,89,79.1
9847,0.15382948579,98,3,1,0,79.1,100,89,79.1,89,100,79.1,70.19,89,79.1,89,79.1
9848,0.153804483707,98,3,1,0,79.1,100,89,79.1,89,100,79.1,70.19,89,79.1,89,79.1
9849,0.153779481623,98,3,1,0,79.1,100,89,79.1,89,100,79.1,70.19,89,79.1,89,79.1
9850,0.15375447954,98,3,1,0,79.1,100,89,79.1,89,100,79.1,70.19,89,79.1,89,79.1
9851,0.153729477456,96,5,1,0,79.1,100,89,79.1,89,100,79.1,70.19,89,79.1,89,79.1
9852,0.153704475373,98,3,1,0,79.1,100,89,79.1,89,100,79.1,70.19,89,79.1,89,79.1
9853,0.153679473289,98,3,1,0,79.1,100,89,79.1,89,100,79.1,70.19,89,79.1,89,79.1
9854,0.153654471206,98,3,1,0,79.1,100,89,79.1,89,100,79.1,70.19,89,79.1,89,79.1
9855,0.153629469122,96,5,1,0,79.1,100,89,79.1,89,100,79.1,70.19,89,79.1,89,79.1
9856,0.153604467039,98,3,1,0,79.1,100,89,79.1,89,100,79.1,70.19,89,79.1,89,79.1
9857,0.153579464955,98,3,1,0,79.1,100,89,79.1,89,100,79.1,70.19,89,79.1,89,79.1
9858,0.153554462872,98,3,1,0,79.1,100,89,79.1,89,100,79.1,70.19,89,79.1,89,79.1
9859,0.153529460788,98,3,1,0,79.1,100,89,79.1,89,100,79.1,70.19,89,79.1,89,79.1
9860,0.153504458705,98,3,1,0,79.1,100,89,79.1,89,100,79.1,70.19,89,79.1,89,79.1
9861,0.153479456621,98,3,1,0,79.1,100,89,79.1,89,100,79.1,70.19,89,79.1,89,79.1
9862,0.153454454538,98,3,1,0,79.1,100,89,79.1,89,100,79.1,70.19,89,79.1,89,79.1
9863,0.153429452454,98,3,1,0,79.1,100,89,79.1,89,100,79.1,70.19,89,79.1,89,79.1
9864,0.153404450371,98,3,1,0,79.1,100,89,79.1,89,100,79.1,70.19,89,79.1,89,79.1
9865,0.153379448287,98,3,1,0,79.1,100,89,79.1,89,100,79.1,70.19,89,79.1,89,79.1
9866,0.153354446204,98,3,1,0,79.1,100,89,79.1,89,100,79.1,70.19,89,79.1,89,79.1
9867,0.15332944412,98,3,1,0,79.1,100,89,79.1,89,100,79.1,70.19,89,79.1,89,79.1
9868,0.153304442037,98,3,1,0,79.1,100,89,79.1,89,100,79.1,70.19,89,79.1,89,79.1
9869,0.153279439953,98,3,1,0,79.1,100,89,79.1,89,100,79.1,70.19,89,79.1,89,79.1
9870,0.15325443787,96,5,1,0,79.1,100,89,79.1,89,100,79.1,70.19,89,79.1,89,79.1
9871,0.153229435786,98,3,1,0,79.1,100,89,79.1,89,100,79.1,70.19,89,79.1,89,79.1
9872,0.153204433703,98,3,1,0,79.1,100,89,79.1,89,100,79.1,70.19,89,79.1,89,79.1
9873,0.153179431619,98,3,1,0,79.1,100,89,79.1,89,100,79.1,70.19,89,79.1,89,79.1
9874,0.153154429536,96,5,1,0,79.1,100,89,79.1,89,100,79.1,70.19,89,79.1,89,79.1
9875,0.153129427452,98,3,1,0,79.1,100,89,79.1,89,100,79.1,70.19,89,79.1,89,79.1
9876,0.153104425369,98,3,1,0,79.1,100,89,79.1,89,100,79.1,70.19,89,79.1,89,79.1
9877,0.153079423285,98,3,1,0,79.1,100,89,79.1,89,100,79.1,70.19,89,79.1,89,79.1
9878,0.153054421202,97,4,1,0,79.1,100,89,79.1,89,100,79.1,70.19,89,79.1,89,79.1
9879,0.153029419118,98,3,1,0,79.1,100,89,79.1,89,100,79.1,70.19,89,79.1,89,79.1
9880,0.153004417035,98,3,1,0,79.1,100,89,79.1,89,100,79.1,70.19,89,79.1,89,79.1
9881,0.152979414951,98,3,1,0,79.1,100,89,79.1,89,100,79.1,70.19,89,79.1,89,79.1
9882,0.152954412868,98,3,1,0,79.1,100,89,79.1,89,100,79.1,70.19,89,79.1,89,79.1
9883,0.152929410784,98,3,1,0,79.1,100,89,79.1,89,100,79.1,70.19,89,79.1,89,79.1
9884,0.152904408701,98,3,1,0,79.1,100,89,79.1,89,100,79.1,70.19,89,79.1,89,79.1
9885,0.152879406617,98,3,1,0,79.1,100,89,79.1,89,100,79.1,70.19,89,79.1,89,79.1
9886,0.152854404534,98,3,1,0,79.1,100,89,79.1,89,100,79.1,70.19,89,79.1,89,79.1
9887,0.15282940245,98,3,1,0,79.1,100,89,79.1,89,100,79.1,70.19,89,79.1,89,79.1
9888,0.152804400367,96,5,1,0,79.1,100,89,79.1,89,100,79.1,70.19,89,79.1,89,79.1
9889,0.152779398283,98,3,1,0,79.1,100,89,79.1,89,100,79.1,70.19,89,79.1,89,79.1
9890,0.1527543962,98,3,1,0,79.1,100,89,79.1,89,100,79.1,70.19,89,79.1,89,79.1
9891,0.152729394116,96,5,1,0,79.1,100,89,79.1,89,100,79.1,70.19,89,79.1,89,79.1
9892,0.152704392033,98,3,1,0,79.1,100,89,79.1,89,100,79.1,70.19,89,79.1,89,79.1
9893,0.152679389949,98,3,1,0,79.1,100,89,79.1,89,100,79.1,70.19,89,79.1,89,79.1
9894,0.152654387866,98,3,1,0,79.1,100,89,79.1,89,100,79.1,70.19,89,79.1,89,79.1
9895,0.152629385782,97,4,1,0,79.1,100,89,79.1,89,100,79.1,70.19,89,79.1,89,79.1
9896,0.152604383699,97,4,1,0,79.1,100,89,79.1,89,100,79.1,70.19,89,79.1,89,79.1
9897,0.152579381615,98,3,1,0,79.1,100,89,79.1,89,100,79.1,70.19,89,79.1,89,79.1
9898,0.152554379532,96,5,1,0,79.1,100,89,79.1,89,100,79.1,70.19,89,79.1,89,79.1
9899,0.152529377448,98,3,1,0,79.1,100,89,79.1,89,100,79.1,70.19,89,79.1,89,79.1
9900,0.152504375365,98,3,1,0,79.1,100,89,79.1,89,100,79.1,70.19,89,79.1,89,79.1
9901,0.152479373281,98,3,1,0,79.1,100,89,79.1,89,100,79.1,70.19,89,79.1,89,79.1
9902,0.152454371198,92,9,1,0,79.1,100,89,79.1,89,100,79.1,70.19,89,79.1,89,79.1
9903,0.152429369114,97,4,1,0,79.1,100,89,79.1,89,100,79.1,70.19,89,79.1,89,79.1
9904,0.152404367031,98,3,1,0,79.1,100,89,79.1,89,100,79.1,70.19,89,79.1,89,79.1
9905,0.152379364947,98,3,1,0,79.1,100,89,79.1,89,100,79.1,70.19,89,79.1,89,79.1
9906,0.152354362864,97,4,1,0,79.1,100,89,79.1,89,100,79.1,70.19,89,79.1,89,79.1
9907,0.15232936078,98,3,1,0,79.1,100,89,79.1,89,100,79.1,70.19,89,79.1,89,79.1
9908,0.152304358697,98,3,1,0,79.1,100,89,79.1,89,100,79.1,70.19,89,79.1,89,79.1
9909,0.152279356613,98,3,1,0,79.1,100,89,79.1,89,100,79.1,70.19,89,79.1,89,79.1
9910,0.15225435453,98,3,1,0,79.1,100,89,79.1,89,100,79.1,70.19,89,79.1,89,79.1
9911,0.152229352446,98,3,1,0,79.1,100,89,79.1,89,100,79.1,70.19,89,79.1,89,79.1
9912,0.152204350363,97,4,1,0,79.1,100,89,79.1,89,100,79.1,70.19,89,79.1,89,79.1
9913,0.152179348279,97,4,1,0,79.1,100,89,79.1,89,100,79.1,70.19,89,79.1,89,79.1
9914,0.152154346196,98,3,1,0,79.1,100,89,79.1,89,100,79.1,70.19,89,79.1,89,79.1
9915,0.152129344112,98,3,1,0,79.1,100,89,79.1,89,100,79.1,70.19,89,79.1,89,79.1
9916,0.152104342029,98,3,1,0,79.1,100,89,79.1,89,100,79.1,70.19,89,79.1,89,79.1
9917,0.152079339945,98,3,1,0,79.1,100,89,79.1,89,100,79.1,70.19,89,79.1,89,79.1
9918,0.152054337861,98,3,1,0,79.1,100,89,79.1,89,100,79.1,70.19,89,79.1,89,79.1
9919,0.152029335778,98,3,1,0,79.1,100,89,79.1,89,100,79.1,70.19,89,79.1,89,79.1
9920,0.152004333694,98,3,1,0,79.1,100,89,79.1,89,100,79.1,70.19,89,79.1,89,79.1
9921,0.151979331611,98,3,1,0,79.1,100,89,79.1,89,100,79.1,70.19,89,79.1,89,79.1
9922,0.151954329527,98,3,1,0,79.1,100,89,79.1,89,100,79.1,70.19,89,79.1,89,79.1
9923,0.151929327444,98,3,1,0,79.1,100,89,79.1,89,100,79.1,70.19,89,79.1,89,79.1
9924,0.15190432536,98,3,1,0,79.1,100,89,79.1,89,100,79.1,70.19,89,79.1,89,79.1
9925,0.151879323277,96,5,1,0,79.1,100,89,79.1,89,100,79.1,70.19,89,79.1,89,79.1
9926,0.151854321193,98,3,1,0,79.1,100,89,79.1,89,100,79.1,70.19,89,79.1,89,79.1
9927,0.15182931911,98,3,1,0,79.1,100,89,79.1,89,100,79.1,70.19,89,79.1,89,79.1
9928,0.151804317026,96,5,1,0,79.1,100,89,79.1,89,100,79.1,70.19,89,79.1,89,79.1
9929,0.151779314943,97,4,1,0,79.1,100,89,79.1,89,100,79.1,70.19,89,79.1,89,79.1
9930,0.151754312859,97,4,1,0,79.1,100,89,79.1,89,100,79.1,70.19,89,79.1,89,79.1
9931,0.151729310776,98,3,1,0,79.1,100,89,79.1,89,100,79.1,70.19,89,79.1,89,79.1
9932,0.151704308692,96,5,1,0,79.1,100,89,79.1,89,100,79.1,70.19,89,79.1,89,79.1
9933,0.151679306609,97,4,1,0,79.1,100,89,79.1,89,100,79.1,70.19,89,79.1,89,79.1
9934,0.151654304525,98,3,1,0,79.1,100,89,79.1,89,100,79.1,70.19,89,79.1,89,79.1
9935,0.151629302442,98,3,1,0,79.1,100,89,79.1,89,100,79.1,70.19,89,79.1,89,79.1
9936,0.151604300358,98,3,1,0,79.1,100,89,79.1,89,100,79.1,70.19,89,79.1,89,79.1
9937,0.151579298275,98,3,1,0,79.1,100,89,79.1,89,100,79.1,70.19,89,79.1,89,79.1
9938,0.151554296191,98,3,1,0,79.1,100,89,79.1,89,100,79.1,70.19,89,79.1,89,79.1
9939,0.151529294108,98,3,1,0,79.1,100,89,79.1,89,100,79.1,70.19,89,79.1,89,79.1
9940,0.151504292024,96,5,1,0,79.1,100,89,79.1,89,100,79.1,70.19,89,79.1,89,79.1
9941,0.151479289941,98,3,1,0,79.1,100,89,79.1,89,100,79.1,70.19,89,79.1,89,79.1
9942,0.151454287857,97,4,1,0,79.1,100,89,79.1,89,100,79.1,70.19,89,79.1,89,79.1
9943,0.151429285774,98,3,1,0,79.1,100,89,79.1,89,100,79.1,70.19,89,79.1,89,79.1
9944,0.15140428369,97,4,1,0,79.1,100,89,79.1,89,100,79.1,70.19,89,79.1,89,79.1
9945,0.151379281607,97,4,1,0,79.1,100,89,79.1,89,100,79.1,70.19,89,79.1,89,79.1
9946,0.151354279523,98,3,1,0,79.1,100,89,79.1,89,100,79.1,70.19,89,79.1,89,79.1
9947,0.15132927744,98,3,1,0,79.1,100,89,79.1,89,100,79.1,70.19,89,79.1,89,79.1
9948,0.151304275356,98,3,1,0,79.1,100,89,79.1,89,100,79.1,70.19,89,79.1,89,79.1
9949,0.151279273273,98,3,1,0,79.1,100,89,79.1,89,100,79.1,70.19,89,79.1,89,79.1
9950,0.151254271189,98,3,1,0,79.1,100,89,79.1,89,100,79.1,70.19,89,79.1,89,79.1
9951,0.151229269106,96,5,1,0,79.1,100,89,79.1,89,100,79.1,70.19,89,79.1,89,79.1
9952,0.151204267022,98,3,1,0,79.1,100,89,79.1,89,100,79.1,70.19,89,79.1,89,79.1
9953,0.151179264939,98,3,1,0,79.1,100,89,79.1,89,100,79.1,70.19,89,79.1,89,79.1
9954,0.151154262855,98,3,1,0,79.1,100,89,79.1,89,100,79.1,70.19,89,79.1,89,79.1
9955,0.151129260772,98,3,1,0,79.1,100,89,79.1,89,100,79.1,70.19,89,79.1,89,79.1
9956,0.151104258688,98,3,1,0,79.1,100,89,79.1,89,100,79.1,70.19,89,79.1,89,79.1
9957,0.151079256605,98,3,1,0,79.1,100,89,79.1,89,100,79.1,70.19,89,79.1,89,79.1
9958,0.151054254521,97,4,1,0,79.1,100,89,79.1,89,100,79.1,70.19,89,79.1,89,79.1
9959,0.151029252438,98,3,1,0,79.1,100,89,79.1,89,100,79.1,70.19,89,79.1,89,79.1
9960,0.151004250354,97,4,1,0,79.1,100,89,79.1,89,100,79.1,70.19,89,79.1,89,79.1
9961,0.150979248271,98,3,1,0,79.1,100,89,79.1,89,100,79.1,70.19,89,79.1,89,79.1
9962,0.150954246187,96,5,1,0,79.1,100,89,79.1,89,100,79.1,70.19,89,79.1,89,79.1
9963,0.150929244104,97,4,1,0,79.1,100,89,79.1,89,100,79.1,70.19,89,79.1,89,79.1
9964,0.15090424202,96,5,1,0,79.1,100,89,79.1,89,100,79.1,70.19,89,79.1,89,79.1
9965,0.150879239937,98,3,1,0,79.1,100,89,79.1,89,100,79.1,70.19,89,79.1,89,79.1
9966,0.150854237853,98,3,1,0,79.1,100,89,79.1,89,100,79.1,70.19,89,79.1,89,79.1
9967,0.15082923577,98,3,1,0,79.1,100,89,79.1,89,100,79.1,70.19,89,79.1,89,79.1
9968,0.150804233686,98,3,1,0,79.1,100,89,79.1,89,100,79.1,70.19,89,79.1,89,79.1
9969,0.150779231603,96,5,1,0,79.1,100,89,79.1,89,100,79.1,70.19,89,79.1,89,79.1
9970,0.150754229519,98,3,1,0,79.1,100,89,79.1,89,100,79.1,70.19,89,79.1,89,79.1
9971,0.150729227436,98,3,1,0,79.1,100,89,79.1,89,100,79.1,70.19,89,79.1,89,79.1
9972,0.150704225352,98,3,1,0,79.1,100,89,79.1,89,100,79.1,70.19,89,79.1,89,79.1
9973,0.150679223269,98,3,1,0,79.1,100,89,79.1,89,100,79.1,70.19,89,79.1,89,79.1
9974,0.150654221185,98,3,1,0,79.1,100,89,79.1,89,100,79.1,70.19,89,79.1,89,79.1
9975,0.150629219102,98,3,1,0,79.1,100,89,79.1,89,100,79.1,70.19,89,79.1,89,79.1
9976,0.150604217018,98,3,1,0,79.1,100,89,79.1,89,100,79.1,70.19,89,79.1,89,79.1
9977,0.150579214935,98,3,1,0,79.1,100,89,79.1,89,100,79.1,70.19,89,79.1,89,79.1
9978,0.150554212851,98,3,1,0,79.1,100,89,79.1,89,100,79.1,70.19,89,79.1,89,79.1
9979,0.150529210768,97,4,1,0,79.1,100,89,79.1,89,100,79.1,70.19,89,79.1,89,79.1
9980,0.150504208684,98,3,1,0,79.1,100,89,79.1,89,100,79.1,70.19,89,79.1,89,79.1
9981,0.150479206601,98,3,1,0,79.1,100,89,79.1,89,100,79.1,70.19,89,79.1,89,79.1
9982,0.150454204517,98,3,1,0,79.1,100,89,79.1,89,100,79.1,70.19,89,79.1,89,79.1
9983,0.150429202434,98,3,1,0,79.1,100,89,79.1,89,100,79.1,70.19,89,79.1,89,79.1
9984,0.15040420035,98,3,1,0,79.1,100,89,79.1,89,100,79.1,70.19,89,79.1,89,79.1
9985,0.150379198267,98,3,1,0,79.1,100,89,79.1,89,100,79.1,70.19,89,79.1,89,79.1
9986,0.150354196183,93,8,1,0,79.1,100,89,79.1,89,100,79.1,70.19,89,79.1,89,79.1
9987,0.1503291941,98,3,1,0,79.1,100,89,79.1,89,100,79.1,70.19,89,79.1,89,79.1
9988,0.150304192016,98,3,1,0,79.1,100,89,79.1,89,100,79.1,70.19,89,79.1,89,79.1
9989,0.150279189932,98,3,1,0,79.1,100,89,79.1,89,100,79.1,70.19,89,79.1,89,79.1
9990,0.150254187849,97,4,1,0,79.1,100,89,79.1,89,100,79.1,70.19,89,79.1,89,79.1
9991,0.150229185765,98,3,1,0,79.1,100,89,79.1,89,100,79.1,70.19,89,79.1,89,79.1
9992,0.150204183682,98,3,1,0,79.1,100,89,79.1,89,100,79.1,70.19,89,79.1,89,79.1
9993,0.150179181598,98,3,1,0,79.1,100,89,79.1,89,100,79.1,70.19,89,79.1,89,79.1
9994,0.150154179515,98,3,1,0,79.1,100,89,79.1,89,100,79.1,70.19,89,79.1,89,79.1
9995,0.150129177431,98,3,1,0,79.1,100,89,79.1,89,100,79.1,70.19,89,79.1,89,79.1
9996,0.150104175348,98,3,1,0,79.1,100,89,79.1,89,100,79.1,70.19,89,79.1,89,79.1
9997,0.150079173264,98,3,1,0,79.1,100,89,79.1,89,100,79.1,70.19,89,79.1,89,79.1
9998,0.150054171181,98,3,1,0,79.1,100,89,79.1,89,100,79.1,70.19,89,79.1,89,79.1
9999,0.150029169097,98,3,1,0,79.1,100,89,79.1,89,100,79.1,70.19,89,79.1,89,79.1
10000,0.150004167014,98,3,1,0,79.1,100,89,79.1,89,100,79.1,70.19,89,79.1,89,79.1
